,Crash County Description,Crash Severity Description,Reportnumber,Agencyname,CollisionImpact Description,FunctionalClass Description,ImpairedCrash,Large Vehicle Involved,Motorcycle Crash,Non-Motorist Crash,RoadName,Route Number,RouteType Description,Unrestrained Occupants,WithinDateRange,Work Zone Related,Crashdate,LOD Crash Date,Crashhour,AgencyCode,CollisionImpact,Crash County,Crash Severity,Crash Within Interchange,CrashInterchangeApproaches,CrashPoint,Crashtime,CrashYear,Dayofweek,FirstHarmEvent,FirstHarmEvent Description,FirstHarmLocation,FirstHarmLocation Description,FunctionalClass,Geometry Description,GovPropertyDamage,GovPropertyDamage Description,IntersectingRoadName,Intersection Geometry,JunctionRelated,JunctionRelated Description,Latitude,Light,Light Description,LOD Date Level,Longitude,MilepointDirection,MilepointDistance,MilepointUnits,NonTrafficFatal,OffRoad,OffroadLocation,OffroadLocation Description,RoadID,RouteType,SchoolBusRelated,SchoolBusRelated Description,SecondHarmEvent,SecondHarmEvent Description,SecondHarmLocation,SecondHarmLocation Description,Surface,Surface Description,TrafficControl,Trafficcontrol Description,Work Zone Crash,WZLawEnforcementPresent,WZLocation,WZLocation Description,WZType,WZType Description,WZWorkersPresent,Type NM Description,PersonID NM,ReportNumber NM,ActionPriorToCrash NM,ActionPriorToCrash NM Description,Age NM,City NM,ContactPoint NM,ContactPoint NM Description,DistractedByAction NM,DistractedByAction NM Description,DistractedBySource,DistractedBySource Description,Gender NM,IncidentResponder NM,IncidentResponder NM Description,InjuryStatus NM,InjuryStatus NM Description,Location NM,Location NM Description,OriginDestination NM,OriginDestination NM Description,State NM,StruckByVehID NM,Type NM,Unknown NM,ZipCode NM,geometry
105324,Prince George's,Injury Crashes,DA418100DD,Prince George's County Police,Other,Principal Arterial – Other,No,No,No,No,,1.0,UNITED STATE ROUTE,No,True,No,6/28/2024,6/28/2024,14,PGCOPD,98,16,2,No,,Point,14:47,2024,Friday,12,Motor Vehicle In Transport,9,Roadside,3.0,,,,,,9.0,Through Roadway,38.974357953,1,Daylight,2024-06-28,-76.937876437,W,10.75,F,N,No,,,8AA990066EFD109BD6A08B27CC29277D9C013BC8DC9514713895B496416DF6D9,US,1,No,15.0,Parked Vehicle,2.0,In Parking Lane Or Zone,1.0,Dry,,,No,,,,,,,,,,,,,,,,,,,,,,,,,,,,,,,,,,POINT (-76.937876437 38.974357953)
56693,Prince George's,Property Damage Crashes,DA4050005V,Prince George's County Police,Single Vehicle,,No,No,No,No,PARKING LOT,3422.0,LOCAL ROAD,No,True,No,5/4/2024,5/4/2024,3,PGCOPD,101,16,3,No,,Point,03:58,2024,Saturday,38,Traffic Sign Support,3,Median,,,100.0,Local,RIVER RD,,9.0,Through Roadway,38.975015465,3,Dark - Lighted,2024-05-04,-76.928174179,S,19.87,F,N,No,,,B59B44514AD235BBED74B57F1E33E5C6891548EE7A496D2E54EE3B0513459862,LL,1,No,41.0,Utility Pole/Light Support,3.0,Median,9.0,Wet,,,No,,,,,,,,,,,,,,,,,,,,,,,,,,,,,,,,,,POINT (-76.928174179 38.975015465)
42792,Prince George's,Property Damage Crashes,DA14540004,Prince George's County Police,Single Vehicle,Local,No,No,No,No,OLD CALVERT RD,559.0,COUNTY ROAD,No,True,No,1/20/2024,1/20/2024,3,PGCOPD,101,16,3,No,,Point,03:25,2024,Saturday,9,Animal (live),5,On Roadway,7.0,,,,,,9.0,Through Roadway,38.975676157,4,Dark - Not Lighted,2024-01-20,-76.915985083,E,16.49,F,N,No,,,3AEFF8D42B950DE593FEB629E975CEC5B1F1C85B5B5968A953046219E41655EA,CO,1,No,,,,,6.0,Slush,,,No,,,,,,,,,,,,,,,,,,,,,,,,,,,,,,,,,,POINT (-76.915985083 38.975676157)
16239,Prince George's,Property Damage Crashes,DA418600BK,Prince George's County Police,"Sideswipe, Same Direction",Principal Arterial – Other,No,No,No,No,,1.0,UNITED STATE ROUTE,No,True,No,12/5/2024,12/5/2024,18,PGCOPD,7,16,3,No,,Point,18:48,2024,Thursday,12,Motor Vehicle In Transport,5,On Roadway,3.0,,,,,,1.0,Acceleration/Deceleration Lane,38.97647402,3,Dark - Lighted,2024-12-05,-76.937891512,N,24.02,F,N,No,,,BE28BEA3CD91E278FCAE910EFA882DF91F8381D51C21C40CA3C57FF5F759BDB2,US,1,No,,,,,1.0,Dry,,,No,,,,,,,,,,,,,,,,,,,,,,,,,,,,,,,,,,POINT (-76.93789151199999 38.97647402)
59128,Prince George's,Property Damage Crashes,DA43790012,Prince George's County Police,Rear To Side,Principal Arterial – Other,No,No,No,No,,1.0,UNITED STATE ROUTE,No,True,No,11/20/2024,11/20/2024,17,PGCOPD,5,16,3,No,,Point,17:50,2024,Wednesday,12,Motor Vehicle In Transport,5,On Roadway,3.0,,,,,,1.0,Acceleration/Deceleration Lane,38.97662761,3,Dark - Lighted,2024-11-20,-76.937906901,N,19.52,F,N,No,,,9B119009C8599984614FEBAF49D33267A2B95392071612D1EB2DD485BEFFDF64,US,1,No,,,,,1.0,Dry,,,No,,,,,,,,,,,,,,,,,,,,,,,,,,,,,,,,,,POINT (-76.93790690100001 38.97662761)
982,Prince George's,Property Damage Crashes,DA4069009C,Prince George's County Police,Angle,Principal Arterial – Other,No,No,No,No,BALTIMORE AVE,1.0,UNITED STATE ROUTE,No,True,No,9/3/2024,9/3/2024,17,PGCOPD,1,16,3,No,,Point,17:17,2024,Tuesday,12,Motor Vehicle In Transport,5,On Roadway,3.0,,,,,,9.0,Through Roadway,38.976961859,1,Daylight,2024-09-03,-76.937914309,N,19.38,F,N,No,,,54EC31F2F963962A17C772535EAB2B7065C1DB44D8D698760A5D64D24882C799,US,1,No,,,,,1.0,Dry,,,No,,,,,,,,,,,,,,,,,,,,,,,,,,,,,,,,,,POINT (-76.93791430900001 38.976961859)
25406,Prince George's,Property Damage Crashes,DA27770039,Prince George's County Police,Rear To Side,,No,No,No,No,,,,No,True,No,7/31/2024,7/31/2024,12,PGCOPD,5,16,3,,,Point,12:22,2024,Wednesday,15,Parked Vehicle,2,In Parking Lane Or Zone,,,,,,,,,38.977219696,1,Daylight,2024-07-31,-76.937994282,,,F,N,Yes,102.0,Parking Lot Way,,,1,No,97.0,Not Applicable,,,,,,,No,,,,,,,,,,,,,,,,,,,,,,,,,,,,,,,,,,POINT (-76.93799428200001 38.977219696)
74310,Prince George's,Property Damage Crashes,DA41420071,Prince George's County Police,"Sideswipe, Same Direction",Principal Arterial – Other,No,No,No,No,BALTIMORE AVE,1.0,UNITED STATE ROUTE,No,True,No,10/14/2024,10/14/2024,17,PGCOPD,7,16,3,No,,Point,17:00,2024,Monday,12,Motor Vehicle In Transport,5,On Roadway,3.0,,,,,,99.0,Unknown,38.977296379,1,Daylight,2024-10-14,-76.937956962,E,10.54,F,N,No,,,48E2AB6586EA885312A7860329166255F08DC3DB7132BD784A210C9D41027EFB,US,1,No,12.0,Motor Vehicle In Transport,99.0,Unknown,1.0,Dry,,,No,,,,,,,,,,,,,,,,,,,,,,,,,,,,,,,,,,POINT (-76.937956962 38.977296379)
35008,Prince George's,Property Damage Crashes,DS05290002,University of Maryland Police College Park,"Sideswipe, Same Direction",Local,No,Yes,No,No,GUILFORD DR,550.0,MUNICIPAL ROAD,No,True,No,8/26/2024,8/26/2024,12,UMCP,7,16,3,No,,Point,12:17,2024,Monday,12,Motor Vehicle In Transport,5,On Roadway,7.0,,,,,,6.0,Non-Junction,38.977620157,1,Daylight,2024-08-26,-76.938126856,S,34.23,F,N,No,,,EFFBD3696F3B4863E751FE8642C99FC992FF416B34A6839EADD88745ADFFA88A,MU,1,No,,,,,1.0,Dry,,,No,,,,,,,,,,,,,,,,,,,,,,,,,,,,,,,,,,POINT (-76.938126856 38.977620157)
2078,Prince George's,Property Damage Crashes,DA3393000T,Prince George's County Police,Front to Rear,Principal Arterial – Other,No,No,No,No,BALTIMORE AVE (SB/L),1.0,UNITED STATE ROUTE,No,True,No,11/17/2024,11/17/2024,17,PGCOPD,3,16,3,No,,Point,17:00,2024,Sunday,12,Motor Vehicle In Transport,5,On Roadway,3.0,,,,,,6.0,Non-Junction,38.977664005,101,Dusk,2024-11-17,-76.937962981,N,20.05,F,N,No,,,B91844A6AF40631A57ADD64972BECCF6B1329D1AB892FC3B98AF0F70B1106443,US,1,No,,,,,1.0,Dry,,,No,,,,,,,,,,,,,,,,,,,,,,,,,,,,,,,,,,POINT (-76.937962981 38.977664005)
59268,Prince George's,Property Damage Crashes,DA4293002X,Prince George's County Police,Front to Rear,Principal Arterial – Other,No,Yes,No,No,BALTIMORE AVE (SB/L),1.0,UNITED STATE ROUTE,No,True,No,5/9/2024,5/9/2024,16,PGCOPD,3,16,3,No,,Point,16:51,2024,Thursday,12,Motor Vehicle In Transport,5,On Roadway,3.0,,,,,,6.0,Non-Junction,38.977881206,1,Daylight,2024-05-09,-76.93798683,S,29.25,F,N,No,,,D9E09719EF9A38166CE9D3F5FB54C143E6A8FC8C761F08F0A884AE0BA74E646E,US,1,No,,,,,1.0,Dry,,,No,,,,,,,,,,,,,,,,,,,,,,,,,,,,,,,,,,POINT (-76.93798683 38.977881206)
18697,Prince George's,Property Damage Crashes,DA418600BM,Prince George's County Police,Front to Rear,Major Collector,No,Yes,No,No,RIVER RD (NB/L),431.0,MARYLAND ROUTE,No,True,No,12/5/2024,12/5/2024,21,PGCOPD,3,16,3,Yes,,Point,21:44,2024,Thursday,12,Motor Vehicle In Transport,5,On Roadway,5.0,,,,,,99.0,Unknown,38.977999474,3,Dark - Lighted,2024-12-05,-76.926536511,N,3.03,F,N,No,,,16FC022AA767A923939A6BF6EDBD4B761F712E63B3FD07654992FA78C1CAB9A5,MD,1,No,,,,,2.0,Ice/Frost,,,No,,,,,,,,,,,,,,,,,,,,,,,,,,,,,,,,,,POINT (-76.92653651099999 38.977999474)
75552,Prince George's,Property Damage Crashes,DA4387000L,Prince George's County Police,Unknown,Major Collector,No,No,No,No,RIVER RD,431.0,MARYLAND ROUTE,No,True,No,6/3/2024,6/3/2024,0,PGCOPD,99,16,3,No,,Point,00:07,2024,Monday,12,Motor Vehicle In Transport,5,On Roadway,5.0,,,,CAMPUS DR CAMPUS DR (NB/L),,99.0,Unknown,38.978102512,3,Dark - Lighted,2024-06-03,-76.926391676,N,28.35,F,N,No,,,D26FF4A2CC420EAF59C1128A380FF12C913BB1D829FD4C33450B7EF6B8E6E3E0,MD,1,No,,,,,1.0,Dry,,,No,,,,,,,,,,,,,,,,,,,,,,,,,,,,,,,,,,POINT (-76.92639167599999 38.978102512)
9199,Prince George's,Property Damage Crashes,DS0426001D,University of Maryland Police College Park,Rear To Side,,No,Yes,No,No,,,,No,True,No,2/15/2024,2/15/2024,10,UMCP,5,16,3,,,Point,10:18,2024,Thursday,12,Motor Vehicle In Transport,2,In Parking Lane Or Zone,,,,,,,,,38.97828996,1,Daylight,2024-02-15,-76.940149645,,,F,N,Yes,102.0,Parking Lot Way,,,1,No,97.0,Not Applicable,,,,,,,No,,,,,,,,,,,,,,,,,,,,,,,,,,,,,,,,,,POINT (-76.94014964500001 38.97828996)
68226,Prince George's,Property Damage Crashes,DS05160008,University of Maryland Police College Park,"Sideswipe, Opposite Direction",Minor Arterial,No,No,No,No,CAMPUS DR,3642.0,COUNTY ROAD,No,True,No,5/13/2024,5/13/2024,9,UMCP,6,16,3,No,,Point,09:45,2024,Monday,12,Motor Vehicle In Transport,5,On Roadway,4.0,,,,RIVER RD RIVER RD (NB/L),,6.0,Non-Junction,38.978300381,1,Daylight,2024-05-13,-76.926447047,S,56.1,F,N,No,,,3509BF46CF5216172993048BEF1AACF5BB0FC1B9F35B420CFA94B6FC51EB3D21,CO,1,No,,,,,1.0,Dry,,,No,,,,,,,,,,,,,,,,,,,,,,,,,,,,,,,,,,POINT (-76.926447047 38.978300381)
31160,Prince George's,Property Damage Crashes,MSP78650003,Maryland State Police,Front to Rear,Principal Arterial – Other,No,No,No,No,BALTIMORE AVE (SB/L),1.0,UNITED STATE ROUTE,No,True,No,11/20/2024,11/20/2024,12,MSP,3,16,3,No,4.0,Point,12:09,2024,Wednesday,12,Motor Vehicle In Transport,5,On Roadway,3.0,Perpendicular,,,CALVERT RD,3.0,5.0,Intersection or Related,38.978456033,1,Daylight,2024-11-20,-76.938124665,E,0.0,F,N,No,,,B0B1A4B8B9EDC73FEA85F2ED580D30D831F9DDE70ACCD361420DEAB13C82A6AC,US,1,No,,,,,1.0,Dry,1.0,Signalized,No,,,,,,,,,,,,,,,,,,,,,,,,,,,,,,,,,,POINT (-76.938124665 38.978456033)
70107,Prince George's,Property Damage Crashes,DA41020075,Prince George's County Police,Front to Rear,Minor Arterial,No,No,No,No,CAMPUS DR,431.0,MARYLAND ROUTE,No,True,No,2/1/2024,2/1/2024,0,PGCOPD,3,16,3,No,,Point,00:36,2024,Thursday,12,Motor Vehicle In Transport,5,On Roadway,4.0,,,,,,6.0,Non-Junction,38.978468771,3,Dark - Lighted,2024-02-01,-76.926541413,N,34.3,F,N,No,,,B7D4A7CCF7E0D32431C17E875D1BEC2AFF3C099DBD4FD8359B54E3328729675D,MD,1,No,12.0,Motor Vehicle In Transport,5.0,On Roadway,1.0,Dry,,,No,,,,,,,,,,,,,,,,,,,,,,,,,,,,,,,,,,POINT (-76.926541413 38.978468771)
1760,Prince George's,Property Damage Crashes,DA306200CY,Prince George's County Police,Single Vehicle,,No,No,No,No,,,,No,True,No,8/6/2024,8/6/2024,22,PGCOPD,101,16,3,,,Point,22:17,2024,Tuesday,35,"Other Fixed Object (wall, building, tunnel, etc.)",2,In Parking Lane Or Zone,,,,,,,,,38.979238471,3,Dark - Lighted,2024-08-06,-76.939104025,,,F,N,Yes,102.0,Parking Lot Way,,,1,No,,,,,,,,,No,,,,,,,,,,,,,,,,,,,,,,,,,,,,,,,,,,POINT (-76.93910402500001 38.979238471)
63132,Prince George's,Property Damage Crashes,DA4293002P,Prince George's County Police,Rear To Rear,,No,No,No,No,,,,No,True,No,4/6/2024,4/6/2024,18,PGCOPD,4,16,3,,,Point,18:11,2024,Saturday,15,Parked Vehicle,8,Outside Road/Right-Of-Way,,,,,,,,,38.979440858,1,Daylight,2024-04-06,-76.938555458,,,F,N,Yes,102.0,Parking Lot Way,,,1,No,,,,,,,,,No,,,,,,,,,,,,,,,,,,,,,,,,,,,,,,,,,,POINT (-76.938555458 38.979440858)
14018,Prince George's,Property Damage Crashes,DA4193007D,Prince George's County Police,Front to Front,Major Collector,No,Yes,No,No,HARTWICK RD,561.0,MUNICIPAL ROAD,Yes,True,No,9/17/2024,9/17/2024,17,PGCOPD,2,16,3,Yes,4.0,Point,17:10,2024,Tuesday,12,Motor Vehicle In Transport,5,On Roadway,5.0,Perpendicular,,,BALTIMORE AVE,3.0,5.0,Intersection or Related,38.979591354,1,Daylight,2024-09-17,-76.937825545,W,0.0,F,N,No,,,2DCCD59002CE7D810E45CD96758473BA6A9DADE70B71E50F909E51E8DC114CE9,MU,1,No,,,,,9.0,Wet,1.0,Signalized,No,,,,,,,,,,,,,,,,,,,,,,,,,,,,,,,,,,POINT (-76.937825545 38.979591354)
14688,Prince George's,Property Damage Crashes,DA4050005F,Prince George's County Police,"Sideswipe, Same Direction",Local,No,No,No,No,GUILFORD DR,550.0,MUNICIPAL ROAD,No,True,No,1/28/2024,1/28/2024,9,PGCOPD,7,16,3,No,,Point,09:30,2024,Sunday,15,Parked Vehicle,5,On Roadway,7.0,,,,,,9.0,Through Roadway,38.979666366,99,Unknown,2024-01-28,-76.942416591,S,27.8,F,N,No,,,7E4B092C5BA270CE8C27C13350238153A17C4396B27E4F91C19DC741273AE043,MU,1,No,,,,,1.0,Dry,,,No,,,,,,,,,,,,,,,,,,,,,,,,,,,,,,,,,,POINT (-76.942416591 38.979666366)
95580,Prince George's,Property Damage Crashes,DA418100CM,Prince George's County Police,Unknown,Major Collector,No,No,No,Yes,GUILFORD DR (WB/L),550.0,MUNICIPAL ROAD,No,True,No,3/10/2024,3/10/2024,23,PGCOPD,99,16,3,No,3.0,Point,23:20,2024,Sunday,14,Other Non-Motorist,5,On Roadway,5.0,Perpendicular,,,HARTWICK RD,3.0,5.0,Intersection or Related,38.979880904,3,Dark - Lighted,2024-03-10,-76.942350908,S,0.0,F,N,No,,,D1D0DC5CC8AB456E3755489247B2C8D8B0932B043C58FB715333D82426B8B094,MU,1,No,,,,,1.0,Dry,2.0,Stop - All Way,No,,,,,,,Unknown Type Of Non-Motorist,37fd55f4-f514-4c57-b8b5-5aa52ab26290,DA418100CM,101.0,Cross/Enter Not at Intersection,19.0,BURTONSVILLE,3.0,Right,0.0,Not Distracted,,,M,1.0,No,5.0,No Apparent Injury,1.0,Intersection – Marked Crosswalk,97.0,Not Applicable,MD,1de85cb9-76aa-4148-a2f3-970515a9d180,9.0,N,20866,POINT (-76.94235090799999 38.979880904)
73409,Prince George's,Property Damage Crashes,DA3496001M,Prince George's County Police,"Sideswipe, Opposite Direction",Minor Arterial,No,Yes,No,No,CAMPUS DR,431.0,MARYLAND ROUTE,No,True,No,7/10/2024,7/10/2024,8,PGCOPD,6,16,3,No,,Point,08:49,2024,Wednesday,12,Motor Vehicle In Transport,5,On Roadway,4.0,,100.0,Local,,,9.0,Through Roadway,38.980186067,1,Daylight,2024-07-10,-76.927161537,N,10.68,F,N,No,,,E604DE675B301062CDD7DCBFB83D8943CCAFCF14CA98D5B33FDD1027F99397CC,MD,1,No,12.0,Motor Vehicle In Transport,5.0,On Roadway,1.0,Dry,,,No,,,,,,,,,,,,,,,,,,,,,,,,,,,,,,,,,,POINT (-76.927161537 38.980186067)
26445,Prince George's,Property Damage Crashes,DA418100CQ,Prince George's County Police,Front to Rear,Major Collector,No,No,No,No,GUILFORD DR,550.0,MUNICIPAL ROAD,No,True,No,3/29/2024,3/29/2024,0,PGCOPD,3,16,3,No,,Point,00:46,2024,Friday,12,Motor Vehicle In Transport,9,Roadside,5.0,,,,,,9.0,Through Roadway,38.980303137,3,Dark - Lighted,2024-03-29,-76.943488883,N,38.55,F,N,No,,,0735F94E1AA5BFBD07EF2AD33F321264BF738FF0F4146B92C301CDF31DB3146B,MU,1,No,15.0,Parked Vehicle,2.0,In Parking Lane Or Zone,1.0,Dry,,,No,,,,,,,,,,,,,,,,,,,,,,,,,,,,,,,,,,POINT (-76.943488883 38.980303137)
83944,Prince George's,Property Damage Crashes,DS05300002,University of Maryland Police College Park,Rear To Side,,No,No,No,No,,,,No,True,No,12/18/2024,12/18/2024,21,UMCP,5,16,3,,,Point,21:10,2024,Wednesday,12,Motor Vehicle In Transport,4,"Off-Roadway, Location Unknown",,,101.0,State,,,,,38.980332081,3,Dark - Lighted,2024-12-18,-76.938766046,,,F,N,Yes,102.0,Parking Lot Way,,,1,No,12.0,Motor Vehicle In Transport,4.0,"Off-Roadway, Location Unknown",,,,,No,,,,,,,,,,,,,,,,,,,,,,,,,,,,,,,,,,POINT (-76.938766046 38.980332081)
98028,Prince George's,Injury Crashes,DA4060005V,Prince George's County Police,Single Vehicle,Local,No,No,No,Yes,KNOX RD,670.0,MUNICIPAL ROAD,No,True,No,4/19/2024,4/19/2024,19,PGCOPD,101,16,2,No,,Point,19:18,2024,Friday,17,Pedestrian,5,On Roadway,7.0,,,,,,6.0,Non-Junction,38.980721378,101,Dusk,2024-04-19,-76.937360056,N,18.03,F,N,No,,,DEC78EC4E8C9AA4BB59BA9E9C4A4FC23F0770AC01D2A420725214436DBADEA65,MU,1,No,97.0,Not Applicable,,,1.0,Dry,,,No,,,,,,,Pedestrian,90f8b4da-3785-44dc-b4cc-9a30649ea88a,DA4060005V,5.0,Walking/Cycling Along Roadway Against Traffic (In or Adjacent to Travel Lane),26.0,HYATTSVILLE,9.0,Left,0.0,Not Distracted,,,M,1.0,No,3.0,Suspected Minor Injury,7.0,Travel Lane – Other Location,2.0,Transit,MD,76c309e9-1fc0-4ee9-86d5-a91c471e15bb,6.0,N,20785,POINT (-76.937360056 38.980721378)
59355,Prince George's,Property Damage Crashes,DA4193007H,Prince George's County Police,Front to Rear,,No,No,No,No,,,,No,True,No,10/10/2024,10/10/2024,13,PGCOPD,3,16,3,,,Point,13:35,2024,Thursday,12,Motor Vehicle In Transport,4,"Off-Roadway, Location Unknown",,,,,,,,,38.980831723,1,Daylight,2024-10-10,-76.938773411,,,F,N,Yes,102.0,Parking Lot Way,,,1,No,,,,,,,,,No,,,,,,,,,,,,,,,,,,,,,,,,,,,,,,,,,,POINT (-76.938773411 38.980831723)
55151,Prince George's,Property Damage Crashes,DA4193007G,Prince George's County Police,Front to Rear,,No,No,No,No,,,,No,True,No,10/5/2024,10/5/2024,11,PGCOPD,3,16,3,,,Point,11:42,2024,Saturday,12,Motor Vehicle In Transport,4,"Off-Roadway, Location Unknown",,,,,,,,,38.98086983,1,Daylight,2024-10-05,-76.938773919,,,F,N,Yes,102.0,Parking Lot Way,,,1,No,,,,,,,,,No,,,,,,,,,,,,,,,,,,,,,,,,,,,,,,,,,,POINT (-76.938773919 38.98086983)
55509,Prince George's,Property Damage Crashes,DS0283000Z,University of Maryland Police College Park,"Sideswipe, Same Direction",Principal Arterial – Other,No,No,No,No,BALTIMORE AVE,1.0,UNITED STATE ROUTE,Yes,True,No,9/12/2024,9/12/2024,23,UMCP,7,16,3,No,4.0,Point,23:10,2024,Thursday,12,Motor Vehicle In Transport,5,On Roadway,3.0,Perpendicular,,,KNOX RD,3.0,5.0,Intersection or Related,38.980890585,3,Dark - Lighted,2024-09-12,-76.937877911,S,0.0,F,N,No,,,DA044D68DA1524857E05639D347DB6A60AF71787DA04A021B0D53B849B9ED767,US,1,No,,,,,1.0,Dry,1.0,Signalized,No,,,,,,,,,,,,,,,,,,,,,,,,,,,,,,,,,,POINT (-76.937877911 38.980890585)
33872,Prince George's,Property Damage Crashes,DA418100CX,Prince George's County Police,"Sideswipe, Opposite Direction",Minor Arterial,No,No,No,No,CAMPUS DR,431.0,MARYLAND ROUTE,No,True,No,4/26/2024,4/26/2024,19,PGCOPD,6,16,3,No,,Point,19:28,2024,Friday,12,Motor Vehicle In Transport,5,On Roadway,4.0,,100.0,Local,,,9.0,Through Roadway,38.981003443,1,Daylight,2024-04-26,-76.927414961,N,23.0,F,N,No,,,5AF003A92A31BD57332C839CB905008D51B002A6ABC3CD84A95818D5CF56C075,MD,1,No,97.0,Not Applicable,,,1.0,Dry,,,No,,,,,,,,,,,,,,,,,,,,,,,,,,,,,,,,,,POINT (-76.927414961 38.981003443)
16995,Prince George's,Injury Crashes,DS05240008,University of Maryland Police College Park,Single Vehicle,Local,No,No,No,Yes,KNOX RD,670.0,MUNICIPAL ROAD,No,True,No,11/12/2024,11/12/2024,16,UMCP,101,16,2,No,,Point,16:04,2024,Tuesday,17,Pedestrian,5,On Roadway,7.0,,,,,,10.0,"Other Location Not Listed Above Within an Interchange Area (median,
shoulder and roadside)",38.98110748,1,Daylight,2024-11-12,-76.940812399,E,16.93,F,N,No,,,F35FDA997AE319C0CB1EDA7DF651EB578E81EA6D2D6EF1DC246FF5EB4D563062,MU,1,No,,,,,1.0,Dry,,,No,,,,,,,Pedestrian,5cc5bb5e-71e3-4a4e-8da5-6e80084aae3d,DS05240008,98.0,Other,21.0,WAKE FOREST,3.0,Right,3.0,"Other Action (looking away from task, etc.)",2.0,Hand-Held Mobile Phone,F,1.0,No,3.0,Suspected Minor Injury,1.0,Intersection – Marked Crosswalk,99.0,Unknown,NC,64b522cc-4dd8-44b1-82a4-6532c53cfa4f,6.0,N,27587,POINT (-76.940812399 38.98110748)
29885,Prince George's,Property Damage Crashes,DS05240004,University of Maryland Police College Park,Front to Front,Local,No,No,No,No,KNOX RD,670.0,MUNICIPAL ROAD,No,True,No,7/19/2024,7/19/2024,10,UMCP,2,16,3,No,,Point,10:19,2024,Friday,12,Motor Vehicle In Transport,5,On Roadway,7.0,,,,,,3.0,Driveway Access or Related,38.981111699,1,Daylight,2024-07-19,-76.939931124,W,25.84,F,N,No,,,AD24AAA9BF7139165FE48A3884F92A21A8D1FC2780A3EA31CD0D670D48FC2D96,MU,1,No,,,,,1.0,Dry,,,No,,,,,,,,,,,,,,,,,,,,,,,,,,,,,,,,,,POINT (-76.939931124 38.981111699)
77673,Prince George's,Property Damage Crashes,DS0531000B,University of Maryland Police College Park,Single Vehicle,Local,No,Yes,No,No,KNOX RD,670.0,MUNICIPAL ROAD,No,True,No,12/19/2024,12/19/2024,5,UMCP,101,16,3,No,,Point,05:35,2024,Thursday,41,Utility Pole/Light Support,9,Roadside,7.0,,101.0,State,,,9.0,Through Roadway,38.981144041,3,Dark - Lighted,2024-12-19,-76.940087194,W,34.62,F,N,No,,,308CF12665BFF8CE367DB8D1BD2134CA1C6D89B571F7F017DA3BCFB8591D27E5,MU,1,No,,,,,1.0,Dry,,,No,,,,,,,,,,,,,,,,,,,,,,,,,,,,,,,,,,POINT (-76.940087194 38.981144041)
61051,Prince George's,Property Damage Crashes,DS04830011,University of Maryland Police College Park,"Sideswipe, Same Direction",Principal Arterial – Other,No,Yes,No,No,BALTIMORE AVE,1.0,UNITED STATE ROUTE,No,True,No,5/2/2024,5/2/2024,15,UMCP,7,16,3,No,,Point,15:22,2024,Thursday,12,Motor Vehicle In Transport,5,On Roadway,3.0,,,,,,6.0,Non-Junction,38.981219545,1,Daylight,2024-05-02,-76.937867751,S,20.59,F,N,No,,,DA92B2E72DB14C6BC6F6380877ECF372B03EAB1F17F6561B3CE63C6D1580367B,US,1,No,12.0,Motor Vehicle In Transport,5.0,On Roadway,1.0,Dry,,,No,,,,,,,,,,,,,,,,,,,,,,,,,,,,,,,,,,POINT (-76.937867751 38.981219545)
82021,Prince George's,Property Damage Crashes,DS05080009,University of Maryland Police College Park,Single Vehicle,,No,No,No,Yes,,94.0,STATE ROAD,No,True,No,1/20/2024,1/20/2024,16,UMCP,101,16,3,No,,Point,16:17,2024,Saturday,14,Other Non-Motorist,5,On Roadway,,,,,PREINKERT DR,,6.0,Non-Junction,38.981278317,1,Daylight,2024-01-20,-76.944831077,S,6.1,F,N,No,,,99DE1284270CE13E21CCF764EA7634FB3C9BC78C55AAD6D44D9AC8A7C553FC85,SR,1,No,,,,,2.0,Ice/Frost,,,No,,,,,,,Scooter (electric),856197ab-a83c-43fc-b78f-3cf6a2eadef9,DS05080009,100.0,Cross/Enter at Intersection,18.0,NEW MARKET,6.0,Rear,99.0,Unknown,99.0,Unknown,F,98.0,Other,5.0,No Apparent Injury,2.0,Intersection – Unmarked Crosswalk,97.0,Not Applicable,MD,e6126858-f15d-422e-ad87-7676a550913d,102.0,N,21774,POINT (-76.944831077 38.981278317)
94583,Prince George's,Property Damage Crashes,DA4193007B,Prince George's County Police,"Sideswipe, Same Direction",Local,No,No,No,No,COLLEGE AVE,270.0,MUNICIPAL ROAD,No,True,No,9/6/2024,9/6/2024,11,PGCOPD,7,16,3,No,,Point,11:03,2024,Friday,12,Motor Vehicle In Transport,5,On Roadway,7.0,,,,,,6.0,Non-Junction,38.981422021,1,Daylight,2024-09-06,-76.934692725,E,27.08,F,N,No,,,2D94E17E79B96AD4D5FDA7BF280FDDFFA80F1B8209D8C758C28EDC0AB0A343FA,MU,1,No,,,,,1.0,Dry,,,No,,,,,,,,,,,,,,,,,,,,,,,,,,,,,,,,,,POINT (-76.934692725 38.981422021)
25184,Prince George's,Property Damage Crashes,DS0457000P,University of Maryland Police College Park,Single Vehicle,Local,Yes,No,No,No,LEHIGH AVE,710.0,MUNICIPAL ROAD,No,True,No,5/13/2024,5/13/2024,5,UMCP,101,16,3,No,2.0,Point,05:40,2024,Monday,27,Curb,3,Median,7.0,Perpendicular,101.0,State,BALTIMORE AVE,3.0,5.0,Intersection or Related,38.981575257,1,Daylight,2024-05-13,-76.937790327,S,0.0,F,N,No,,,3D373215F242FD8712A6FFAD654FC497BCA0B0B1084608DCB34B8C8E9C5A9861,MU,1,No,36.0,"Other Post, Pole, Or Support",3.0,Median,1.0,Dry,5.0,No Controls,No,,,,,,,,,,,,,,,,,,,,,,,,,,,,,,,,,,POINT (-76.937790327 38.981575257)
24154,Prince George's,Property Damage Crashes,DA418100D2,Prince George's County Police,"Sideswipe, Same Direction",Local,No,No,No,No,YALE AVE,1260.0,MUNICIPAL ROAD,No,True,No,5/19/2024,5/19/2024,9,PGCOPD,7,16,3,No,,Point,09:30,2024,Sunday,15,Parked Vehicle,2,In Parking Lane Or Zone,7.0,,,,,,9.0,Through Roadway,38.981627019,1,Daylight,2024-05-19,-76.936321827,W,1.51,F,N,No,,,244FA346B549BFB52427F117588DACDE93C20F1CB5B8559D7554535985801CD5,MU,1,No,,,,,1.0,Dry,,,No,,,,,,,,,,,,,,,,,,,,,,,,,,,,,,,,,,POINT (-76.936321827 38.981627019)
60803,Prince George's,Property Damage Crashes,DS05290004,University of Maryland Police College Park,Rear To Side,Local,No,Yes,No,No,LEHIGH RD,92.0,STATE ROAD,No,True,No,11/21/2024,11/21/2024,8,UMCP,5,16,3,No,,Point,08:23,2024,Thursday,12,Motor Vehicle In Transport,5,On Roadway,7.0,,,,,,6.0,Non-Junction,38.981704074,1,Daylight,2024-11-21,-76.943471538,E,21.2,F,N,No,,,F6A160F5309816C62CC8D145B27ADDDEAF953EE6B9801DA634EE70F252BC18E4,SR,1,No,,,,,1.0,Dry,,,No,,,,,,,,,,,,,,,,,,,,,,,,,,,,,,,,,,POINT (-76.943471538 38.981704074)
62241,Prince George's,Property Damage Crashes,DS0242001V,University of Maryland Police College Park,Front to Rear,Local,No,No,No,No,LEHIGH RD,715.0,MUNICIPAL ROAD,No,True,No,5/17/2024,5/17/2024,11,UMCP,3,16,3,No,,Point,11:45,2024,Friday,12,Motor Vehicle In Transport,5,On Roadway,7.0,,,,BALTIMORE AVE (SB/L),,6.0,Non-Junction,38.981778022,1,Daylight,2024-05-17,-76.937963424,N,14.92,F,N,No,,,E1D5DB775DBFE810B698784B507485312896C3281086B13BC7F45BE21EC35850,MU,1,No,97.0,Not Applicable,,,1.0,Dry,,,No,,,,,,,,,,,,,,,,,,,,,,,,,,,,,,,,,,POINT (-76.937963424 38.981778022)
80878,Prince George's,Property Damage Crashes,DA3447003W,Prince George's County Police,Angle,Local,No,Yes,No,No,YALE AVE,1260.0,MUNICIPAL ROAD,No,True,No,7/22/2024,7/22/2024,10,PGCOPD,1,16,3,Yes,4.0,Point,10:53,2024,Monday,12,Motor Vehicle In Transport,5,On Roadway,7.0,Perpendicular,100.0,Local,COLLEGE AVE,3.0,5.0,Intersection or Related,38.981862172,1,Daylight,2024-07-22,-76.936239859,S,0.0,F,N,No,,,6F10C87D633DC4B71EC30DA6D16860B1BB0B873B6270EC71EA2335B996C96F1F,MU,1,No,,,,,1.0,Dry,2.0,Stop - All Way,No,,,,,,,,,,,,,,,,,,,,,,,,,,,,,,,,,,POINT (-76.936239859 38.981862172)
34317,Prince George's,Property Damage Crashes,DS0503000P,University of Maryland Police College Park,"Sideswipe, Same Direction",Local,No,No,No,No,COLLEGE AVE,270.0,MUNICIPAL ROAD,No,True,No,9/9/2024,9/9/2024,17,UMCP,7,16,3,Yes,,Point,17:44,2024,Monday,12,Motor Vehicle In Transport,5,On Roadway,7.0,,,,,,9.0,Through Roadway,38.981899696,1,Daylight,2024-09-09,-76.936773358,S,4.42,F,N,No,,,F57C65F7AD1A4206551E2DC6FF2F41C006213C596270BE1201C52BC87D893E44,MU,1,No,12.0,Motor Vehicle In Transport,5.0,On Roadway,1.0,Dry,,,No,,,,,,,,,,,,,,,,,,,,,,,,,,,,,,,,,,POINT (-76.936773358 38.981899696)
340,Prince George's,Property Damage Crashes,DS05160005,University of Maryland Police College Park,Front to Rear,Local,No,Yes,No,No,COLLEGE AVE,270.0,MUNICIPAL ROAD,No,True,No,4/18/2024,4/18/2024,14,UMCP,3,16,3,No,,Point,14:30,2024,Thursday,15,Parked Vehicle,2,In Parking Lane Or Zone,7.0,,,,,,6.0,Non-Junction,38.981953658,1,Daylight,2024-04-18,-76.936980469,E,18.47,F,N,No,,,E8607BC5FA1C087315592ADB5CE7B89FC969CE69E856F6FCF799D47718901F41,MU,1,No,,,,,1.0,Dry,,,No,,,,,,,,,,,,,,,,,,,,,,,,,,,,,,,,,,POINT (-76.93698046900001 38.981953658)
103574,Prince George's,Property Damage Crashes,DA41030091,Prince George's County Police,Angle,Principal Arterial – Other,No,No,No,No,BALTIMORE AVE,1.0,UNITED STATE ROUTE,No,True,No,6/9/2024,6/9/2024,7,PGCOPD,1,16,3,No,,Point,07:39,2024,Sunday,12,Motor Vehicle In Transport,5,On Roadway,3.0,,,,,,6.0,Non-Junction,38.982116013,1,Daylight,2024-06-09,-76.937998815,N,63.78,F,N,No,,,7E099D58C4DAC2D591C0249E47D720FA864272854F3E2E328D565AF220686D81,US,1,No,,,,,1.0,Dry,,,No,,,,,,,,,,,,,,,,,,,,,,,,,,,,,,,,,,POINT (-76.937998815 38.982116013)
48014,Prince George's,Property Damage Crashes,DS05240006,University of Maryland Police College Park,Single Vehicle,Local,Yes,No,No,No,REGENTS DR,162.0,STATE ROAD,No,True,No,10/3/2024,10/3/2024,23,UMCP,101,16,3,No,,Point,23:40,2024,Thursday,27,Curb,9,Roadside,7.0,,,,,,6.0,Non-Junction,38.982545805,3,Dark - Lighted,2024-10-03,-76.939366441,W,38.2,F,N,No,,,970D7B2F0BC0EEADEE3E1D90E4540A3A16823A88ABD72CE3EA7960E233039055,SR,1,No,,,,,1.0,Dry,,,No,,,,,,,,,,,,,,,,,,,,,,,,,,,,,,,,,,POINT (-76.939366441 38.982545805)
105069,Prince George's,Property Damage Crashes,DA3965007Z,Prince George's County Police,"Sideswipe, Opposite Direction",,No,Yes,No,No,CAMPUS DR,2235.0,LOCAL ROAD,No,True,Yes,2/12/2024,2/12/2024,8,PGCOPD,6,16,3,Yes,,Point,08:57,2024,Monday,12,Motor Vehicle In Transport,5,On Roadway,,,,,CAMPUS DR,,99.0,Unknown,38.982706039,1,Daylight,2024-02-12,-76.928513573,S,18.98,F,N,No,,,F179C53360799BFF5C42AF59B2BCECE39C623802C77AA1C1A50DDAAE75EAF039,LL,1,No,12.0,Motor Vehicle In Transport,9.0,Roadside,1.0,Dry,,,Yes,N,4.0,Activity Area,2.0,Lane Shift/Crossover,Yes,,,,,,,,,,,,,,,,,,,,,,,,,,,,POINT (-76.928513573 38.982706039)
43362,Prince George's,Property Damage Crashes,DS04980009,University of Maryland Police College Park,Rear To Rear,Local,No,No,No,No,REGENTS DR,162.0,STATE ROAD,No,True,No,3/8/2024,3/8/2024,15,UMCP,4,16,3,No,,Point,15:16,2024,Friday,15,Parked Vehicle,2,In Parking Lane Or Zone,7.0,,101.0,State,,,6.0,Non-Junction,38.9827545,1,Daylight,2024-03-08,-76.9399416,E,56.56,F,N,No,,,E8D347AE0D4854C674896C9D73D0F09265DE4BB8F3691C3A3BBD1445518428B8,SR,1,No,,,,,1.0,Dry,,,No,,,,,,,,,,,,,,,,,,,,,,,,,,,,,,,,,,POINT (-76.9399416 38.9827545)
87413,Prince George's,Property Damage Crashes,DS0458000Y,University of Maryland Police College Park,Front to Rear,,No,Yes,No,No,,,,No,True,No,3/12/2024,3/12/2024,12,UMCP,3,16,3,,,Point,12:39,2024,Tuesday,15,Parked Vehicle,4,"Off-Roadway, Location Unknown",,,,,,,,,38.98275674,1,Daylight,2024-03-12,-76.943826623,,,F,N,Yes,104.0,Service Road,,,1,No,,,,,,,,,No,,,,,,,,,,,,,,,,,,,,,,,,,,,,,,,,,,POINT (-76.94382662300001 38.98275674)
98081,Prince George's,Property Damage Crashes,DS05160003,University of Maryland Police College Park,Front to Front,,Yes,No,No,No,,,,Yes,True,No,2/24/2024,2/24/2024,10,UMCP,2,16,3,,,Point,10:25,2024,Saturday,12,Motor Vehicle In Transport,2,In Parking Lane Or Zone,,,,,,,,,38.982804204,1,Daylight,2024-02-24,-76.937410171,,,F,N,Yes,102.0,Parking Lot Way,,,1,No,,,,,,,,,No,,,,,,,,,,,,,,,,,,,,,,,,,,,,,,,,,,POINT (-76.937410171 38.982804204)
6845,Prince George's,Property Damage Crashes,DS0391002B,University of Maryland Police College Park,Rear To Rear,,No,No,No,No,,,,No,True,No,11/25/2024,11/25/2024,7,UMCP,4,16,3,,,Point,07:20,2024,Monday,15,Parked Vehicle,2,In Parking Lane Or Zone,,,,,,,,,38.982838266,1,Daylight,2024-11-25,-76.93747334,,,F,N,Yes,100.0,Parking Stall,,,1,No,12.0,Motor Vehicle In Transport,2.0,In Parking Lane Or Zone,,,,,No,,,,,,,,,,,,,,,,,,,,,,,,,,,,,,,,,,POINT (-76.93747334 38.982838266)
27744,Prince George's,Property Damage Crashes,DS0502000M,University of Maryland Police College Park,Front to Rear,,No,No,No,No,NO NAME,649.0,LOCAL ROAD,No,True,No,10/23/2024,10/23/2024,15,UMCP,3,16,3,No,,Point,15:11,2024,Wednesday,12,Motor Vehicle In Transport,5,On Roadway,,,,,BALTIMORE AVE (SB/L),,6.0,Non-Junction,38.982845164,1,Daylight,2024-10-23,-76.937952564,S,15.12,F,N,No,,,7283ED1589E5E3717FD6BD1410E3084B7817A237AFACE5C5A0DE7B2B5F823DDC,LL,1,No,,,,,1.0,Dry,,,No,,,,,,,,,,,,,,,,,,,,,,,,,,,,,,,,,,POINT (-76.937952564 38.982845164)
42327,Prince George's,Property Damage Crashes,DS04500011,University of Maryland Police College Park,Single Vehicle,,No,No,No,No,,,,Yes,True,No,9/11/2024,9/11/2024,7,UMCP,101,16,3,,,Point,07:00,2024,Wednesday,35,"Other Fixed Object (wall, building, tunnel, etc.)",2,In Parking Lane Or Zone,,,101.0,State,,,,,38.982872431,1,Daylight,2024-09-11,-76.93693939,,,F,N,Yes,101.0,Parking Aisle,,,1,No,,,,,,,,,No,,,,,,,,,,,,,,,,,,,,,,,,,,,,,,,,,,POINT (-76.93693939000001 38.982872431)
5139,Prince George's,Property Damage Crashes,DS0450000Y,University of Maryland Police College Park,Single Vehicle,,No,No,No,No,,,,No,True,No,5/7/2024,5/7/2024,16,UMCP,101,16,3,,,Point,16:50,2024,Tuesday,35,"Other Fixed Object (wall, building, tunnel, etc.)",2,In Parking Lane Or Zone,,,101.0,State,,,,,38.982911777,1,Daylight,2024-05-07,-76.936703353,,,F,N,Yes,102.0,Parking Lot Way,,,1,No,97.0,Not Applicable,,,,,,,No,,,,,,,,,,,,,,,,,,,,,,,,,,,,,,,,,,POINT (-76.936703353 38.982911777)
28280,Prince George's,Property Damage Crashes,DS0242001T,University of Maryland Police College Park,Single Vehicle,,No,No,No,No,,,,No,True,No,4/22/2024,4/22/2024,10,UMCP,101,16,3,,,Point,10:00,2024,Monday,35,"Other Fixed Object (wall, building, tunnel, etc.)",4,"Off-Roadway, Location Unknown",,,101.0,State,,,,,38.98303996,1,Daylight,2024-04-22,-76.936000718,,,F,N,Yes,102.0,Parking Lot Way,,,1,No,97.0,Not Applicable,,,,,,,No,,,,,,,,,,,,,,,,,,,,,,,,,,,,,,,,,,POINT (-76.936000718 38.98303996)
104669,Prince George's,Property Damage Crashes,DS0502000H,University of Maryland Police College Park,Single Vehicle,,No,No,No,No,,,,No,True,No,5/15/2024,5/15/2024,10,UMCP,101,16,3,,,Point,10:06,2024,Wednesday,36,"Other Post, Pole, Or Support",2,In Parking Lane Or Zone,,,,,,,,,38.983127045,1,Daylight,2024-05-15,-76.942469439,,,F,N,Yes,102.0,Parking Lot Way,,,1,No,,,,,,,,,No,,,,,,,,,,,,,,,,,,,,,,,,,,,,,,,,,,POINT (-76.94246943900001 38.983127045)
28451,Prince George's,Property Damage Crashes,DA3965007Y,Prince George's County Police,"Sideswipe, Opposite Direction",,No,Yes,No,No,,294.0,BIKE ROUTE,No,True,No,2/5/2024,2/5/2024,21,PGCOPD,6,16,3,No,,Point,21:28,2024,Monday,12,Motor Vehicle In Transport,5,On Roadway,,,,,,,9.0,Through Roadway,38.983501928,5,Dark - Unknown Lighting,2024-02-05,-76.930834189,N,5.49,F,N,No,,,2D59300BF5A65A24B457CD027A136242E973001134E9C98D5A6540B3944C90C9,BK,1,No,12.0,Motor Vehicle In Transport,5.0,On Roadway,1.0,Dry,,,No,,,,,,,,,,,,,,,,,,,,,,,,,,,,,,,,,,POINT (-76.930834189 38.983501928)
38350,Prince George's,Property Damage Crashes,DS05250002,University of Maryland Police College Park,"Sideswipe, Opposite Direction",,No,Yes,No,No,,294.0,BIKE ROUTE,No,True,No,8/21/2024,8/21/2024,19,UMCP,6,16,3,No,,Point,19:16,2024,Wednesday,12,Motor Vehicle In Transport,5,On Roadway,,,,,CAMPUS DR,,6.0,Non-Junction,38.983517973,101,Dusk,2024-08-21,-76.930817319,S,13.23,F,N,No,,,781DADDC5189B518C594A8B25E98221199A8C9311035D73B49DEC718AD0FDCF4,BK,1,No,,,,,1.0,Dry,,,No,,,,,,,,,,,,,,,,,,,,,,,,,,,,,,,,,,POINT (-76.930817319 38.983517973)
25538,Prince George's,Property Damage Crashes,DS0506000C,University of Maryland Police College Park,"Sideswipe, Opposite Direction",Minor Arterial,No,Yes,No,No,,431.0,MARYLAND ROUTE,Yes,True,Yes,5/30/2024,5/30/2024,18,UMCP,6,16,3,No,,Point,18:00,2024,Thursday,12,Motor Vehicle In Transport,5,On Roadway,4.0,,,,,,6.0,Non-Junction,38.983573259,1,Daylight,2024-05-30,-76.930336648,W,190.07,F,N,No,,,DCEA65B70E98BFEB662F1B4730DF7FC848A3F9BEF48E39A632A9AFABA7565F12,MD,1,No,12.0,Motor Vehicle In Transport,5.0,On Roadway,1.0,Dry,,,Yes,N,1.0,Before the First Work Zone Warning Sign,5.0,Other Type of Work Zone,No,,,,,,,,,,,,,,,,,,,,,,,,,,,,POINT (-76.93033664799999 38.983573259)
25266,Prince George's,Property Damage Crashes,DA3965008G,Prince George's County Police,Single Vehicle,Local,No,Yes,No,No,BRYN MAWR RD,170.0,MUNICIPAL ROAD,Yes,True,No,10/22/2024,10/22/2024,16,PGCOPD,101,16,3,Yes,,Point,16:50,2024,Tuesday,36,"Other Post, Pole, Or Support",5,On Roadway,7.0,,,,,,9.0,Through Roadway,38.98364206,1,Daylight,2024-10-22,-76.910540092,N,27.11,F,N,No,,,13ACC1DB98060774FA6409E09F6C764A58DAF80C8810625B9813EF288BDDB8CE,MU,2,"Yes, School Bus Directly Involved",,,,,1.0,Dry,,,No,,,,,,,,,,,,,,,,,,,,,,,,,,,,,,,,,,POINT (-76.91054009200001 38.98364206)
85724,Prince George's,Property Damage Crashes,DS0357001S,University of Maryland Police College Park,"Sideswipe, Opposite Direction",Local,No,No,No,No,REGENTS DR,162.0,STATE ROAD,No,True,No,5/21/2024,5/21/2024,11,UMCP,6,16,3,No,,Point,11:04,2024,Tuesday,12,Motor Vehicle In Transport,5,On Roadway,7.0,,,,,,6.0,Non-Junction,38.9837078,1,Daylight,2024-05-21,-76.94005017,N,15.72,F,N,No,,,8DB819C44A5D9A3763A6F553957D0E81DD6D9FA8586692C4D410AD5314B232CC,SR,1,No,,,,,1.0,Dry,,,No,,,,,,,,,,,,,,,,,,,,,,,,,,,,,,,,,,POINT (-76.94005017000001 38.9837078)
5776,Prince George's,Injury Crashes,DS0458000Z,University of Maryland Police College Park,Single Vehicle,Local,No,No,No,Yes,REGENTS DR,162.0,STATE ROAD,No,True,No,3/14/2024,3/14/2024,11,UMCP,101,16,2,No,,Point,11:01,2024,Thursday,14,Other Non-Motorist,5,On Roadway,7.0,,,,,,6.0,Non-Junction,38.984521213,1,Daylight,2024-03-14,-76.940137419,E,11.31,F,N,No,,,9273A19B8D18A2B54B300BC90D00FCC2CDC85C1CE9735228CB2D80D7C7EB3A19,SR,1,No,,,,,1.0,Dry,,,No,,,,,,,Scooter (electric),f962c55f-0c07-4cf8-886f-358212ad5bd7,DS0458000Z,100.0,Cross/Enter at Intersection,21.0,UPPER MARLBORO,9.0,Left,99.0,Unknown,99.0,Unknown,M,1.0,No,4.0,Possible Injury,3.0,Intersection – Other,97.0,Not Applicable,MD,36756340-b493-4d54-9f02-33eb491059a6,102.0,N,20772,POINT (-76.940137419 38.984521213)
42631,Prince George's,Injury Crashes,DA37740076,Prince George's County Police,Single Vehicle,Local,No,No,No,Yes,FRATERNITY ROW,82.0,STATE ROAD,No,True,No,2/21/2024,2/21/2024,14,PGCOPD,101,16,2,Yes,2.0,Point,14:03,2024,Wednesday,17,Pedestrian,5,On Roadway,7.0,Perpendicular,,,BALTIMORE AVE,3.0,5.0,Intersection or Related,38.984546859,1,Daylight,2024-02-21,-76.937445076,S,0.0,F,N,No,,,2DAC0D5A467C7ED94BEB5B20449C168AB944026409E0AD655956D9CEDED18396,SR,1,No,,,,,1.0,Dry,1.0,Signalized,No,,,,,,,Pedestrian,ec0bf826-f022-4a25-afe5-f8357ce8ffb5,DA37740076,100.0,Cross/Enter at Intersection,21.0,BEL AIR,9.0,Left,0.0,Not Distracted,,,M,1.0,No,3.0,Suspected Minor Injury,1.0,Intersection – Marked Crosswalk,1.0,School,MD,06c7db30-4482-4ca5-abb5-ce7889052444,6.0,N,21015,POINT (-76.937445076 38.984546859)
88473,Prince George's,Property Damage Crashes,DS04830015,University of Maryland Police College Park,Single Vehicle,Major Collector,No,No,No,No,CAMPUS DR,193.0,MARYLAND ROUTE,No,True,Yes,9/2/2024,9/2/2024,21,UMCP,101,16,3,No,,Point,21:46,2024,Monday,27,Curb,9,Roadside,5.0,,,,,,6.0,Non-Junction,38.984623759,3,Dark - Lighted,2024-09-02,-76.950642056,W,19.42,F,N,No,,,B518DFE4BDADE30EC92BAAD93AF1FAC13CE821A56D0EB5C93F6CF4257E18BBDC,MD,1,No,,,,,1.0,Dry,,,Yes,N,4.0,Activity Area,4.0,Intermittent or Moving Work,No,,,,,,,,,,,,,,,,,,,,,,,,,,,,POINT (-76.95064205600001 38.984623759)
70255,Prince George's,Property Damage Crashes,DS05200002,University of Maryland Police College Park,Front to Rear,Major Collector,No,No,No,No,CAMPUS DR (WB/L),193.0,MARYLAND ROUTE,No,True,No,1/15/2024,1/15/2024,8,UMCP,3,16,3,No,4.0,Point,08:06,2024,Monday,12,Motor Vehicle In Transport,9,Roadside,5.0,Roundabout/Traffic Circle,,,,2.0,5.0,Intersection or Related,38.984745518,1,Daylight,2024-01-15,-76.949101399,N,0.0,F,N,No,,,4F18A0D4EBBBF314E7E1F5AD182296BBFEF05B14D59B1481E35D6036570E302F,MD,1,No,12.0,Motor Vehicle In Transport,9.0,Roadside,7.0,Snow,4.0,Yield,No,,,,,,,,,,,,,,,,,,,,,,,,,,,,,,,,,,POINT (-76.949101399 38.984745518)
89979,Prince George's,Property Damage Crashes,DS04210029,University of Maryland Police College Park,Single Vehicle,,No,No,No,No,,,,No,True,No,10/4/2024,10/4/2024,8,UMCP,101,16,3,,,Point,08:24,2024,Friday,36,"Other Post, Pole, Or Support",4,"Off-Roadway, Location Unknown",,,101.0,State,,,,,38.984930931,1,Daylight,2024-10-04,-76.939395178,,,F,N,Yes,104.0,Service Road,,,1,No,97.0,Not Applicable,,,,,,,No,,,,,,,,,,,,,,,,,,,,,,,,,,,,,,,,,,POINT (-76.939395178 38.984930931)
24173,Prince George's,Property Damage Crashes,DA3319000J,Prince George's County Police,Front to Rear,Major Collector,No,No,No,No,CAMPUS DR,193.0,MARYLAND ROUTE,No,True,No,3/8/2024,3/8/2024,18,PGCOPD,3,16,3,No,,Point,18:28,2024,Friday,12,Motor Vehicle In Transport,5,On Roadway,5.0,,,,,,6.0,Non-Junction,38.98514299,3,Dark - Lighted,2024-03-08,-76.953533655,S,14.72,F,N,No,,,E61F94528AD8C939D8373CCA30DEE7F7B552EDFF1E1E8630FD27E739BE5C1872,MD,1,No,,,,,1.0,Dry,,,No,,,,,,,,,,,,,,,,,,,,,,,,,,,,,,,,,,POINT (-76.953533655 38.98514299)
18241,Prince George's,Property Damage Crashes,MSP7665005B,Maryland State Police,"Sideswipe, Opposite Direction",Minor Arterial,No,Yes,No,No,,431.0,MARYLAND ROUTE,No,True,No,2/6/2024,2/6/2024,15,MSP,6,16,3,No,,Point,15:02,2024,Tuesday,12,Motor Vehicle In Transport,5,On Roadway,4.0,,,,,,6.0,Non-Junction,38.985156779,1,Daylight,2024-02-06,-76.932912337,N,22.58,F,N,No,,,F105D6FF84ADBD8CC1F248B13DBC2DD49CA189BDC398E60F123B42B051E31700,MD,1,No,,,,,1.0,Dry,,,No,,,,,,,,,,,,,,,,,,,,,,,,,,,,,,,,,,POINT (-76.932912337 38.985156779)
38925,Prince George's,Property Damage Crashes,DS04210025,University of Maryland Police College Park,Front to Rear,Principal Arterial – Other,No,No,No,No,BALTIMORE AVE,1.0,UNITED STATE ROUTE,No,True,Yes,4/12/2024,4/12/2024,9,UMCP,3,16,3,No,,Point,09:58,2024,Friday,12,Motor Vehicle In Transport,5,On Roadway,3.0,,,,,,9.0,Through Roadway,38.985189981,1,Daylight,2024-04-12,-76.937160228,N,5.81,F,N,No,,,8752FF8F0F635EA3FFA59E54475C39DED77A63C333A0C9719487E050AC3ED3F1,US,1,No,97.0,Not Applicable,,,1.0,Dry,,,Yes,N,3.0,Transition Area,3.0,Work on Shoulder or Median,No,,,,,,,,,,,,,,,,,,,,,,,,,,,,POINT (-76.937160228 38.985189981)
39462,Prince George's,Property Damage Crashes,DS05020006,University of Maryland Police College Park,Single Vehicle,,No,No,No,No,,,,No,True,No,2/13/2024,2/13/2024,13,UMCP,101,16,3,,,Point,13:15,2024,Tuesday,35,"Other Fixed Object (wall, building, tunnel, etc.)",4,"Off-Roadway, Location Unknown",,,,,,,,,38.985206213,1,Daylight,2024-02-13,-76.94266557,,,F,N,Yes,104.0,Service Road,,,1,No,,,,,,,,,No,,,,,,,,,,,,,,,,,,,,,,,,,,,,,,,,,,POINT (-76.94266557 38.985206213)
32483,Prince George's,Property Damage Crashes,DA3965008L,Prince George's County Police,Single Vehicle,Local,No,No,No,No,BRYN MAWR RD,170.0,MUNICIPAL ROAD,Yes,True,No,12/9/2024,12/9/2024,1,PGCOPD,101,16,3,No,,Point,01:44,2024,Monday,35,"Other Fixed Object (wall, building, tunnel, etc.)",4,"Off-Roadway, Location Unknown",7.0,,,,,,99.0,Unknown,38.985219643,5,Dark - Unknown Lighting,2024-12-09,-76.91245425,E,34.93,F,N,No,,,B8658E53146213D2C2257427D7645904AC90E271AF82AF03F5D255DE8ABBF1F2,MU,1,No,,,,,1.0,Dry,,,No,,,,,,,,,,,,,,,,,,,,,,,,,,,,,,,,,,POINT (-76.91245425 38.985219643)
46242,Prince George's,Property Damage Crashes,DS0426001G,University of Maryland Police College Park,"Sideswipe, Same Direction",Major Collector,No,Yes,No,No,CAMPUS DR (WB/L),193.0,MARYLAND ROUTE,No,True,Yes,2/29/2024,2/29/2024,15,UMCP,7,16,3,No,,Point,15:20,2024,Thursday,12,Motor Vehicle In Transport,5,On Roadway,5.0,,,,,,6.0,Non-Junction,38.985297426,1,Daylight,2024-02-29,-76.953860268,W,52.21,F,N,No,,,DD4E09F5AEAF7AE23DD57E45C0B5CCC8F8AEEAEB49FF47C7773F76EF78E7015B,MD,1,No,12.0,Motor Vehicle In Transport,5.0,On Roadway,1.0,Dry,,,Yes,N,2.0,Advance Warning Area,3.0,Work on Shoulder or Median,Yes,,,,,,,,,,,,,,,,,,,,,,,,,,,,POINT (-76.953860268 38.985297426)
79441,Prince George's,Property Damage Crashes,DS0478000H,University of Maryland Police College Park,Single Vehicle,,No,No,No,No,,,,No,True,No,4/15/2024,4/15/2024,3,UMCP,101,16,3,,,Point,03:34,2024,Monday,13,Other Non-Fixed Object,4,"Off-Roadway, Location Unknown",,,,,,,,,38.985456128,3,Dark - Lighted,2024-04-15,-76.942878696,,,F,N,Yes,104.0,Service Road,,,1,No,,,,,,,,,No,,,,,,,,,,,,,,,,,,,,,,,,,,,,,,,,,,POINT (-76.94287869599999 38.985456128)
5459,Prince George's,Property Damage Crashes,DA43630009,Prince George's County Police,"Sideswipe, Same Direction",Local,No,No,No,No,EHRENSBERGER DR,65.0,STATE ROAD,No,True,No,7/3/2024,7/3/2024,19,PGCOPD,7,16,3,No,2.0,Point,19:00,2024,Wednesday,12,Motor Vehicle In Transport,5,On Roadway,7.0,Perpendicular,,,CAMPUS DR (WB/L),3.0,5.0,Intersection or Related,38.985463582,1,Daylight,2024-07-03,-76.954825437,S,0.0,F,N,No,,,E2766BB5DAA9D8D531E8D9D7D1D1F2E3212581A0965BC36A395D2288C2BC6587,SR,1,No,12.0,Motor Vehicle In Transport,5.0,On Roadway,1.0,Dry,1.0,Signalized,No,,,,,,,,,,,,,,,,,,,,,,,,,,,,,,,,,,POINT (-76.954825437 38.985463582)
85999,Prince George's,Property Damage Crashes,DS0243002H,University of Maryland Police College Park,Single Vehicle,,No,No,No,Yes,,2269.0,PRIVATE ROAD,No,True,No,10/31/2024,10/31/2024,9,UMCP,101,16,3,No,2.0,Point,09:35,2024,Thursday,14,Other Non-Motorist,5,On Roadway,,Perpendicular,,,REGENTS DR,3.0,5.0,Intersection or Related,38.985550038,1,Daylight,2024-10-31,-76.940149686,N,0.0,F,N,No,,,7792096057E858EE6EEF354B9FF53DA8E0157CB50588764B37CE95B6CE1320DF,PV,1,No,,,,,1.0,Dry,2.0,Stop - All Way,No,,,,,,,Scooter (electric),3b3506b1-2738-459c-9a5d-a45113a61ec4,DS0243002H,6.0,Walking/Cycling Along Roadway With Traffic (In or Adjacent to Travel Lane),20.0,NASHVILLE,12.0,Front,0.0,Not Distracted,,,M,1.0,No,5.0,No Apparent Injury,7.0,Travel Lane – Other Location,2.0,Transit,TN,b6875231-87a8-4f5d-b539-acfe7f1712c4,102.0,N,37211,POINT (-76.940149686 38.985550038)
59262,Prince George's,Property Damage Crashes,DA4268005Q,Prince George's County Police,Other,Principal Arterial – Other,No,No,No,No,BALTIMORE AVE (SB/L),1.0,UNITED STATE ROUTE,No,True,No,6/5/2024,6/5/2024,17,PGCOPD,98,16,3,No,4.0,Point,17:18,2024,Wednesday,12,Motor Vehicle In Transport,5,On Roadway,3.0,Perpendicular,,,ROSSBOROUGH LA,3.0,5.0,Intersection or Related,38.985681439,1,Daylight,2024-06-05,-76.937086534,S,0.0,F,N,No,,,767EE75D98C9078DACDD99F0FF3892C25E736FB7B8238CEE27F76DBEB1A7BF33,US,1,No,,,,,9.0,Wet,2.0,Stop - All Way,No,,,,,,,,,,,,,,,,,,,,,,,,,,,,,,,,,,POINT (-76.937086534 38.985681439)
11723,Prince George's,Property Damage Crashes,DS0499000C,University of Maryland Police College Park,Front to Rear,,No,No,No,No,,,,No,True,No,10/20/2024,10/20/2024,4,UMCP,3,16,3,,,Point,04:25,2024,Sunday,12,Motor Vehicle In Transport,9,Roadside,,,,,,,,,38.985691824,3,Dark - Lighted,2024-10-20,-76.944595928,,,F,N,Yes,104.0,Service Road,,,1,No,15.0,Parked Vehicle,9.0,Roadside,,,,,No,,,,,,,,,,,,,,,,,,,,,,,,,,,,,,,,,,POINT (-76.944595928 38.985691824)
36053,Prince George's,Property Damage Crashes,DS0415001T,University of Maryland Police College Park,Single Vehicle,,No,No,No,Yes,ALUMNI DR,321.0,LOCAL ROAD,No,True,No,9/16/2024,9/16/2024,8,UMCP,101,16,3,No,,Point,08:30,2024,Monday,14,Other Non-Motorist,2,In Parking Lane Or Zone,,,,,,,6.0,Non-Junction,38.985865651,1,Daylight,2024-09-16,-76.949023295,S,29.11,F,N,No,,,353AB1B6A9B67024796216EEB525172A65ED6FA17F780C1AB17FF1A89CD448BF,LL,1,No,97.0,Not Applicable,,,1.0,Dry,,,No,,,,,,,Scooter (electric),990e8926-5647-43f8-9257-bbee261a44bf,DS0415001T,6.0,Walking/Cycling Along Roadway With Traffic (In or Adjacent to Travel Lane),20.0,WALDORF,9.0,Left,0.0,Not Distracted,,,M,1.0,No,5.0,No Apparent Injury,98.0,Other,97.0,Not Applicable,MD,7305fe96-46e3-4847-b50c-c42c781cf6ca,102.0,N,20603,POINT (-76.949023295 38.985865651)
20552,Prince George's,Property Damage Crashes,DS0483000X,University of Maryland Police College Park,"Sideswipe, Same Direction",,No,Yes,No,No,,,,No,True,No,1/16/2024,1/16/2024,7,UMCP,7,16,3,,,Point,07:35,2024,Tuesday,15,Parked Vehicle,2,In Parking Lane Or Zone,,,,,,,,,38.986083021,1,Daylight,2024-01-16,-76.938121142,,,F,N,Yes,100.0,Parking Stall,,,1,No,97.0,Not Applicable,,,,,,,No,,,,,,,,,,,,,,,,,,,,,,,,,,,,,,,,,,POINT (-76.938121142 38.986083021)
19975,Prince George's,Property Damage Crashes,DA42680050,Prince George's County Police,"Sideswipe, Same Direction",,No,No,No,No,,8.0,SPUR,No,True,No,1/31/2024,1/31/2024,19,PGCOPD,7,16,3,Yes,,Point,19:45,2024,Wednesday,12,Motor Vehicle In Transport,5,On Roadway,,,,,,,4.0,Entrance/Exit Ramp or Related,38.986124193,3,Dark - Lighted,2024-01-31,-76.955608297,N,35.75,F,N,No,,,BB43DA7D030EEA61DDC121332846973AF81F1708ACC1EFA580F10B1CA57B0DFF,SP,1,No,,,,,1.0,Dry,,,No,,,,,,,,,,,,,,,,,,,,,,,,,,,,,,,,,,POINT (-76.955608297 38.986124193)
90410,Prince George's,Injury Crashes,DS0503000G,University of Maryland Police College Park,Front to Rear,Principal Arterial – Other,No,No,No,No,BALTIMORE AVE,1.0,UNITED STATE ROUTE,No,True,No,3/25/2024,3/25/2024,20,UMCP,3,16,2,No,,Point,20:06,2024,Monday,12,Motor Vehicle In Transport,5,On Roadway,3.0,,,,,,6.0,Non-Junction,38.986213823,3,Dark - Lighted,2024-03-25,-76.936636085,N,6.11,F,N,No,,,15CA37A48FBA77B2AF1CC2387E048EC7C4D2FB6AE06CDED498AD8CF9F293663A,US,1,No,12.0,Motor Vehicle In Transport,5.0,On Roadway,1.0,Dry,,,No,,,,,,,,,,,,,,,,,,,,,,,,,,,,,,,,,,POINT (-76.936636085 38.986213823)
1520,Prince George's,Property Damage Crashes,DA4293002M,Prince George's County Police,"Sideswipe, Same Direction",Principal Arterial – Other,No,No,No,No,BALTIMORE AVE (SB/L),1.0,UNITED STATE ROUTE,No,True,No,3/9/2024,3/9/2024,4,PGCOPD,7,16,3,No,,Point,04:00,2024,Saturday,12,Motor Vehicle In Transport,5,On Roadway,3.0,,,,,,6.0,Non-Junction,38.986333861,3,Dark - Lighted,2024-03-09,-76.936049462,W,178.98,F,N,No,,,8D448E1A2B80E22B2C3C262930CD4E86BEFD6DD19C2B5119C5701FB77F72C270,US,1,No,12.0,Motor Vehicle In Transport,5.0,On Roadway,1.0,Dry,,,No,,,,,,,,,,,,,,,,,,,,,,,,,,,,,,,,,,POINT (-76.936049462 38.986333861)
36154,Prince George's,Property Damage Crashes,DS0503000B,University of Maryland Police College Park,Single Vehicle,,Yes,No,No,No,,8.0,SPUR,No,True,No,2/12/2024,2/12/2024,6,UMCP,101,16,3,Yes,,Point,06:47,2024,Monday,36,"Other Post, Pole, Or Support",10,Separator/Traffic Island,,,,,,,4.0,Entrance/Exit Ramp or Related,38.986338703,100,Dawn,2024-02-12,-76.955678035,S,45.49,F,N,No,,,BB43DA7D030EEA61DDC121332846973AF81F1708ACC1EFA580F10B1CA57B0DFF,SP,1,No,41.0,Utility Pole/Light Support,10.0,Separator/Traffic Island,1.0,Dry,,,No,,,,,,,,,,,,,,,,,,,,,,,,,,,,,,,,,,POINT (-76.95567803500001 38.986338703)
94319,Prince George's,Property Damage Crashes,DS0520000G,University of Maryland Police College Park,Angle,,No,No,No,No,,,,No,True,No,7/24/2024,7/24/2024,12,UMCP,1,16,3,,,Point,12:37,2024,Wednesday,15,Parked Vehicle,4,"Off-Roadway, Location Unknown",,,,,,,,,38.986405464,1,Daylight,2024-07-24,-76.938922092,,,F,N,Yes,100.0,Parking Stall,,,1,No,,,,,,,,,No,,,,,,,,,,,,,,,,,,,,,,,,,,,,,,,,,,POINT (-76.938922092 38.986405464)
71577,Prince George's,Property Damage Crashes,DA3641009J,Prince George's County Police,Front to Front,Principal Arterial – Other,No,No,No,No,UNIVERSITY BLVD,193.0,MARYLAND ROUTE,No,True,Yes,12/26/2024,12/26/2024,0,PGCOPD,2,16,3,No,4.0,Point,00:18,2024,Thursday,12,Motor Vehicle In Transport,5,On Roadway,3.0,Angled/Skewed,,,ADELPHI RD,1.0,5.0,Intersection or Related,38.986436052,3,Dark - Lighted,2024-12-26,-76.955843993,S,0.0,F,N,No,,,3787E71234EF14CC4B20604DCDA7E73657B3FB998C8250878B242AE772FB567C,MD,1,No,,,,,1.0,Dry,1.0,Signalized,Yes,N,2.0,Advance Warning Area,5.0,Other Type of Work Zone,No,,,,,,,,,,,,,,,,,,,,,,,,,,,,POINT (-76.955843993 38.986436052)
39422,Prince George's,Property Damage Crashes,DS0504000H,University of Maryland Police College Park,Rear To Side,,No,No,No,No,,2269.0,PRIVATE ROAD,No,True,No,4/28/2024,4/28/2024,17,UMCP,5,16,3,No,,Point,17:40,2024,Sunday,12,Motor Vehicle In Transport,2,In Parking Lane Or Zone,,,101.0,State,,,6.0,Non-Junction,38.986440275,1,Daylight,2024-04-28,-76.938816103,W,13.19,F,N,No,,,2C159D60C6C91AFB48AC767A329692855F37FA1CD157249837D5CD8DCC30C2E0,PV,1,No,15.0,Parked Vehicle,2.0,In Parking Lane Or Zone,1.0,Dry,,,No,,,,,,,,,,,,,,,,,,,,,,,,,,,,,,,,,,POINT (-76.93881610299999 38.986440275)
8452,Prince George's,Property Damage Crashes,DS0502000D,University of Maryland Police College Park,Single Vehicle,,No,No,No,No,HOTEL DR,2231.0,LOCAL ROAD,No,True,No,3/25/2024,3/25/2024,10,UMCP,101,16,3,No,,Point,10:04,2024,Monday,27,Curb,9,Roadside,,,101.0,State,,,6.0,Non-Junction,38.986441507,1,Daylight,2024-03-25,-76.935424946,S,24.15,F,N,No,,,CD08B27969DC7F642791C3A7E2D856145459969E086D74CA73E15B9CF0BB1EB3,LL,1,No,13.0,Other Non-Fixed Object,9.0,Roadside,1.0,Dry,,,No,,,,,,,,,,,,,,,,,,,,,,,,,,,,,,,,,,POINT (-76.935424946 38.986441507)
95374,Prince George's,Property Damage Crashes,DS0502000C,University of Maryland Police College Park,Other,,No,No,No,No,,2269.0,PRIVATE ROAD,No,True,No,3/7/2024,3/7/2024,13,UMCP,98,16,3,No,,Point,13:28,2024,Thursday,15,Parked Vehicle,2,In Parking Lane Or Zone,,,,,,,6.0,Non-Junction,38.986457041,1,Daylight,2024-03-07,-76.939096925,E,14.7,F,N,No,,,1A196C8FDBB6A3E8C2F740623262DB3447F1FD7A20BE6C1476B7E2F9CC2DADBC,PV,1,No,,,,,1.0,Dry,,,No,,,,,,,,,,,,,,,,,,,,,,,,,,,,,,,,,,POINT (-76.939096925 38.986457041)
79116,Prince George's,Property Damage Crashes,DS0426001J,University of Maryland Police College Park,Rear To Rear,,No,No,No,No,,,,No,True,No,8/20/2024,8/20/2024,13,UMCP,4,16,3,,,Point,13:39,2024,Tuesday,12,Motor Vehicle In Transport,2,In Parking Lane Or Zone,,,101.0,State,,,,,38.986505507,1,Daylight,2024-08-20,-76.950484431,,,F,N,Yes,101.0,Parking Aisle,,,1,No,15.0,Parked Vehicle,2.0,In Parking Lane Or Zone,,,,,No,,,,,,,,,,,,,,,,,,,,,,,,,,,,,,,,,,POINT (-76.95048443100001 38.986505507)
78732,Prince George's,Property Damage Crashes,DS04830018,University of Maryland Police College Park,"Sideswipe, Opposite Direction",,No,No,No,No,,,,No,True,No,9/26/2024,9/26/2024,11,UMCP,6,16,3,,,Point,11:33,2024,Thursday,15,Parked Vehicle,2,In Parking Lane Or Zone,,,,,,,,,38.98651611,1,Daylight,2024-09-26,-76.939020011,,,F,N,Yes,100.0,Parking Stall,,,1,No,12.0,Motor Vehicle In Transport,2.0,In Parking Lane Or Zone,,,,,No,,,,,,,,,,,,,,,,,,,,,,,,,,,,,,,,,,POINT (-76.939020011 38.98651611)
3143,Prince George's,Property Damage Crashes,DA3126000S,Prince George's County Police,Front to Rear,Principal Arterial – Other,No,No,No,No,BALTIMORE AVE,1.0,UNITED STATE ROUTE,No,True,No,3/15/2024,3/15/2024,22,PGCOPD,3,16,3,No,,Point,22:30,2024,Friday,12,Motor Vehicle In Transport,99,Unknown,3.0,,,,,,99.0,Unknown,38.9865476,3,Dark - Lighted,2024-03-15,-76.9356836,W,187.02,F,N,No,,,129DEC2DFFCCB4BD6D8879F6C7E04EE22890A5E354ABD44401C96F6B1DAFF624,US,1,No,,,,,9.0,Wet,,,No,,,,,,,,,,,,,,,,,,,,,,,,,,,,,,,,,,POINT (-76.9356836 38.9865476)
1683,Prince George's,Property Damage Crashes,DA4331002G,Prince George's County Police,Single Vehicle,,No,No,No,No,,,,Yes,True,No,5/6/2024,5/6/2024,7,PGCOPD,101,16,3,,,Point,07:34,2024,Monday,30,Fence,4,"Off-Roadway, Location Unknown",,,,,,,,,38.986556435,1,Daylight,2024-05-06,-76.927994229,,,F,N,Yes,102.0,Parking Lot Way,,,1,No,40.0,Tree (standing),4.0,"Off-Roadway, Location Unknown",,,,,No,,,,,,,,,,,,,,,,,,,,,,,,,,,,,,,,,,POINT (-76.92799422900001 38.986556435)
76213,Prince George's,Property Damage Crashes,DA302000F4,Prince George's County Police,"Sideswipe, Same Direction",Principal Arterial – Other,No,No,No,No,UNIVERSITY BLVD,193.0,MARYLAND ROUTE,No,True,No,10/23/2024,10/23/2024,17,PGCOPD,7,16,3,No,,Point,17:05,2024,Wednesday,12,Motor Vehicle In Transport,5,On Roadway,3.0,,,,,,6.0,Non-Junction,38.986595997,1,Daylight,2024-10-23,-76.955620279,N,32.67,F,N,No,,,78D9B4AF88F95C95FEFC529736A2A4DE732CDFBB8DF9C5A1B4685DF4CB470F3E,MD,1,No,,,,,1.0,Dry,,,No,,,,,,,,,,,,,,,,,,,,,,,,,,,,,,,,,,POINT (-76.955620279 38.986595997)
93983,Prince George's,Property Damage Crashes,DA3396001V,Prince George's County Police,"Sideswipe, Same Direction",Minor Arterial,No,No,No,No,ADELPHI RD (NB/L),232.0,COUNTY ROAD,No,True,No,4/30/2024,4/30/2024,15,PGCOPD,7,16,3,Yes,5.0,Point,15:23,2024,Tuesday,12,Motor Vehicle In Transport,5,On Roadway,4.0,Angled/Skewed,,,UNIVERSITY BLVD (WB/L),1.0,5.0,Intersection or Related,38.986634847,1,Daylight,2024-04-30,-76.955872656,N,0.0,F,N,No,,,5AB53A40772891F95D0F76B4E447F86FD0EADDEC03B8C0926B8E9A804E98692B,CO,1,No,97.0,Not Applicable,,,1.0,Dry,1.0,Signalized,No,,,,,,,,,,,,,,,,,,,,,,,,,,,,,,,,,,POINT (-76.955872656 38.986634847)
13557,Prince George's,Property Damage Crashes,DS0494000J,University of Maryland Police College Park,Rear To Rear,,No,No,No,No,,,,No,True,No,5/12/2024,5/12/2024,16,UMCP,4,16,3,,,Point,16:55,2024,Sunday,15,Parked Vehicle,2,In Parking Lane Or Zone,,,,,,,,,38.986689017,1,Daylight,2024-05-12,-76.954539542,,,F,N,Yes,101.0,Parking Aisle,,,1,No,,,,,,,,,No,,,,,,,,,,,,,,,,,,,,,,,,,,,,,,,,,,POINT (-76.95453954200001 38.986689017)
101204,Prince George's,Property Damage Crashes,DS0314000L,University of Maryland Police College Park,Angle,Principal Arterial – Other,No,No,No,No,UNIVERSITY BLVD (WB/L),193.0,MARYLAND ROUTE,No,True,No,4/23/2024,4/23/2024,17,UMCP,1,16,3,No,4.0,Point,17:21,2024,Tuesday,12,Motor Vehicle In Transport,5,On Roadway,3.0,Perpendicular,,,ADELPHI RD (NB/L),3.0,5.0,Intersection or Related,38.986692197,1,Daylight,2024-04-23,-76.955932554,N,0.0,F,N,No,,,6C2FEB7BFF0298697E23A465E413A12119FB346EE31D8B9B60285D9B03245939,MD,1,No,,,,,1.0,Dry,1.0,Signalized,No,,,,,,,,,,,,,,,,,,,,,,,,,,,,,,,,,,POINT (-76.955932554 38.986692197)
30251,Prince George's,Property Damage Crashes,DA43890024,Prince George's County Police,Front to Rear,Principal Arterial – Other,No,No,No,No,UNIVERSITY BLVD (WB/L),193.0,MARYLAND ROUTE,No,True,No,12/12/2024,12/12/2024,19,PGCOPD,3,16,3,No,,Point,19:00,2024,Thursday,12,Motor Vehicle In Transport,5,On Roadway,3.0,,,,ADELPHI RD (NB/L),,9.0,Through Roadway,38.986711392,5,Dark - Unknown Lighting,2024-12-12,-76.955907634,N,9.49,F,N,No,,,6C2FEB7BFF0298697E23A465E413A12119FB346EE31D8B9B60285D9B03245939,MD,1,No,,,,,1.0,Dry,,,No,,,,,,,,,,,,,,,,,,,,,,,,,,,,,,,,,,POINT (-76.955907634 38.986711392)
16501,Prince George's,Property Damage Crashes,DA4060005Z,Prince George's County Police,Single Vehicle,,No,No,No,Yes,HOTEL DR,2231.0,LOCAL ROAD,No,True,No,7/2/2024,7/2/2024,12,PGCOPD,101,16,3,Yes,3.0,Point,12:29,2024,Tuesday,16,Pedalcycle,5,On Roadway,,Perpendicular,,,BALTIMORE AVE,3.0,5.0,Intersection or Related,38.986758069,1,Daylight,2024-07-02,-76.936251485,S,0.0,F,N,No,,,5D55986DBC08684C7AC85BCDE4029F5B89B87B91695394C2F54152818696D81D,LL,1,No,,,,,1.0,Dry,1.0,Signalized,No,,,,,,,Cyclist (non-electric),b296da6b-0ae7-431a-aa3d-08f13809abfc,DA4060005Z,6.0,Walking/Cycling Along Roadway With Traffic (In or Adjacent to Travel Lane),55.0,COLLEGE PARK,9.0,Left,0.0,Not Distracted,,,M,1.0,No,5.0,No Apparent Injury,12.0,Separated Bike Lanes,97.0,Not Applicable,MD,6b4496d3-ed43-4ac8-85a6-365b8a050ef3,101.0,N,20740,POINT (-76.936251485 38.986758069)
47230,Prince George's,Property Damage Crashes,DS04670008,University of Maryland Police College Park,"Sideswipe, Same Direction",Principal Arterial – Other,No,No,No,No,BALTIMORE AVE,1.0,UNITED STATE ROUTE,No,True,No,6/22/2024,6/22/2024,22,UMCP,7,16,3,No,3.0,Point,22:34,2024,Saturday,12,Motor Vehicle In Transport,5,On Roadway,3.0,Perpendicular,,,HOTEL DR,3.0,5.0,Intersection or Related,38.986818354,3,Dark - Lighted,2024-06-22,-76.936357032,S,0.0,F,N,No,,,6EAEB3A63FE715FF18209B4D3AADE0DAE224565AB60E1CE2D39B9E9C273382EB,US,1,No,,,,,1.0,Dry,1.0,Signalized,No,,,,,,,,,,,,,,,,,,,,,,,,,,,,,,,,,,POINT (-76.936357032 38.986818354)
91648,Prince George's,Property Damage Crashes,DS0426001M,University of Maryland Police College Park,Single Vehicle,,No,No,No,No,,,,No,True,No,11/13/2024,11/13/2024,8,UMCP,101,16,3,,,Point,08:26,2024,Wednesday,36,"Other Post, Pole, Or Support",2,In Parking Lane Or Zone,,,101.0,State,,,,,38.98706529,1,Daylight,2024-11-13,-76.940921015,,,F,N,Yes,102.0,Parking Lot Way,,,1,No,36.0,"Other Post, Pole, Or Support",2.0,In Parking Lane Or Zone,,,,,No,,,,,,,,,,,,,,,,,,,,,,,,,,,,,,,,,,POINT (-76.940921015 38.98706529)
12082,Prince George's,Property Damage Crashes,DS04210027,University of Maryland Police College Park,Rear To Rear,,No,No,No,No,,,,No,True,No,6/13/2024,6/13/2024,10,UMCP,4,16,3,,,Point,10:24,2024,Thursday,12,Motor Vehicle In Transport,2,In Parking Lane Or Zone,,,101.0,State,,,,,38.987099206,1,Daylight,2024-06-13,-76.94103669,,,F,N,Yes,102.0,Parking Lot Way,,,1,No,15.0,Parked Vehicle,99.0,Unknown,,,,,No,,,,,,,,,,,,,,,,,,,,,,,,,,,,,,,,,,POINT (-76.94103669 38.987099206)
60332,Prince George's,Property Damage Crashes,DS0502000G,University of Maryland Police College Park,Other,,No,No,No,No,,,,No,True,No,5/15/2024,5/15/2024,8,UMCP,98,16,3,,,Point,08:18,2024,Wednesday,12,Motor Vehicle In Transport,2,In Parking Lane Or Zone,,,,,,,,,38.987139447,1,Daylight,2024-05-15,-76.944086811,,,F,N,Yes,102.0,Parking Lot Way,,,1,No,,,,,,,,,No,,,,,,,,,,,,,,,,,,,,,,,,,,,,,,,,,,POINT (-76.94408681100001 38.987139447)
202,Prince George's,Injury Crashes,DS0502000P,University of Maryland Police College Park,Single Vehicle,Local,No,No,No,Yes,REGENTS DR (SB/L),162.0,STATE ROAD,No,True,No,12/14/2024,12/14/2024,13,UMCP,101,16,2,No,,Point,13:19,2024,Saturday,14,Other Non-Motorist,5,On Roadway,7.0,,,,,,6.0,Non-Junction,38.987156471,1,Daylight,2024-12-14,-76.940195432,S,1.33,F,N,No,,,356761E155D3B497190055091CE20B0D6CC2E475E27B88713947BBD339DC8DF5,SR,1,No,,,,,1.0,Dry,,,No,,,,,,,Scooter (electric),04d6faea-df4c-46f6-836f-a3d25681924f,DS0502000P,6.0,Walking/Cycling Along Roadway With Traffic (In or Adjacent to Travel Lane),20.0,LEXINGTON,12.0,Front,0.0,Not Distracted,,,M,1.0,No,3.0,Suspected Minor Injury,9.0,Shared Lane Markings,97.0,Not Applicable,MA,f6b3518d-ed3d-4e20-8a63-1e6ec11d2350,102.0,N,02421,POINT (-76.940195432 38.987156471)
33407,Prince George's,Injury Crashes,DS0494000L,University of Maryland Police College Park,Single Vehicle,,No,No,No,No,,366.0,SPUR,No,True,Yes,11/17/2024,11/17/2024,23,UMCP,101,16,2,Yes,3.0,Point,23:45,2024,Sunday,36,"Other Post, Pole, Or Support",4,"Off-Roadway, Location Unknown",,Perpendicular,101.0,State,UNION DR,3.0,5.0,Intersection or Related,38.987185018,3,Dark - Lighted,2024-11-17,-76.946956509,E,0.0,F,N,No,,,695EFB2A2413F00FE92159783A19FC2FED37545D591AA570AAE5BBA1E998EEF0,SP,1,No,30.0,Fence,4.0,"Off-Roadway, Location Unknown",1.0,Dry,1.0,Signalized,Yes,N,4.0,Activity Area,5.0,Other Type of Work Zone,No,,,,,,,,,,,,,,,,,,,,,,,,,,,,POINT (-76.946956509 38.987185018)
26453,Prince George's,Property Damage Crashes,DS0502000K,University of Maryland Police College Park,Single Vehicle,Major Collector,No,Yes,No,No,,69.0,STATE ROAD,No,True,Yes,8/22/2024,8/22/2024,8,UMCP,101,16,3,No,,Point,08:10,2024,Thursday,13,Other Non-Fixed Object,5,On Roadway,5.0,,,,,,6.0,Non-Junction,38.987352165,1,Daylight,2024-08-22,-76.945701385,S,14.27,F,N,No,,,18FCC21723F9B7AC897A2B98BE965FBE63CE9307813BBC4A19276CFAA08173EA,SR,1,No,,,,,1.0,Dry,,,Yes,N,4.0,Activity Area,3.0,Work on Shoulder or Median,Yes,,,,,,,,,,,,,,,,,,,,,,,,,,,,POINT (-76.94570138500001 38.987352165)
49104,Prince George's,Property Damage Crashes,DS05270001,University of Maryland Police College Park,"Sideswipe, Same Direction",Principal Arterial – Other,No,Yes,No,No,BALTIMORE AVE,1.0,UNITED STATE ROUTE,No,True,No,9/4/2024,9/4/2024,17,UMCP,7,16,3,No,,Point,17:11,2024,Wednesday,12,Motor Vehicle In Transport,5,On Roadway,3.0,,101.0,State,,,6.0,Non-Junction,38.987486188,1,Daylight,2024-09-04,-76.935815881,S,9.09,F,N,No,,,2E703AAECE70D590ADE240E0F6C08486C32CF2BD2102F89600052BEE51E84565,US,1,No,,,,,1.0,Dry,,,No,,,,,,,,,,,,,,,,,,,,,,,,,,,,,,,,,,POINT (-76.935815881 38.987486188)
14271,Prince George's,Property Damage Crashes,DS05260007,University of Maryland Police College Park,"Sideswipe, Same Direction",,No,Yes,No,No,,,,No,True,No,9/19/2024,9/19/2024,17,UMCP,7,16,3,,,Point,17:30,2024,Thursday,12,Motor Vehicle In Transport,2,In Parking Lane Or Zone,,,,,,,,,38.987496381,1,Daylight,2024-09-19,-76.949634613,,,F,N,Yes,102.0,Parking Lot Way,,,1,No,,,,,,,,,No,,,,,,,,,,,,,,,,,,,,,,,,,,,,,,,,,,POINT (-76.949634613 38.987496381)
74874,Prince George's,Injury Crashes,DS04620011,University of Maryland Police College Park,Single Vehicle,,No,Yes,No,Yes,,168.0,SPUR,No,True,Yes,1/31/2024,1/31/2024,20,UMCP,101,16,2,No,3.0,Point,20:12,2024,Wednesday,14,Other Non-Motorist,5,On Roadway,,Angled/Skewed,,,REGENTS DR (SB/L),1.0,5.0,Intersection or Related,38.987584665,3,Dark - Lighted,2024-01-31,-76.940441981,W,0.0,F,N,No,,,2E36F56446CEC3116734560CF6D53D6FEB3F299B8D33D8F0A31881A3D3E663D0,SP,1,No,,,,,1.0,Dry,2.0,Stop - All Way,Yes,N,4.0,Activity Area,5.0,Other Type of Work Zone,No,"Other Pedestrian (person in a building, skater, personal conveyance, etc.)",f3f0c923-b661-4881-bba6-073fbffcb017,DS04620011,99.0,Unknown,19.0,MIDDLETOWN,12.0,Front,99.0,Unknown,99.0,Unknown,M,4.0,Police,3.0,Suspected Minor Injury,3.0,Intersection – Other,2.0,Transit,MD,906e44bd-ddfa-4ab1-818d-57ad972ad3a7,7.0,N,21769,POINT (-76.94044198100001 38.987584665)
5730,Prince George's,Injury Crashes,DS0489000N,University of Maryland Police College Park,Single Vehicle,Local,No,No,No,Yes,REGENTS DR (SB/L),162.0,STATE ROAD,No,True,No,10/24/2024,10/24/2024,16,UMCP,101,16,2,No,4.0,Point,16:03,2024,Thursday,17,Pedestrian,5,On Roadway,7.0,Perpendicular,,,,3.0,5.0,Intersection or Related,38.987593205,1,Daylight,2024-10-24,-76.940409126,W,0.0,F,N,No,,,6427913F6E247C9B45766005DA0723D0797E8BD285B550A72A304B0411B4A9BF,SR,1,No,,,,,1.0,Dry,2.0,Stop - All Way,No,,,,,,,Pedestrian,6fe053c4-e8d1-48d0-806f-98642685f601,DS0489000N,0.0,,19.0,CALDWELL,9.0,Left,0.0,Not Distracted,,,F,1.0,No,3.0,Suspected Minor Injury,1.0,Intersection – Marked Crosswalk,97.0,Not Applicable,NJ,99501db7-639b-41cd-a84f-1912740377d2,6.0,N,07006,POINT (-76.94040912600001 38.987593205)
5729,Prince George's,Injury Crashes,DS0489000N,University of Maryland Police College Park,Single Vehicle,Local,No,No,No,Yes,REGENTS DR (SB/L),162.0,STATE ROAD,No,True,No,10/24/2024,10/24/2024,16,UMCP,101,16,2,No,4.0,Point,16:03,2024,Thursday,17,Pedestrian,5,On Roadway,7.0,Perpendicular,,,,3.0,5.0,Intersection or Related,38.987593205,1,Daylight,2024-10-24,-76.940409126,W,0.0,F,N,No,,,6427913F6E247C9B45766005DA0723D0797E8BD285B550A72A304B0411B4A9BF,SR,1,No,,,,,1.0,Dry,2.0,Stop - All Way,No,,,,,,,Pedestrian,91aacd3d-68ab-4512-88e6-97b03525ee35,DS0489000N,100.0,Cross/Enter at Intersection,18.0,SANDY SPRING,9.0,Left,0.0,Not Distracted,,,F,1.0,No,3.0,Suspected Minor Injury,1.0,Intersection – Marked Crosswalk,97.0,Not Applicable,MD,99501db7-639b-41cd-a84f-1912740377d2,6.0,N,20860,POINT (-76.94040912600001 38.987593205)
46644,Prince George's,Property Damage Crashes,DS0457000Z,University of Maryland Police College Park,Front to Rear,,No,No,No,No,,168.0,SPUR,Yes,True,No,10/11/2024,10/11/2024,19,UMCP,3,16,3,Yes,4.0,Point,19:40,2024,Friday,12,Motor Vehicle In Transport,5,On Roadway,,Perpendicular,,,REGENTS DR (SB/L),3.0,5.0,Intersection or Related,38.987597458,3,Dark - Lighted,2024-10-11,-76.940349257,W,0.0,F,N,No,,,2E36F56446CEC3116734560CF6D53D6FEB3F299B8D33D8F0A31881A3D3E663D0,SP,1,No,,,,,1.0,Dry,1.0,Signalized,No,,,,,,,,,,,,,,,,,,,,,,,,,,,,,,,,,,POINT (-76.94034925699999 38.987597458)
65143,Prince George's,Property Damage Crashes,DS04670007,University of Maryland Police College Park,Angle,,No,No,No,No,ALUMNI DR,321.0,LOCAL ROAD,No,True,No,4/21/2024,4/21/2024,22,UMCP,1,16,3,No,,Point,22:10,2024,Sunday,15,Parked Vehicle,2,In Parking Lane Or Zone,,,,,,,6.0,Non-Junction,38.987893588,3,Dark - Lighted,2024-04-21,-76.948973091,S,29.91,F,N,No,,,1E87281EA3C0663C479A1026AC8B962CF3E967E3FFC8AD62C91DDB476D53EDB4,LL,1,No,27.0,Curb,10.0,Separator/Traffic Island,1.0,Dry,,,No,,,,,,,,,,,,,,,,,,,,,,,,,,,,,,,,,,POINT (-76.948973091 38.987893588)
2169,Prince George's,Property Damage Crashes,DA4389000P,Prince George's County Police,Front to Rear,Principal Arterial – Other,No,No,No,No,UNIVERSITY BLVD (WB/L),193.0,MARYLAND ROUTE,No,True,No,4/23/2024,4/23/2024,17,PGCOPD,3,16,3,No,,Point,17:30,2024,Tuesday,12,Motor Vehicle In Transport,5,On Roadway,3.0,,,,,,9.0,Through Roadway,38.987960247,1,Daylight,2024-04-23,-76.954974116,S,52.8,F,N,No,,,89549E8B237942AF357CD0EA144D572872A15D5FF1D1FE699259D6F90DBAE449,MD,1,No,,,,,1.0,Dry,,,No,,,,,,,,,,,,,,,,,,,,,,,,,,,,,,,,,,POINT (-76.954974116 38.987960247)
65085,Prince George's,Property Damage Crashes,DS0294000C,University of Maryland Police College Park,"Sideswipe, Opposite Direction",Local,No,No,No,No,UNION LA,90.0,STATE ROAD,No,True,No,4/27/2024,4/27/2024,10,UMCP,6,16,3,No,,Point,10:50,2024,Saturday,12,Motor Vehicle In Transport,5,On Roadway,7.0,,,,,,6.0,Non-Junction,38.988059401,1,Daylight,2024-04-27,-76.945399826,N,39.64,F,N,No,,,08DB275D9E06FE44A8A3FB5B6E21D356E110EE32214850FD10D14C51F24BB0CA,SR,1,No,97.0,Not Applicable,,,1.0,Dry,,,No,,,,,,,,,,,,,,,,,,,,,,,,,,,,,,,,,,POINT (-76.945399826 38.988059401)
43958,Prince George's,Property Damage Crashes,DA42730046,Prince George's County Police,"Sideswipe, Same Direction",Minor Arterial,No,No,No,No,CAMPUS DR,431.0,MARYLAND ROUTE,No,True,No,5/9/2024,5/9/2024,18,PGCOPD,7,16,3,No,,Point,18:12,2024,Thursday,12,Motor Vehicle In Transport,5,On Roadway,4.0,,,,,,6.0,Non-Junction,38.988091422,1,Daylight,2024-05-09,-76.934460031,N,50.76,F,N,No,,,C8F656F0984F7B7FBD597A3FB903595E66EACC3A553E25CB94572CAA783D1A03,MD,1,No,12.0,Motor Vehicle In Transport,5.0,On Roadway,1.0,Dry,,,No,,,,,,,,,,,,,,,,,,,,,,,,,,,,,,,,,,POINT (-76.934460031 38.988091422)
26387,Prince George's,Property Damage Crashes,DA4050005D,Prince George's County Police,Front to Rear,Principal Arterial – Other,No,No,No,No,BALTIMORE AVE,1.0,UNITED STATE ROUTE,No,True,No,1/27/2024,1/27/2024,13,PGCOPD,3,16,3,No,,Point,13:57,2024,Saturday,12,Motor Vehicle In Transport,5,On Roadway,3.0,,,,,,9.0,Through Roadway,38.988336064,1,Daylight,2024-01-27,-76.93520212,N,21.93,F,N,No,,,94102A2BB8C7090F911AF5EA828926A2AE39B539573B26C31D831EC83192281D,US,1,No,,,,,1.0,Dry,,,No,,,,,,,,,,,,,,,,,,,,,,,,,,,,,,,,,,POINT (-76.93520212 38.988336064)
1998,Prince George's,Property Damage Crashes,DS05200003,University of Maryland Police College Park,Angle,,No,No,No,No,,,,No,True,No,1/18/2024,1/18/2024,10,UMCP,1,16,3,,,Point,10:14,2024,Thursday,12,Motor Vehicle In Transport,2,In Parking Lane Or Zone,,,,,,,,,38.988357061,1,Daylight,2024-01-18,-76.945902475,,,F,N,Yes,102.0,Parking Lot Way,,,1,No,,,,,,,,,No,,,,,,,,,,,,,,,,,,,,,,,,,,,,,,,,,,POINT (-76.945902475 38.988357061)
88286,Prince George's,Property Damage Crashes,DS0520000C,University of Maryland Police College Park,"Sideswipe, Opposite Direction",,No,No,No,No,,,,No,True,No,7/10/2024,7/10/2024,14,UMCP,6,16,3,,,Point,14:12,2024,Wednesday,12,Motor Vehicle In Transport,2,In Parking Lane Or Zone,,,,,,,,,38.988469975,1,Daylight,2024-07-10,-76.940377873,,,F,N,Yes,100.0,Parking Stall,,,1,No,,,,,,,,,No,,,,,,,,,,,,,,,,,,,,,,,,,,,,,,,,,,POINT (-76.940377873 38.988469975)
49688,Prince George's,Property Damage Crashes,DS0243002G,University of Maryland Police College Park,Other,,No,No,No,No,,,,No,True,No,6/9/2024,6/9/2024,12,UMCP,98,16,3,,,Point,12:30,2024,Sunday,15,Parked Vehicle,99,Unknown,,,101.0,State,,,,,38.988482015,1,Daylight,2024-06-09,-76.945883985,,,F,N,Yes,102.0,Parking Lot Way,,,1,No,,,,,,,,,No,,,,,,,,,,,,,,,,,,,,,,,,,,,,,,,,,,POINT (-76.94588398499999 38.988482015)
24906,Prince George's,Injury Crashes,DA39650080,Prince George's County Police,Front to Rear,Minor Arterial,Yes,No,Yes,No,CAMPUS DR,431.0,MARYLAND ROUTE,No,True,No,2/6/2024,2/6/2024,18,PGCOPD,3,16,2,Yes,4.0,Point,18:01,2024,Tuesday,12,Motor Vehicle In Transport,5,On Roadway,4.0,Perpendicular,,,BALTIMORE AVE,3.0,5.0,Intersection or Related,38.988492657,3,Dark - Lighted,2024-02-06,-76.935142653,E,0.0,F,N,No,,,03C50D88987A8F6FCD0E0AE5A7E0607EA90E0A1037B2EA00A119DB5A460F8972,MD,1,No,2.0,Fell Jumped from Motor Vehicle,5.0,On Roadway,1.0,Dry,2.0,Stop - All Way,No,,,,,,,,,,,,,,,,,,,,,,,,,,,,,,,,,,POINT (-76.935142653 38.988492657)
2465,Prince George's,Property Damage Crashes,DS0504000D,University of Maryland Police College Park,"Sideswipe, Same Direction",Minor Arterial,No,No,No,No,CAMPUS DR (NB/L),431.0,MARYLAND ROUTE,No,True,No,1/24/2024,1/24/2024,17,UMCP,7,16,3,Yes,5.0,Point,17:58,2024,Wednesday,12,Motor Vehicle In Transport,5,On Roadway,4.0,Perpendicular,101.0,State,BALTIMORE AVE,3.0,5.0,Intersection or Related,38.988595072,4,Dark - Not Lighted,2024-01-24,-76.934992558,N,0.0,F,N,No,,,8D4B85F80A248D7A99F3343C64663EF549880EEFA219FAFC252DC0C614A9B23F,MD,1,No,,,,,1.0,Dry,1.0,Signalized,No,,,,,,,,,,,,,,,,,,,,,,,,,,,,,,,,,,POINT (-76.934992558 38.988595072)
34794,Prince George's,Property Damage Crashes,DA4268005T,Prince George's County Police,"Sideswipe, Same Direction",Principal Arterial – Other,No,Yes,No,No,BALTIMORE AVE (SB/L),1.0,UNITED STATE ROUTE,No,True,No,7/26/2024,7/26/2024,17,PGCOPD,7,16,3,Yes,,Point,17:18,2024,Friday,12,Motor Vehicle In Transport,5,On Roadway,3.0,,,,,,9.0,Through Roadway,38.988640224,1,Daylight,2024-07-26,-76.935123581,S,47.43,F,N,No,,,8EA875C9F9DF1D1CD1A46835EC7790E31A5AF0DAC32D5330437867ED1EFD5A59,US,1,No,12.0,Motor Vehicle In Transport,5.0,On Roadway,1.0,Dry,,,No,,,,,,,,,,,,,,,,,,,,,,,,,,,,,,,,,,POINT (-76.935123581 38.988640224)
49136,Prince George's,Property Damage Crashes,DS0454000H,University of Maryland Police College Park,"Sideswipe, Same Direction",Principal Arterial – Other,No,No,No,No,BALTIMORE AVE (SB/L),1.0,UNITED STATE ROUTE,No,True,No,11/25/2024,11/25/2024,6,UMCP,7,16,3,No,,Point,06:11,2024,Monday,12,Motor Vehicle In Transport,5,On Roadway,3.0,,,,CAMPUS DR (WB/L),,6.0,Non-Junction,38.988653134,1,Daylight,2024-11-25,-76.935191369,N,16.31,F,N,No,,,B033844A14536C120C422191B3D90A930C97C6DB16BCCE04857B688C58295616,US,1,No,,,,,1.0,Dry,,,No,,,,,,,,,,,,,,,,,,,,,,,,,,,,,,,,,,POINT (-76.93519136899999 38.988653134)
36006,Prince George's,Property Damage Crashes,DS05160002,University of Maryland Police College Park,"Sideswipe, Same Direction",Minor Arterial,No,No,No,No,CAMPUS DR (NB/L),431.0,MARYLAND ROUTE,No,True,No,1/2/2024,1/2/2024,17,UMCP,7,16,3,No,2.0,Point,17:45,2024,Tuesday,12,Motor Vehicle In Transport,5,On Roadway,4.0,Perpendicular,,,BALTIMORE AVE,3.0,5.0,Intersection or Related,38.988699695,98,Other,2024-01-02,-76.934988861,S,0.0,F,N,No,,,8D4B85F80A248D7A99F3343C64663EF549880EEFA219FAFC252DC0C614A9B23F,MD,1,No,12.0,Motor Vehicle In Transport,5.0,On Roadway,1.0,Dry,5.0,No Controls,No,,,,,,,,,,,,,,,,,,,,,,,,,,,,,,,,,,POINT (-76.93498886099999 38.988699695)
85032,Prince George's,Property Damage Crashes,DS0264000C,University of Maryland Police College Park,Single Vehicle,Local,No,No,No,No,FIELD HOUSE DR,168.0,STATE ROAD,No,True,No,11/5/2024,11/5/2024,12,UMCP,101,16,3,No,,Point,12:15,2024,Tuesday,36,"Other Post, Pole, Or Support",2,In Parking Lane Or Zone,7.0,,,,,,6.0,Non-Junction,38.988754898,1,Daylight,2024-11-05,-76.945824851,N,40.82,F,N,No,,,79EBADB00D6AA3ECF6CAF81C664F0F8B0179FEDAE37E5F074A5574FA64742712,SR,1,No,,,,,1.0,Dry,,,No,,,,,,,,,,,,,,,,,,,,,,,,,,,,,,,,,,POINT (-76.945824851 38.988754898)
76323,Prince George's,Property Damage Crashes,DS05240007,University of Maryland Police College Park,Single Vehicle,,No,No,No,No,,,,No,True,No,10/23/2024,10/23/2024,19,UMCP,101,16,3,,,Point,19:00,2024,Wednesday,36,"Other Post, Pole, Or Support",2,In Parking Lane Or Zone,,,101.0,State,,,,,38.988783837,98,Other,2024-10-23,-76.945968699,,,F,N,Yes,101.0,Parking Aisle,,,1,No,,,,,,,,,No,,,,,,,,,,,,,,,,,,,,,,,,,,,,,,,,,,POINT (-76.94596869900001 38.988783837)
100908,Prince George's,Property Damage Crashes,DS04670004,University of Maryland Police College Park,Single Vehicle,,No,No,No,No,,,,No,True,No,3/12/2024,3/12/2024,15,UMCP,101,16,3,,,Point,15:30,2024,Tuesday,36,"Other Post, Pole, Or Support",2,In Parking Lane Or Zone,,,,,,,,,38.988795808,1,Daylight,2024-03-12,-76.945994296,,,F,N,Yes,100.0,Parking Stall,,,1,No,,,,,,,,,No,,,,,,,,,,,,,,,,,,,,,,,,,,,,,,,,,,POINT (-76.94599429599999 38.988795808)
65396,Prince George's,Property Damage Crashes,DS04580010,University of Maryland Police College Park,"Sideswipe, Opposite Direction",,No,No,No,No,,,,No,True,No,6/11/2024,6/11/2024,11,UMCP,6,16,3,,,Point,11:07,2024,Tuesday,12,Motor Vehicle In Transport,2,In Parking Lane Or Zone,,,,,,,,,38.9889238,1,Daylight,2024-06-11,-76.949215628,,,F,N,Yes,101.0,Parking Aisle,,,1,No,,,,,,,,,No,,,,,,,,,,,,,,,,,,,,,,,,,,,,,,,,,,POINT (-76.949215628 38.9889238)
91541,Prince George's,Property Damage Crashes,DS0516000C,University of Maryland Police College Park,"Sideswipe, Opposite Direction",Local,No,Yes,No,No,REGENTS DR,162.0,STATE ROAD,No,True,No,11/19/2024,11/19/2024,18,UMCP,6,16,3,No,,Point,18:10,2024,Tuesday,12,Motor Vehicle In Transport,5,On Roadway,7.0,,,,FIELD HOUSE DR,,99.0,Unknown,38.988943047,3,Dark - Lighted,2024-11-19,-76.940681105,N,43.24,F,N,No,,,236BD55CE0AA376BDE5208A49D6F952689CE5FBBC5B7CF20A3C2C7FC81906249,SR,1,No,,,,,1.0,Dry,,,No,,,,,,,,,,,,,,,,,,,,,,,,,,,,,,,,,,POINT (-76.940681105 38.988943047)
5132,Prince George's,Property Damage Crashes,DS05160004,University of Maryland Police College Park,Single Vehicle,Local,No,No,No,No,FIELD HOUSE DR,168.0,STATE ROAD,No,True,No,3/9/2024,3/9/2024,13,UMCP,101,16,3,No,,Point,13:20,2024,Saturday,38,Traffic Sign Support,3,Median,7.0,,101.0,State,REGENTS DR,,9.0,Through Roadway,38.988943385,1,Daylight,2024-03-09,-76.940629154,N,43.97,F,N,No,,,FB8304CB9E238C233CDA7968C5EA4969C82D72BB4A69A160D63534BBD222A0A2,SR,1,No,,,,,9.0,Wet,,,No,,,,,,,,,,,,,,,,,,,,,,,,,,,,,,,,,,POINT (-76.94062915400001 38.988943385)
4062,Prince George's,Property Damage Crashes,DS05240005,University of Maryland Police College Park,Unknown,Local,No,Yes,No,No,REGENTS DR,162.0,STATE ROAD,No,True,No,8/18/2024,8/18/2024,16,UMCP,99,16,3,Yes,2.0,Point,16:40,2024,Sunday,38,Traffic Sign Support,3,Median,7.0,Perpendicular,101.0,State,FIELD HOUSE DR,3.0,5.0,Intersection or Related,38.989017387,1,Daylight,2024-08-18,-76.940564557,W,0.0,F,N,No,,,236BD55CE0AA376BDE5208A49D6F952689CE5FBBC5B7CF20A3C2C7FC81906249,SR,1,No,,,,,1.0,Dry,3.0,Stop - Partial,No,,,,,,,,,,,,,,,,,,,,,,,,,,,,,,,,,,POINT (-76.940564557 38.989017387)
38605,Prince George's,Property Damage Crashes,DS05260001,University of Maryland Police College Park,"Sideswipe, Same Direction",Local,No,No,Yes,No,REGENTS DR,162.0,STATE ROAD,No,True,No,8/27/2024,8/27/2024,19,UMCP,7,16,3,Yes,3.0,Point,19:10,2024,Tuesday,12,Motor Vehicle In Transport,5,On Roadway,7.0,Perpendicular,,,FIELD HOUSE DR,3.0,5.0,Intersection or Related,38.989031542,1,Daylight,2024-08-27,-76.940672142,N,0.0,F,N,No,,,236BD55CE0AA376BDE5208A49D6F952689CE5FBBC5B7CF20A3C2C7FC81906249,SR,1,No,97.0,Not Applicable,,,1.0,Dry,2.0,Stop - All Way,No,,,,,,,,,,,,,,,,,,,,,,,,,,,,,,,,,,POINT (-76.940672142 38.989031542)
60108,Prince George's,Property Damage Crashes,DS05240009,University of Maryland Police College Park,Angle,Local,No,Yes,No,No,FIELD HOUSE DR,168.0,STATE ROAD,No,True,No,11/20/2024,11/20/2024,8,UMCP,1,16,3,No,2.0,Point,08:23,2024,Wednesday,12,Motor Vehicle In Transport,5,On Roadway,7.0,Perpendicular,,,REGENTS DR,3.0,5.0,Intersection or Related,38.989036241,1,Daylight,2024-11-20,-76.94063663,N,0.0,F,N,No,,,FB8304CB9E238C233CDA7968C5EA4969C82D72BB4A69A160D63534BBD222A0A2,SR,1,No,,,,,1.0,Dry,2.0,Stop - All Way,No,,,,,,,,,,,,,,,,,,,,,,,,,,,,,,,,,,POINT (-76.94063663 38.989036241)
65304,Prince George's,Injury Crashes,DS0454000D,University of Maryland Police College Park,Single Vehicle,Local,No,No,No,Yes,REGENTS DR,162.0,STATE ROAD,No,True,No,6/24/2024,6/24/2024,10,UMCP,101,16,2,No,3.0,Point,10:57,2024,Monday,17,Pedestrian,5,On Roadway,7.0,Perpendicular,,,FIELD HOUSE DR,3.0,5.0,Intersection or Related,38.989058535,1,Daylight,2024-06-24,-76.940652327,W,0.0,F,N,No,,,236BD55CE0AA376BDE5208A49D6F952689CE5FBBC5B7CF20A3C2C7FC81906249,SR,1,No,97.0,Not Applicable,,,1.0,Dry,2.0,Stop - All Way,No,,,,,,,Pedestrian,b1fc3421-a059-44e2-b494-2a1c9201b78d,DS0454000D,100.0,Cross/Enter at Intersection,24.0,CLINTON,3.0,Right,0.0,Not Distracted,,,F,4.0,Police,3.0,Suspected Minor Injury,1.0,Intersection – Marked Crosswalk,2.0,Transit,MD,1db41e64-58d5-448c-ae73-406d37794cdb,6.0,N,20735,POINT (-76.940652327 38.989058535)
56657,Prince George's,Property Damage Crashes,DS05260003,University of Maryland Police College Park,Single Vehicle,,No,Yes,No,No,PRESIDENTIAL DR,1976.0,PRIVATE ROAD,No,True,No,9/18/2024,9/18/2024,16,UMCP,101,16,3,No,,Point,16:59,2024,Wednesday,35,"Other Fixed Object (wall, building, tunnel, etc.)",5,On Roadway,,,101.0,State,,,3.0,Driveway Access or Related,38.989075322,1,Daylight,2024-09-18,-76.949645228,W,16.7,F,N,No,,,B277456409425388FCAB88CD5E0D5E03311270F63DBD129C14B682EB6A2BE5EF,PV,1,No,,,,,1.0,Dry,,,No,,,,,,,,,,,,,,,,,,,,,,,,,,,,,,,,,,POINT (-76.94964522799999 38.989075322)
9328,Prince George's,Property Damage Crashes,DA3447003N,Prince George's County Police,Angle,Principal Arterial – Other,No,No,No,No,BALTIMORE AVE,1.0,UNITED STATE ROUTE,No,True,No,4/22/2024,4/22/2024,13,PGCOPD,1,16,3,No,,Point,13:55,2024,Monday,12,Motor Vehicle In Transport,5,On Roadway,3.0,,,,,,6.0,Non-Junction,38.989199754,1,Daylight,2024-04-22,-76.934628901,N,23.54,F,N,No,,,1BBBCE3825247D7E5C14C97E57162E779EA7C76DA038283D7298A522F091B722,US,1,No,,,,,1.0,Dry,,,No,,,,,,,,,,,,,,,,,,,,,,,,,,,,,,,,,,POINT (-76.934628901 38.989199754)
68279,Prince George's,Property Damage Crashes,DS0489000M,University of Maryland Police College Park,Rear To Side,,No,No,No,No,,,,No,True,No,4/9/2024,4/9/2024,20,UMCP,5,16,3,,,Point,20:27,2024,Tuesday,12,Motor Vehicle In Transport,2,In Parking Lane Or Zone,,,,,,,,,38.989304193,3,Dark - Lighted,2024-04-09,-76.941430246,,,F,N,Yes,102.0,Parking Lot Way,,,1,No,97.0,Not Applicable,,,,,,,No,,,,,,,,,,,,,,,,,,,,,,,,,,,,,,,,,,POINT (-76.941430246 38.989304193)
27303,Prince George's,Property Damage Crashes,DA418100F8,Prince George's County Police,Other,Local,No,No,No,No,RHODE ISLAND AVE #6,1076.0,MUNICIPAL ROAD,No,True,No,11/26/2024,11/26/2024,18,PGCOPD,98,16,3,No,3.0,Point,18:35,2024,Tuesday,12,Motor Vehicle In Transport,5,On Roadway,7.0,Perpendicular,,,NAVAHOE ST #2,3.0,5.0,Intersection or Related,38.989315508,3,Dark - Lighted,2024-11-26,-76.928604926,N,0.0,F,N,No,,,D17C35B093306A8098A900D5B340F8F601A0652685603795C8814B14DB8F03AC,MU,1,No,,,,,1.0,Dry,3.0,Stop - Partial,No,,,,,,,,,,,,,,,,,,,,,,,,,,,,,,,,,,POINT (-76.92860492600001 38.989315508)
65666,Prince George's,Injury Crashes,DA418100D5,Prince George's County Police,"Sideswipe, Same Direction",Principal Arterial – Other,No,No,No,No,UNIVERSITY BLVD,193.0,MARYLAND ROUTE,No,True,No,6/6/2024,6/6/2024,23,PGCOPD,7,16,2,No,,Point,23:20,2024,Thursday,12,Motor Vehicle In Transport,5,On Roadway,3.0,,,,,,9.0,Through Roadway,38.989315916,3,Dark - Lighted,2024-06-06,-76.951578709,W,552.57,F,N,No,,,79DC4C31DB11E46B5CE3C267FBD73719056C9E61291030ACFF2C2D3577525E5A,MD,1,No,12.0,Motor Vehicle In Transport,5.0,On Roadway,9.0,Wet,,,No,,,,,,,,,,,,,,,,,,,,,,,,,,,,,,,,,,POINT (-76.951578709 38.989315916)
37156,Prince George's,Property Damage Crashes,DA43320025,Prince George's County Police,Front to Rear,Principal Arterial – Other,No,No,No,No,BALTIMORE AVE,1.0,UNITED STATE ROUTE,No,True,Yes,6/12/2024,6/12/2024,14,PGCOPD,3,16,3,No,,Point,14:20,2024,Wednesday,12,Motor Vehicle In Transport,5,On Roadway,3.0,,101.0,State,,,6.0,Non-Junction,38.989357158,1,Daylight,2024-06-12,-76.934559045,S,38.1,F,N,No,,,1BBBCE3825247D7E5C14C97E57162E779EA7C76DA038283D7298A522F091B722,US,1,No,,,,,1.0,Dry,,,Yes,N,1.0,Before the First Work Zone Warning Sign,2.0,Lane Shift/Crossover,Yes,,,,,,,,,,,,,,,,,,,,,,,,,,,,POINT (-76.934559045 38.989357158)
49989,Prince George's,Property Damage Crashes,DS04870008,University of Maryland Police College Park,Single Vehicle,Local,No,No,No,No,FIELD HOUSE DR,168.0,STATE ROAD,No,True,No,1/24/2024,1/24/2024,16,UMCP,101,16,3,Yes,,Point,16:37,2024,Wednesday,13,Other Non-Fixed Object,5,On Roadway,7.0,,101.0,State,,,1.0,Acceleration/Deceleration Lane,38.989389372,101,Dusk,2024-01-24,-76.942751395,E,15.41,F,N,No,,,D3A774F14FEDA33438BC3B97EF0D8E5BCCC84D3C057C1EF8994E642630E5CA75,SR,1,No,,,,,1.0,Dry,,,No,,,,,,,,,,,,,,,,,,,,,,,,,,,,,,,,,,POINT (-76.942751395 38.989389372)
9975,Prince George's,Property Damage Crashes,DS0506000L,University of Maryland Police College Park,Unknown,,No,No,No,No,,,,Yes,True,No,10/11/2024,10/11/2024,11,UMCP,99,16,3,,,Point,11:47,2024,Friday,40,Tree (standing),4,"Off-Roadway, Location Unknown",,,,,,,,,38.989616145,1,Daylight,2024-10-11,-76.940466785,,,F,N,Yes,103.0,Private Road,,,1,No,40.0,Tree (standing),99.0,Unknown,,,,,No,,,,,,,,,,,,,,,,,,,,,,,,,,,,,,,,,,POINT (-76.940466785 38.989616145)
104465,Prince George's,Property Damage Crashes,DS05200008,University of Maryland Police College Park,Angle,,No,No,No,No,,,,No,True,No,3/11/2024,3/11/2024,17,UMCP,1,16,3,,,Point,17:13,2024,Monday,15,Parked Vehicle,2,In Parking Lane Or Zone,,,,,,,,,38.989648206,1,Daylight,2024-03-11,-76.941285295,,,F,N,Yes,102.0,Parking Lot Way,,,1,No,,,,,,,,,No,,,,,,,,,,,,,,,,,,,,,,,,,,,,,,,,,,POINT (-76.941285295 38.989648206)
74142,Prince George's,Property Damage Crashes,DS05110002,University of Maryland Police College Park,Front to Front,,No,No,No,No,,,,Yes,True,No,5/5/2024,5/5/2024,0,UMCP,2,16,3,,,Point,00:04,2024,Sunday,15,Parked Vehicle,99,Unknown,,,101.0,State,,,,,38.989818167,3,Dark - Lighted,2024-05-05,-76.941256838,,,F,N,Yes,102.0,Parking Lot Way,,,1,No,19.0,Strikes Object at Rest from Motor Vehicle In Transport,99.0,Unknown,,,,,No,,,,,,,,,,,,,,,,,,,,,,,,,,,,,,,,,,POINT (-76.941256838 38.989818167)
71706,Prince George's,Property Damage Crashes,DS0520000J,University of Maryland Police College Park,Single Vehicle,Local,No,Yes,No,No,VALLEY DR,176.0,STATE ROAD,No,True,No,9/20/2024,9/20/2024,22,UMCP,101,16,3,No,,Point,22:10,2024,Friday,41,Utility Pole/Light Support,9,Roadside,7.0,,,,,,6.0,Non-Junction,38.990259573,3,Dark - Lighted,2024-09-20,-76.949416612,N,26.95,F,N,No,,,8BF5DE3B13B3BF3CA25FD0160797EB72ABABBB179BFFC51F2B5B36AF0153B296,SR,1,No,,,,,1.0,Dry,,,No,,,,,,,,,,,,,,,,,,,,,,,,,,,,,,,,,,POINT (-76.94941661199999 38.990259573)
46438,Prince George's,Property Damage Crashes,DA40600060,Prince George's County Police,Single Vehicle,,No,Yes,No,No,,,,No,True,No,9/5/2024,9/5/2024,11,PGCOPD,101,16,3,,,Point,11:58,2024,Thursday,36,"Other Post, Pole, Or Support",2,In Parking Lane Or Zone,,,100.0,Local,,,,,38.990287624,1,Daylight,2024-09-05,-76.933739176,,,F,N,Yes,100.0,Parking Stall,,,1,No,,,,,,,,,No,,,,,,,,,,,,,,,,,,,,,,,,,,,,,,,,,,POINT (-76.933739176 38.990287624)
22517,Prince George's,Property Damage Crashes,DA4293002K,Prince George's County Police,Single Vehicle,,No,Yes,No,No,,,,No,True,No,1/21/2024,1/21/2024,13,PGCOPD,101,16,3,,,Point,13:45,2024,Sunday,13,Other Non-Fixed Object,4,"Off-Roadway, Location Unknown",,,100.0,Local,,,,,38.990360129,1,Daylight,2024-01-21,-76.933764885,,,F,N,Yes,102.0,Parking Lot Way,,,1,No,,,,,,,,,No,,,,,,,,,,,,,,,,,,,,,,,,,,,,,,,,,,POINT (-76.933764885 38.990360129)
450,Prince George's,Property Damage Crashes,DS05240003,University of Maryland Police College Park,Unknown,,No,No,No,No,,,,No,True,No,7/19/2024,7/19/2024,9,UMCP,99,16,3,,,Point,09:14,2024,Friday,12,Motor Vehicle In Transport,2,In Parking Lane Or Zone,,,,,,,,,38.990385594,99,Unknown,2024-07-19,-76.938619439,,,F,N,Yes,100.0,Parking Stall,,,1,No,15.0,Parked Vehicle,2.0,In Parking Lane Or Zone,,,,,No,,,,,,,,,,,,,,,,,,,,,,,,,,,,,,,,,,POINT (-76.93861943900001 38.990385594)
95221,Prince George's,Property Damage Crashes,DS0505000D,University of Maryland Police College Park,Single Vehicle,Local,No,Yes,No,No,STADIUM DR,165.0,STATE ROAD,No,True,No,2/7/2024,2/7/2024,23,UMCP,101,16,3,No,,Point,23:00,2024,Wednesday,38,Traffic Sign Support,9,Roadside,7.0,,101.0,State,,,6.0,Non-Junction,38.990452636,3,Dark - Lighted,2024-02-07,-76.941982397,N,53.35,F,N,No,,,C37B1F3A43E228EFCF41FB65F3C10983011F6980F301937AB6A86EB01231712E,SR,1,No,97.0,Not Applicable,,,1.0,Dry,,,No,,,,,,,,,,,,,,,,,,,,,,,,,,,,,,,,,,POINT (-76.941982397 38.990452636)
23712,Prince George's,Property Damage Crashes,DS05290006,University of Maryland Police College Park,"Sideswipe, Same Direction",Principal Arterial – Other,No,Yes,No,No,BALTIMORE AVE,1.0,UNITED STATE ROUTE,No,True,No,11/26/2024,11/26/2024,11,UMCP,7,16,3,No,,Point,11:36,2024,Tuesday,12,Motor Vehicle In Transport,5,On Roadway,3.0,,,,,,6.0,Non-Junction,38.990458998,1,Daylight,2024-11-26,-76.934198471,E,40.1,F,N,No,,,3F9E269075EC97C71C06A647C7493C8A4A2CF33DD67FF62F6A43D9FE05D9F8B5,US,1,No,12.0,Motor Vehicle In Transport,5.0,On Roadway,1.0,Dry,,,No,,,,,,,,,,,,,,,,,,,,,,,,,,,,,,,,,,POINT (-76.934198471 38.990458998)
46772,Prince George's,Injury Crashes,DS0483001C,University of Maryland Police College Park,Single Vehicle,Local,No,No,No,Yes,STADIUM DR,165.0,STATE ROAD,No,True,No,10/10/2024,10/10/2024,8,UMCP,101,16,2,No,,Point,08:59,2024,Thursday,16,Pedalcycle,5,On Roadway,7.0,,,,,,6.0,Non-Junction,38.990460565,1,Daylight,2024-10-10,-76.941586885,E,22.1,F,N,No,,,D4E1237D6D799D76D6DCEA214C4ABD3FB53C89FB945104FBB40F3D15B07B3F52,SR,1,No,12.0,Motor Vehicle In Transport,5.0,On Roadway,1.0,Dry,,,No,,,,,,,Cyclist (non-electric),744faf37-a9f6-4c0d-aaa2-ea495a9ac6b3,DS0483001C,6.0,Walking/Cycling Along Roadway With Traffic (In or Adjacent to Travel Lane),18.0,ELLICOTT CITY,9.0,Left,0.0,Not Distracted,,,M,1.0,No,3.0,Suspected Minor Injury,7.0,Travel Lane – Other Location,1.0,School,MD,895ec2a3-8f0b-40d0-8a64-c797a46af0df,101.0,N,21042,POINT (-76.94158688500001 38.990460565)
83418,Prince George's,Property Damage Crashes,DA4193007J,Prince George's County Police,Front to Rear,Principal Arterial – Other,No,No,No,No,UNIVERSITY BLVD (WB/L),193.0,MARYLAND ROUTE,No,True,No,10/23/2024,10/23/2024,8,PGCOPD,3,16,3,No,,Point,08:20,2024,Wednesday,12,Motor Vehicle In Transport,5,On Roadway,3.0,,,,,,6.0,Non-Junction,38.990510278,1,Daylight,2024-10-23,-76.953130926,W,27.16,F,N,No,,,EFFA43E2F5EA5F0EF3F4235C57D123104EBF1B93F740E4F74D07E1581F351816,MD,1,No,12.0,Motor Vehicle In Transport,5.0,On Roadway,1.0,Dry,,,No,,,,,,,,,,,,,,,,,,,,,,,,,,,,,,,,,,POINT (-76.953130926 38.990510278)
11627,Prince George's,Injury Crashes,DS0503000J,University of Maryland Police College Park,Single Vehicle,Local,No,No,No,Yes,ENGINEERING DR,77.0,STATE ROAD,No,True,No,4/25/2024,4/25/2024,9,UMCP,101,16,2,No,,Point,09:11,2024,Thursday,14,Other Non-Motorist,5,On Roadway,7.0,,101.0,State,,,6.0,Non-Junction,38.990511839,1,Daylight,2024-04-25,-76.938666922,N,27.81,F,N,No,,,C00F95C85C9AA0FF27F7E484CE1F67F8DC7B56ABFB4F12745E39E5AE708DBF97,SR,1,No,12.0,Motor Vehicle In Transport,5.0,On Roadway,1.0,Dry,,,No,,,,,,,Scooter (electric),4f1adfaf-d2c3-4b29-b3a3-540080e8453c,DS0503000J,101.0,Cross/Enter Not at Intersection,21.0,COLLEGE PARK,12.0,Front,0.0,Not Distracted,,,F,1.0,No,3.0,Suspected Minor Injury,6.0,Shoulder/Roadside,1.0,School,MD,414b02c4-3683-4885-8f1d-1244645bacbd,102.0,N,20740,POINT (-76.938666922 38.990511839)
20975,Prince George's,Injury Crashes,DS0499000B,University of Maryland Police College Park,Single Vehicle,Local,No,No,No,Yes,STADIUM DR,165.0,STATE ROAD,No,True,No,3/26/2024,3/26/2024,19,UMCP,101,16,2,No,,Point,19:49,2024,Tuesday,14,Other Non-Motorist,5,On Roadway,7.0,,,,,,3.0,Driveway Access or Related,38.990594133,3,Dark - Lighted,2024-03-26,-76.944087367,S,12.26,F,N,No,,,9A9E01217ECD5EB92954335A3C6A4621528F2C8ACCB91C1597E33D9172662186,SR,1,No,,,,,1.0,Dry,,,No,,,,,,,"Other Pedestrian (person in a building, skater, personal conveyance, etc.)",5cea3c2e-4839-402b-bf80-67df4729b256,DS0499000B,6.0,Walking/Cycling Along Roadway With Traffic (In or Adjacent to Travel Lane),19.0,ELLICOTT CITY,99.0,Unknown,0.0,Not Distracted,,,M,1.0,No,3.0,Suspected Minor Injury,3.0,Intersection – Other,99.0,Unknown,MD,b6f7c4c7-1480-4576-88b5-fdf6d0fd0d88,7.0,N,21042,POINT (-76.94408736699999 38.990594133)
82023,Prince George's,Property Damage Crashes,DS0401000W,University of Maryland Police College Park,Single Vehicle,,No,No,No,No,,,,No,True,No,5/15/2024,5/15/2024,16,UMCP,101,16,3,,,Point,16:20,2024,Wednesday,35,"Other Fixed Object (wall, building, tunnel, etc.)",99,Unknown,,,101.0,State,,,,,38.990711907,1,Daylight,2024-05-15,-76.939129447,,,F,N,Yes,102.0,Parking Lot Way,,,1,No,97.0,Not Applicable,,,,,,,No,,,,,,,,,,,,,,,,,,,,,,,,,,,,,,,,,,POINT (-76.939129447 38.990711907)
24992,Prince George's,Property Damage Crashes,DS0502000F,University of Maryland Police College Park,Angle,,Yes,No,No,No,,,,No,True,No,4/12/2024,4/12/2024,18,UMCP,1,16,3,,,Point,18:51,2024,Friday,15,Parked Vehicle,2,In Parking Lane Or Zone,,,,,,,,,38.990828197,1,Daylight,2024-04-12,-76.949004713,,,F,N,Yes,100.0,Parking Stall,,,1,No,,,,,,,,,No,,,,,,,,,,,,,,,,,,,,,,,,,,,,,,,,,,POINT (-76.94900471299999 38.990828197)
44872,Prince George's,Injury Crashes,DA4332002N,Prince George's County Police,"Sideswipe, Opposite Direction",Principal Arterial – Other,No,No,No,No,,1.0,UNITED STATE ROUTE,No,True,No,9/10/2024,9/10/2024,16,PGCOPD,6,16,2,Yes,4.0,Point,16:00,2024,Tuesday,12,Motor Vehicle In Transport,7,"On Shoulder, Right Side",3.0,Perpendicular,,,MELBOURNE PL,3.0,5.0,Intersection or Related,38.990862305,1,Daylight,2024-09-10,-76.933910978,W,0.0,F,N,No,,,25747FA2509EAC64076C537CC117DDA137876463D9B30950BAA972E86227CC09,US,1,No,,,,,1.0,Dry,1.0,Signalized,No,,,,,,,,,,,,,,,,,,,,,,,,,,,,,,,,,,POINT (-76.933910978 38.990862305)
78269,Prince George's,Property Damage Crashes,DS0503000N,University of Maryland Police College Park,Rear To Side,Principal Arterial – Other,No,No,No,No,BALTIMORE AVE,1.0,UNITED STATE ROUTE,No,True,No,8/25/2024,8/25/2024,21,UMCP,5,16,3,Yes,2.0,Point,21:42,2024,Sunday,12,Motor Vehicle In Transport,5,On Roadway,3.0,Perpendicular,,,MELBOURNE PL,3.0,5.0,Intersection or Related,38.990874122,3,Dark - Lighted,2024-08-25,-76.933949977,S,0.0,F,N,No,,,19E1EB1CAAD15565AA65C0836499B13E4F427D411AC301BF53CD085B2F00C755,US,1,No,12.0,Motor Vehicle In Transport,5.0,On Roadway,1.0,Dry,1.0,Signalized,No,,,,,,,,,,,,,,,,,,,,,,,,,,,,,,,,,,POINT (-76.933949977 38.990874122)
66539,Prince George's,Property Damage Crashes,DS0415001S,University of Maryland Police College Park,Single Vehicle,,No,No,No,No,,,,No,True,No,8/7/2024,8/7/2024,13,UMCP,101,16,3,,,Point,13:00,2024,Wednesday,35,"Other Fixed Object (wall, building, tunnel, etc.)",99,Unknown,,,,,,,,,38.990916765,1,Daylight,2024-08-07,-76.946905322,,,F,N,Yes,107.0,Alley,,,1,No,97.0,Not Applicable,,,,,,,No,,,,,,,,,,,,,,,,,,,,,,,,,,,,,,,,,,POINT (-76.94690532200001 38.990916765)
45913,Prince George's,Property Damage Crashes,DS04210028,University of Maryland Police College Park,Single Vehicle,,Yes,No,No,No,,,,No,True,No,6/25/2024,6/25/2024,13,UMCP,101,16,3,,,Point,13:22,2024,Tuesday,36,"Other Post, Pole, Or Support",99,Unknown,,,101.0,State,,,,,38.991082196,1,Daylight,2024-06-25,-76.945026476,,,F,N,Yes,104.0,Service Road,,,1,No,36.0,"Other Post, Pole, Or Support",99.0,Unknown,,,,,No,,,,,,,,,,,,,,,,,,,,,,,,,,,,,,,,,,POINT (-76.945026476 38.991082196)
28034,Prince George's,Property Damage Crashes,DS0321000C,University of Maryland Police College Park,Single Vehicle,,No,No,No,No,,,,No,True,No,5/16/2024,5/16/2024,20,UMCP,101,16,3,,,Point,20:10,2024,Thursday,41,Utility Pole/Light Support,9,Roadside,,,101.0,State,,,,,38.991131432,1,Daylight,2024-05-16,-76.946465834,,,F,N,Yes,107.0,Alley,,,1,No,41.0,Utility Pole/Light Support,9.0,Roadside,,,,,No,,,,,,,,,,,,,,,,,,,,,,,,,,,,,,,,,,POINT (-76.94646583399999 38.991131432)
41854,Prince George's,Property Damage Crashes,DS05160006,University of Maryland Police College Park,"Sideswipe, Same Direction",Local,No,No,No,No,STADIUM DR,165.0,STATE ROAD,Yes,True,No,4/24/2024,4/24/2024,9,UMCP,7,16,3,Yes,,Point,09:30,2024,Wednesday,12,Motor Vehicle In Transport,5,On Roadway,7.0,,,,,,9.0,Through Roadway,38.991132439,1,Daylight,2024-04-24,-76.946567847,S,14.68,F,N,No,,,A23133F6CFE6B9594B07681DC93439AD41CCCAFF73EC7ED89A9425DF57B74F18,SR,1,No,,,,,1.0,Dry,,,No,,,,,,,,,,,,,,,,,,,,,,,,,,,,,,,,,,POINT (-76.946567847 38.991132439)
1715,Prince George's,Property Damage Crashes,MSP7764004V,Maryland State Police,"Sideswipe, Same Direction",,No,No,No,No,NO NAME,2218.0,LOCAL ROAD,No,True,No,10/11/2024,10/11/2024,22,MSP,7,16,3,No,,Point,22:45,2024,Friday,15,Parked Vehicle,5,On Roadway,,,,,,,6.0,Non-Junction,38.991230138,3,Dark - Lighted,2024-10-11,-76.950029862,E,12.63,F,N,No,,,97D67662A9C2DB442B0EFED61640D58F7161877F2A224697E6993C9A4CA7F200,LL,1,No,,,,,1.0,Dry,,,No,,,,,,,,,,,,,,,,,,,,,,,,,,,,,,,,,,POINT (-76.95002986199999 38.991230138)
87117,Prince George's,Property Damage Crashes,DS0520000H,University of Maryland Police College Park,Single Vehicle,,No,Yes,No,No,,,,No,True,No,8/31/2024,8/31/2024,19,UMCP,101,16,3,,,Point,19:34,2024,Saturday,35,"Other Fixed Object (wall, building, tunnel, etc.)",2,In Parking Lane Or Zone,,,,,,,,,38.991264083,3,Dark - Lighted,2024-08-31,-76.934503153,,,F,N,Yes,102.0,Parking Lot Way,,,1,No,,,,,,,,,No,,,,,,,,,,,,,,,,,,,,,,,,,,,,,,,,,,POINT (-76.93450315299999 38.991264083)
67183,Prince George's,Property Damage Crashes,DS05250004,University of Maryland Police College Park,Single Vehicle,Principal Arterial – Other,No,No,No,No,UNIVERSITY BLVD,193.0,MARYLAND ROUTE,No,True,No,12/9/2024,12/9/2024,6,UMCP,101,16,3,No,,Point,06:07,2024,Monday,9,Animal (live),5,On Roadway,3.0,,,,,,6.0,Non-Junction,38.991326836,4,Dark - Not Lighted,2024-12-09,-76.952272836,N,13.58,F,N,No,,,BD931B0F734569E27AB55EB2BFF07AFC71FAF4D1BA4715FA0E2420D13FF7BD7F,MD,1,No,,,,,1.0,Dry,,,No,,,,,,,,,,,,,,,,,,,,,,,,,,,,,,,,,,POINT (-76.95227283600001 38.991326836)
100595,Prince George's,Property Damage Crashes,DS0457000Y,University of Maryland Police College Park,Front to Rear,,Yes,No,No,No,STADIUM DR,660.0,LOCAL ROAD,No,True,No,10/11/2024,10/11/2024,17,UMCP,3,16,3,Yes,2.0,Point,17:50,2024,Friday,12,Motor Vehicle In Transport,5,On Roadway,,Roundabout/Traffic Circle,,,STADIUM DR,2.0,5.0,Intersection or Related,38.991655058,1,Daylight,2024-10-11,-76.949303382,S,0.0,F,N,No,,,DAA8920C1793216FEC0E4C1C87380D5B6EDD8452C2842C102F9E357D96D1C686,LL,1,No,,,,,1.0,Dry,4.0,Yield,No,,,,,,,,,,,,,,,,,,,,,,,,,,,,,,,,,,POINT (-76.949303382 38.991655058)
28666,Prince George's,Injury Crashes,DS0243002F,University of Maryland Police College Park,Single Vehicle,Local,No,Yes,No,Yes,STADIUM DR,165.0,STATE ROAD,No,True,No,4/18/2024,4/18/2024,19,UMCP,101,16,2,No,,Point,19:05,2024,Thursday,16,Pedalcycle,5,On Roadway,7.0,,,,,,6.0,Non-Junction,38.991810332,1,Daylight,2024-04-18,-76.947561707,S,19.99,F,N,No,,,AB9AE941359641E135DE44B1C04880F96511F15DF696D1301B2B8C88B7AF3C9E,SR,1,No,97.0,Not Applicable,,,1.0,Dry,,,No,,,,,,,Cyclist (non-electric),e5d43f2f-8167-411f-88f1-add9f68f2a0c,DS0243002F,6.0,Walking/Cycling Along Roadway With Traffic (In or Adjacent to Travel Lane),19.0,CLARKSVILLE,3.0,Right,0.0,Not Distracted,,,M,1.0,No,4.0,Possible Injury,7.0,Travel Lane – Other Location,99.0,Unknown,MD,cdcae737-a247-469b-aad0-96f074eb9bd1,101.0,N,21029,POINT (-76.94756170700001 38.991810332)
34015,Prince George's,Property Damage Crashes,DA44150002,Prince George's County Police,"Sideswipe, Same Direction",Principal Arterial – Other,No,No,No,No,,1.0,UNITED STATE ROUTE,No,True,No,12/17/2024,12/17/2024,19,PGCOPD,7,16,3,No,,Point,19:52,2024,Tuesday,12,Motor Vehicle In Transport,5,On Roadway,3.0,,,,,,6.0,Non-Junction,38.991873737,3,Dark - Lighted,2024-12-17,-76.933658041,N,93.99,F,N,No,,,DD44003299C46610F26243E41FBF769A1746D62FF4C0EE9B9D1B9AF4F999C32C,US,1,No,12.0,Motor Vehicle In Transport,5.0,On Roadway,1.0,Dry,,,No,,,,,,,,,,,,,,,,,,,,,,,,,,,,,,,,,,POINT (-76.933658041 38.991873737)
60297,Prince George's,Injury Crashes,DA4331002P,Prince George's County Police,Single Vehicle,Principal Arterial – Other,No,No,No,No,,1.0,UNITED STATE ROUTE,No,True,No,6/9/2024,6/9/2024,13,PGCOPD,101,16,2,No,,Point,13:07,2024,Sunday,35,"Other Fixed Object (wall, building, tunnel, etc.)",4,"Off-Roadway, Location Unknown",3.0,,,,,,6.0,Non-Junction,38.991903259,1,Daylight,2024-06-09,-76.933472067,N,6.31,F,N,No,,,9CFF2609FA765B2E0F9B9DEB5AE4C13259E705C6E67609CD2FD4988B6A1EDFB7,US,1,No,,,,,1.0,Dry,,,No,,,,,,,,,,,,,,,,,,,,,,,,,,,,,,,,,,POINT (-76.933472067 38.991903259)
10558,Prince George's,Injury Crashes,DA380500CP,Prince George's County Police,Front to Rear,Principal Arterial – Other,No,No,No,No,BALTIMORE AVE,1.0,UNITED STATE ROUTE,No,True,Yes,2/12/2024,2/12/2024,23,PGCOPD,3,16,2,Yes,3.0,Point,23:40,2024,Monday,12,Motor Vehicle In Transport,5,On Roadway,3.0,Perpendicular,,,NAVAHOE ST,3.0,5.0,Intersection or Related,38.991925664,3,Dark - Lighted,2024-02-12,-76.933370078,N,0.0,F,N,No,,,88E746D9DB93463B8D48A1FCC6353BE6ACB085316C0021CC3A689025A4ACF582,US,1,No,,,,,9.0,Wet,3.0,Stop - Partial,Yes,N,4.0,Activity Area,3.0,Work on Shoulder or Median,No,,,,,,,,,,,,,,,,,,,,,,,,,,,,POINT (-76.933370078 38.991925664)
42045,Prince George's,Property Damage Crashes,DS0505000M,University of Maryland Police College Park,Single Vehicle,Local,No,No,No,No,STADIUM DR,165.0,STATE ROAD,No,True,No,11/23/2024,11/23/2024,23,UMCP,101,16,3,No,,Point,23:56,2024,Saturday,37,Other Traffic Barrier,5,On Roadway,7.0,,,,,,6.0,Non-Junction,38.991966274,3,Dark - Lighted,2024-11-23,-76.95057165,N,17.54,F,N,No,,,AC989989F48BC399D966BD405EBCF90EE894AB23723E8201855C7F8041435609,SR,1,No,,,,,1.0,Dry,,,No,,,,,,,,,,,,,,,,,,,,,,,,,,,,,,,,,,POINT (-76.95057165 38.991966274)
17899,Prince George's,Property Damage Crashes,DA3702004P,Prince George's County Police,Angle,,No,No,No,No,,,,No,True,No,10/19/2024,10/19/2024,21,PGCOPD,1,16,3,,,Point,21:30,2024,Saturday,15,Parked Vehicle,5,On Roadway,,,,,,,,,38.992079896,3,Dark - Lighted,2024-10-19,-76.934094548,,,F,N,Yes,102.0,Parking Lot Way,,,1,No,,,,,,,,,No,,,,,,,,,,,,,,,,,,,,,,,,,,,,,,,,,,POINT (-76.934094548 38.992079896)
37959,Prince George's,Property Damage Crashes,DS05240002,University of Maryland Police College Park,Single Vehicle,Local,No,Yes,No,No,REGENTS DR,162.0,STATE ROAD,No,True,No,7/12/2024,7/12/2024,10,UMCP,101,16,3,No,,Point,10:12,2024,Friday,36,"Other Post, Pole, Or Support",9,Roadside,7.0,,101.0,State,,,6.0,Non-Junction,38.992139578,1,Daylight,2024-07-12,-76.940237859,N,4.19,F,N,No,,,92D35E49986B2ED663A82DFCD9C33EE6609107E718D5FA80A45F4BA89690AFA8,SR,1,No,36.0,"Other Post, Pole, Or Support",9.0,Roadside,1.0,Dry,,,No,,,,,,,,,,,,,,,,,,,,,,,,,,,,,,,,,,POINT (-76.94023785900001 38.992139578)
13169,Prince George's,Property Damage Crashes,DS0483000Y,University of Maryland Police College Park,"Sideswipe, Same Direction",,No,Yes,No,No,,,,No,True,No,4/16/2024,4/16/2024,14,UMCP,7,16,3,,,Point,14:24,2024,Tuesday,12,Motor Vehicle In Transport,5,On Roadway,,,,,,,,,38.992368764,1,Daylight,2024-04-16,-76.933976536,,,F,N,Yes,104.0,Service Road,,,1,No,12.0,Motor Vehicle In Transport,5.0,On Roadway,,,,,No,,,,,,,,,,,,,,,,,,,,,,,,,,,,,,,,,,POINT (-76.933976536 38.992368764)
50364,Prince George's,Injury Crashes,DS0505000L,University of Maryland Police College Park,Front to Rear,Principal Arterial – Other,Yes,No,No,No,UNIVERSITY BLVD,193.0,MARYLAND ROUTE,No,True,No,10/4/2024,10/4/2024,6,UMCP,3,16,2,No,,Point,06:04,2024,Friday,12,Motor Vehicle In Transport,5,On Roadway,3.0,,101.0,State,,,6.0,Non-Junction,38.99240908,3,Dark - Lighted,2024-10-04,-76.951537892,S,17.93,F,N,No,,,63BE57F7AD15A3C4A139FCF8485555FF73E3B56B58053F86F528FCD46C19D2EA,MD,1,No,36.0,"Other Post, Pole, Or Support",5.0,On Roadway,1.0,Dry,,,No,,,,,,,,,,,,,,,,,,,,,,,,,,,,,,,,,,POINT (-76.951537892 38.99240908)
29666,Prince George's,Property Damage Crashes,DS0506000J,University of Maryland Police College Park,Unknown,,No,No,No,No,,,,No,True,No,9/5/2024,9/5/2024,10,UMCP,99,16,3,,,Point,10:00,2024,Thursday,15,Parked Vehicle,2,In Parking Lane Or Zone,,,,,,,,,38.992417691,99,Unknown,2024-09-05,-76.942404742,,,F,N,Yes,102.0,Parking Lot Way,,,1,No,97.0,Not Applicable,,,,,,,No,,,,,,,,,,,,,,,,,,,,,,,,,,,,,,,,,,POINT (-76.94240474199999 38.992417691)
70264,Prince George's,Property Damage Crashes,DA4293002T,Prince George's County Police,"Sideswipe, Same Direction",Principal Arterial – Other,No,No,No,No,,1.0,UNITED STATE ROUTE,No,True,No,5/6/2024,5/6/2024,19,PGCOPD,7,16,3,No,,Point,19:17,2024,Monday,12,Motor Vehicle In Transport,5,On Roadway,3.0,,,,,,6.0,Non-Junction,38.992461944,1,Daylight,2024-05-06,-76.933165011,N,15.5,F,N,No,,,A88DE2081305EDB10B394B2D1D095A6E0410F1F7CA61A87E37C6DD20B6102A7F,US,1,No,,,,,1.0,Dry,,,No,,,,,,,,,,,,,,,,,,,,,,,,,,,,,,,,,,POINT (-76.933165011 38.992461944)
61723,Prince George's,Injury Crashes,DA3438001G,Prince George's County Police,"Sideswipe, Opposite Direction",Local,No,No,No,No,BERWYN HOUSE RD,110.0,MUNICIPAL ROAD,No,True,No,9/26/2024,9/26/2024,11,PGCOPD,6,16,2,No,,Point,11:59,2024,Thursday,12,Motor Vehicle In Transport,8,Outside Road/Right-Of-Way,7.0,,,,,,6.0,Non-Junction,38.992652064,1,Daylight,2024-09-26,-76.933276674,E,92.33,F,N,No,,,444B167B349719ED4CC98F1B3231CC4EB471CBFD6A0AAB24C23E3562652F787C,MU,1,No,12.0,Motor Vehicle In Transport,5.0,On Roadway,1.0,Dry,,,No,,,,,,,,,,,,,,,,,,,,,,,,,,,,,,,,,,POINT (-76.933276674 38.992652064)
41662,Prince George's,Property Damage Crashes,DS04870009,University of Maryland Police College Park,Single Vehicle,Local,No,No,No,No,TECHNOLOGY DR,202.0,STATE ROAD,No,True,No,4/27/2024,4/27/2024,14,UMCP,101,16,3,No,,Point,14:50,2024,Saturday,36,"Other Post, Pole, Or Support",9,Roadside,7.0,,101.0,State,,,6.0,Non-Junction,38.992672338,1,Daylight,2024-04-27,-76.939118549,W,14.99,F,N,No,,,9A95012E5524A85638C885BA3A3D62962D9ACC87AC9FAC2A2FC130DB29C46907,SR,1,No,97.0,Not Applicable,,,9.0,Wet,,,No,,,,,,,,,,,,,,,,,,,,,,,,,,,,,,,,,,POINT (-76.939118549 38.992672338)
70274,Prince George's,Property Damage Crashes,DA3447003M,Prince George's County Police,Single Vehicle,Principal Arterial – Other,No,No,No,No,,1.0,UNITED STATE ROUTE,No,True,Yes,4/21/2024,4/21/2024,9,PGCOPD,101,16,3,No,,Point,09:11,2024,Sunday,13,Other Non-Fixed Object,6,"On Shoulder, Left Side",3.0,,,,BERWYN HOUSE RD,,9.0,Through Roadway,38.992701583,1,Daylight,2024-04-21,-76.933122865,N,14.39,F,N,No,,,CB9FA6733DFAD16B64D84567BEF15435B8DD4FBEC0EDD6201C29578F3C0E40FE,US,1,No,,,,,1.0,Dry,,,Yes,N,4.0,Activity Area,3.0,Work on Shoulder or Median,No,,,,,,,,,,,,,,,,,,,,,,,,,,,,POINT (-76.933122865 38.992701583)
14679,Prince George's,Property Damage Crashes,DS03910029,University of Maryland Police College Park,"Sideswipe, Same Direction",Principal Arterial – Other,No,No,No,No,,1.0,UNITED STATE ROUTE,No,True,No,6/21/2024,6/21/2024,15,UMCP,7,16,3,No,4.0,Point,15:31,2024,Friday,12,Motor Vehicle In Transport,5,On Roadway,3.0,Perpendicular,,,BERWYN HOUSE RD,3.0,5.0,Intersection or Related,38.992710939,1,Daylight,2024-06-21,-76.933128404,N,0.0,F,N,No,,,CB9FA6733DFAD16B64D84567BEF15435B8DD4FBEC0EDD6201C29578F3C0E40FE,US,1,No,97.0,Not Applicable,,,1.0,Dry,1.0,Signalized,No,,,,,,,,,,,,,,,,,,,,,,,,,,,,,,,,,,POINT (-76.933128404 38.992710939)
76215,Prince George's,Property Damage Crashes,DA418100CD,Prince George's County Police,Single Vehicle,,No,No,No,No,MOHEGAN PL,2256.0,LOCAL ROAD,No,True,No,1/18/2024,1/18/2024,14,PGCOPD,101,16,3,No,,Point,14:47,2024,Thursday,35,"Other Fixed Object (wall, building, tunnel, etc.)",4,"Off-Roadway, Location Unknown",,,,,MOHEGAN PL,,6.0,Non-Junction,38.992719445,1,Daylight,2024-01-18,-76.930902173,S,15.52,F,N,No,,,3EF859B1022C9B4DC80C12ED333EADE575AC0D120EE7A9D31B1DB9459493BE39,LL,1,No,100.0,Spilled Cargo,4.0,"Off-Roadway, Location Unknown",2.0,Ice/Frost,,,No,,,,,,,,,,,,,,,,,,,,,,,,,,,,,,,,,,POINT (-76.93090217300001 38.992719445)
102447,Prince George's,Injury Crashes,DA37740086,Prince George's County Police,Single Vehicle,Local,No,No,No,Yes,BERWYN HOUSE RD,5545.0,OTHER PUBLIC ROAD,No,True,No,11/14/2024,11/14/2024,20,PGCOPD,101,16,2,No,4.0,Point,20:35,2024,Thursday,17,Pedestrian,5,On Roadway,7.0,Perpendicular,,,BALTIMORE AVE BERWYN HOUSE RD,3.0,5.0,Intersection or Related,38.992751108,3,Dark - Lighted,2024-11-14,-76.932988159,W,0.0,F,N,No,,,A07F6EDE62C0C50746EE2B94FD6BEB5008ED8AAA53A9AFCB7B69FF58AC3C7EBA,OP,1,No,,,,,9.0,Wet,1.0,Signalized,No,,,,,,,Pedestrian,085e5776-6fd5-44b5-8cf2-3bed287fb116,DA37740086,100.0,Cross/Enter at Intersection,21.0,COLLEGE PARK,9.0,Left,99.0,Unknown,99.0,Unknown,M,1.0,No,3.0,Suspected Minor Injury,1.0,Intersection – Marked Crosswalk,97.0,Not Applicable,MD,ffbfb370-e624-413f-beb9-de09af4f5d51,6.0,N,20740,POINT (-76.932988159 38.992751108)
6349,Prince George's,Property Damage Crashes,DS0502000N,University of Maryland Police College Park,"Sideswipe, Opposite Direction",,No,No,No,No,,,,No,True,No,10/28/2024,10/28/2024,8,UMCP,6,16,3,,,Point,08:59,2024,Monday,12,Motor Vehicle In Transport,2,In Parking Lane Or Zone,,,,,,,,,38.992754378,1,Daylight,2024-10-28,-76.947760467,,,F,N,Yes,100.0,Parking Stall,,,1,No,40.0,Tree (standing),8.0,Outside Road/Right-Of-Way,,,,,No,,,,,,,,,,,,,,,,,,,,,,,,,,,,,,,,,,POINT (-76.94776046699999 38.992754378)
19686,Prince George's,Injury Crashes,DA325700CZ,Prince George's County Police,Single Vehicle,Principal Arterial – Other,No,No,No,Yes,,1.0,UNITED STATE ROUTE,No,True,No,12/11/2024,12/11/2024,17,PGCOPD,101,16,2,Yes,4.0,Point,17:29,2024,Wednesday,17,Pedestrian,5,On Roadway,3.0,Perpendicular,,,BERWYN HOUSE RD,3.0,5.0,Intersection or Related,38.99276376,3,Dark - Lighted,2024-12-11,-76.933145948,S,0.0,F,N,No,,,CB9FA6733DFAD16B64D84567BEF15435B8DD4FBEC0EDD6201C29578F3C0E40FE,US,1,No,,,,,9.0,Wet,1.0,Signalized,No,,,,,,,Pedestrian,a36faa6d-12d2-4b2b-89ad-84398031028d,DA325700CZ,100.0,Cross/Enter at Intersection,26.0,COLLEGE PARK,3.0,Right,0.0,Not Distracted,,,F,1.0,No,3.0,Suspected Minor Injury,1.0,Intersection – Marked Crosswalk,97.0,Not Applicable,MD,efa4c064-0d2d-434b-be6b-4bcc77672a8f,6.0,N,20742,POINT (-76.933145948 38.99276376)
106071,Prince George's,Injury Crashes,DA41930070,Prince George's County Police,Single Vehicle,Local,No,No,No,Yes,BERWYN HOUSE RD,5545.0,OTHER PUBLIC ROAD,No,True,No,2/5/2024,2/5/2024,23,PGCOPD,101,16,2,No,,Point,23:37,2024,Monday,17,Pedestrian,5,On Roadway,7.0,,,,,,6.0,Non-Junction,38.992910625,3,Dark - Lighted,2024-02-05,-76.93363676,N,7.02,F,N,No,,,0895A5F2FFD83B4B589A36F13DF4503044AC95FAE8DF074C7E5D6D295590100A,OP,1,No,,,,,1.0,Dry,,,No,,,,,,,Pedestrian,621d3644-192d-4814-9d29-4b0aaef07300,DA41930070,101.0,Cross/Enter Not at Intersection,20.0,ASHTON,12.0,Front,0.0,Not Distracted,,,F,1.0,No,4.0,Possible Injury,5.0,Midblock – Marked Crosswalk,97.0,Not Applicable,MD,5c35afc8-3eb4-43c2-b471-50710a70bd59,6.0,N,20861,POINT (-76.93363676 38.992910625)
16278,Prince George's,Property Damage Crashes,DS04500010,University of Maryland Police College Park,Single Vehicle,,No,No,No,No,,,,No,True,No,8/24/2024,8/24/2024,21,UMCP,101,16,3,,,Point,21:15,2024,Saturday,36,"Other Post, Pole, Or Support",8,Outside Road/Right-Of-Way,,,101.0,State,,,,,38.993008573,4,Dark - Not Lighted,2024-08-24,-76.945475517,,,F,N,Yes,104.0,Service Road,,,1,No,,,,,,,,,No,,,,,,,,,,,,,,,,,,,,,,,,,,,,,,,,,,POINT (-76.94547551700001 38.993008573)
88434,Prince George's,Property Damage Crashes,DS0506000D,University of Maryland Police College Park,Rear To Rear,,No,No,No,No,,1507.0,PRIVATE ROAD,No,True,No,6/5/2024,6/5/2024,18,UMCP,4,16,3,No,,Point,18:00,2024,Wednesday,12,Motor Vehicle In Transport,2,In Parking Lane Or Zone,,,,,FARM DR,,6.0,Non-Junction,38.993015479,1,Daylight,2024-06-05,-76.947481448,W,63.93,F,N,No,,,26422A57AA5AC5FA03FD0383ACB30502175521E3947D7BF619D1081950E487E8,PV,1,No,15.0,Parked Vehicle,2.0,In Parking Lane Or Zone,9.0,Wet,,,No,,,,,,,,,,,,,,,,,,,,,,,,,,,,,,,,,,POINT (-76.947481448 38.993015479)
22165,Prince George's,Property Damage Crashes,DA4381001S,Prince George's County Police,Front to Rear,Principal Arterial – Other,No,No,No,No,,1.0,UNITED STATE ROUTE,Yes,True,No,10/26/2024,10/26/2024,15,PGCOPD,3,16,3,No,,Point,15:00,2024,Saturday,12,Motor Vehicle In Transport,5,On Roadway,3.0,,,,,,1.0,Acceleration/Deceleration Lane,38.993061453,1,Daylight,2024-10-26,-76.932777499,W,47.7,F,N,No,,,952AE36791FCA55B6624E8B1B1C3F5D8DF4D7F33AB55AB1909EC4517447932DC,US,1,No,,,,,1.0,Dry,,,No,,,,,,,,,,,,,,,,,,,,,,,,,,,,,,,,,,POINT (-76.932777499 38.993061453)
44165,Prince George's,Property Damage Crashes,DS05020009,University of Maryland Police College Park,"Sideswipe, Same Direction",Principal Arterial – Other,No,No,No,No,BALTIMORE AVE,1.0,UNITED STATE ROUTE,No,True,Yes,3/7/2024,3/7/2024,7,UMCP,7,16,3,No,,Point,07:50,2024,Thursday,12,Motor Vehicle In Transport,5,On Roadway,3.0,,,,,,6.0,Non-Junction,38.993176351,1,Daylight,2024-03-07,-76.932937198,N,27.19,F,N,No,,,253F885809C534023CF9B7F844710547EECBBA6EBAF8AD887EB46AD87D20EE8B,US,1,No,97.0,Not Applicable,,,1.0,Dry,,,Yes,N,4.0,Activity Area,1.0,Lane Closure,Yes,,,,,,,,,,,,,,,,,,,,,,,,,,,,POINT (-76.932937198 38.993176351)
70780,Prince George's,Property Damage Crashes,DS05200004,University of Maryland Police College Park,"Sideswipe, Same Direction",,No,Yes,No,No,,207.0,PRIVATE ROAD,No,True,No,1/24/2024,1/24/2024,12,UMCP,7,16,3,No,,Point,12:11,2024,Wednesday,12,Motor Vehicle In Transport,2,In Parking Lane Or Zone,,,,,,,6.0,Non-Junction,38.993194726,1,Daylight,2024-01-24,-76.949233929,S,17.75,F,N,No,,,5384C64A6FB1F3864BD79F9523D05E1D40F3B59D916465CE3EFE44CACA425B54,PV,1,No,,,,,9.0,Wet,,,No,,,,,,,,,,,,,,,,,,,,,,,,,,,,,,,,,,POINT (-76.949233929 38.993194726)
69100,Prince George's,Injury Crashes,DA41930072,Prince George's County Police,Front to Rear,Principal Arterial – Other,No,No,No,No,UNIVERSITY BLVD (WB/L),193.0,MARYLAND ROUTE,No,True,No,2/27/2024,2/27/2024,18,PGCOPD,3,16,2,No,,Point,18:28,2024,Tuesday,12,Motor Vehicle In Transport,5,On Roadway,3.0,,,,,,6.0,Non-Junction,38.993308169,4,Dark - Not Lighted,2024-02-27,-76.951302903,N,32.66,F,N,No,,,280049133A6B31FD4C0A7C41769F4F2542E04C979F46F179F2F9757C46BE5697,MD,1,No,,,,,1.0,Dry,,,No,,,,,,,,,,,,,,,,,,,,,,,,,,,,,,,,,,POINT (-76.951302903 38.993308169)
57766,Prince George's,Property Damage Crashes,DS0471000M,University of Maryland Police College Park,"Sideswipe, Same Direction",,No,No,No,No,,,,No,True,No,8/31/2024,8/31/2024,16,UMCP,7,16,3,,,Point,16:09,2024,Saturday,15,Parked Vehicle,2,In Parking Lane Or Zone,,,,,,,,,38.993384707,1,Daylight,2024-08-31,-76.935833556,,,F,N,Yes,101.0,Parking Aisle,,,1,No,,,,,,,,,No,,,,,,,,,,,,,,,,,,,,,,,,,,,,,,,,,,POINT (-76.93583355600001 38.993384707)
85166,Prince George's,Property Damage Crashes,DS0242001W,University of Maryland Police College Park,Single Vehicle,Local,No,Yes,No,No,REGENTS DR,162.0,STATE ROAD,No,True,No,5/21/2024,5/21/2024,19,UMCP,101,16,3,No,,Point,19:10,2024,Tuesday,35,"Other Fixed Object (wall, building, tunnel, etc.)",5,On Roadway,7.0,,101.0,State,NO NAME,,6.0,Non-Junction,38.993587546,1,Daylight,2024-05-21,-76.939983127,S,31.96,F,N,No,,,0770C8EA7C25C8A6EA209FF42C9F4C1EFEE8B325B8FB7FB054B1B07D61A91F93,SR,1,No,97.0,Not Applicable,,,1.0,Dry,,,No,,,,,,,,,,,,,,,,,,,,,,,,,,,,,,,,,,POINT (-76.939983127 38.993587546)
20172,Prince George's,Property Damage Crashes,DS0401000X,University of Maryland Police College Park,Front to Rear,Local,No,No,No,No,REGENTS DR,162.0,STATE ROAD,No,True,No,5/29/2024,5/29/2024,15,UMCP,3,16,3,No,,Point,15:23,2024,Wednesday,12,Motor Vehicle In Transport,8,Outside Road/Right-Of-Way,7.0,,,,,,99.0,Unknown,38.993612408,1,Daylight,2024-05-29,-76.939661901,W,16.99,F,N,No,,,B66B50562D8F64308BA7223780587B7C5B210B67F3C2AD4FF986128F27C42FED,SR,1,No,12.0,Motor Vehicle In Transport,99.0,Unknown,1.0,Dry,,,No,,,,,,,,,,,,,,,,,,,,,,,,,,,,,,,,,,POINT (-76.93966190099999 38.993612408)
75452,Prince George's,Property Damage Crashes,DA4050005Z,Prince George's County Police,Angle,Principal Arterial – Other,No,No,No,No,BALTIMORE AVE,1.0,UNITED STATE ROUTE,No,True,No,6/27/2024,6/27/2024,21,PGCOPD,1,16,3,No,,Point,21:20,2024,Thursday,12,Motor Vehicle In Transport,5,On Roadway,3.0,,,,,,9.0,Through Roadway,38.993739696,3,Dark - Lighted,2024-06-27,-76.932638448,S,8.14,F,N,No,,,E0727B8C5DE32B41BA75E832BD2DE1E5670758EF7E34920E0807D9D9E794A971,US,1,No,,,,,1.0,Dry,,,No,,,,,,,,,,,,,,,,,,,,,,,,,,,,,,,,,,POINT (-76.93263844800001 38.993739696)
94189,Prince George's,Property Damage Crashes,DS05290003,University of Maryland Police College Park,Single Vehicle,,Yes,No,No,No,,,,No,True,No,10/29/2024,10/29/2024,17,UMCP,101,16,3,,,Point,17:22,2024,Tuesday,35,"Other Fixed Object (wall, building, tunnel, etc.)",2,In Parking Lane Or Zone,,,,,,,,,38.993868002,1,Daylight,2024-10-29,-76.939057963,,,F,N,Yes,102.0,Parking Lot Way,,,1,No,,,,,,,,,No,,,,,,,,,,,,,,,,,,,,,,,,,,,,,,,,,,POINT (-76.939057963 38.993868002)
67974,Prince George's,Injury Crashes,DA3126000Q,Prince George's County Police,Other,Principal Arterial – Other,No,No,No,No,BALTIMORE AVE,1.0,UNITED STATE ROUTE,No,True,No,2/12/2024,2/12/2024,19,PGCOPD,98,16,2,No,,Point,19:30,2024,Monday,12,Motor Vehicle In Transport,5,On Roadway,3.0,,,,,,99.0,Unknown,38.993880483,3,Dark - Lighted,2024-02-12,-76.932604961,S,3.73,F,N,No,,,E632A40448C5AF35A4911DD18A7EAC371C9DF2EDE15AC4FAD38A2FB108A8E392,US,1,No,,,,,9.0,Wet,,,No,,,,,,,,,,,,,,,,,,,,,,,,,,,,,,,,,,POINT (-76.932604961 38.993880483)
104211,Prince George's,Property Damage Crashes,DA4394000G,Prince George's County Police,Angle,Minor Arterial,No,No,No,No,ADELPHI RD,232.0,COUNTY ROAD,No,True,No,9/27/2024,9/27/2024,15,PGCOPD,1,16,3,Yes,2.0,Point,15:45,2024,Friday,12,Motor Vehicle In Transport,5,On Roadway,4.0,Angled/Skewed,,,26TH PL,1.0,5.0,Intersection or Related,38.993884049,1,Daylight,2024-09-27,-76.95975442,S,0.0,F,N,No,,,CA648EF8E11FE1324ABC1A7F689C8764B2033292EB3F9A8EC96055DF5486AFDC,CO,1,No,12.0,Motor Vehicle In Transport,5.0,On Roadway,9.0,Wet,1.0,Signalized,No,,,,,,,,,,,,,,,,,,,,,,,,,,,,,,,,,,POINT (-76.95975442 38.993884049)
79919,Prince George's,Injury Crashes,DS0487000B,University of Maryland Police College Park,Front to Rear,Principal Arterial – Other,Yes,No,No,No,BALTIMORE AVE,1.0,UNITED STATE ROUTE,No,True,No,11/28/2024,11/28/2024,0,UMCP,3,16,2,No,,Point,00:54,2024,Thursday,12,Motor Vehicle In Transport,3,Median,3.0,,101.0,State,,,1.0,Acceleration/Deceleration Lane,38.994272835,3,Dark - Lighted,2024-11-28,-76.932390898,N,12.03,F,N,No,,,280CC37A944A49007C16558FC1C6B1A0DF8973A2268A4315761E926C628CB2FC,US,1,No,7.0,Overturn/Rollover,7.0,"On Shoulder, Right Side",1.0,Dry,,,No,,,,,,,,,,,,,,,,,,,,,,,,,,,,,,,,,,POINT (-76.93239089799999 38.994272835)
58102,Prince George's,Property Damage Crashes,DS0505000J,University of Maryland Police College Park,"Sideswipe, Same Direction",,No,No,No,No,,,,No,True,No,2/17/2024,2/17/2024,16,UMCP,7,16,3,,,Point,16:30,2024,Saturday,12,Motor Vehicle In Transport,2,In Parking Lane Or Zone,,,,,,,,,38.994369222,1,Daylight,2024-02-17,-76.939111055,,,F,N,Yes,100.0,Parking Stall,,,1,No,,,,,,,,,No,,,,,,,,,,,,,,,,,,,,,,,,,,,,,,,,,,POINT (-76.939111055 38.994369222)
72849,Prince George's,Injury Crashes,DS05290005,University of Maryland Police College Park,Single Vehicle,Local,No,No,No,Yes,PAINT BRANCH DR,95.0,STATE ROAD,No,True,No,11/25/2024,11/25/2024,7,UMCP,101,16,2,No,,Point,07:52,2024,Monday,16,Pedalcycle,5,On Roadway,7.0,,,,,,6.0,Non-Junction,38.994645571,1,Daylight,2024-11-25,-76.937317209,N,7.08,F,N,No,,,D7D1E04264D5EC3CF4486A443E90711BE23FFD7AE00FF649C966EE658747762C,SR,1,No,,,,,1.0,Dry,,,No,,,,,,,Cyclist (non-electric),92589707-3879-42cd-8f10-4e4660c6d82c,DS05290005,6.0,Walking/Cycling Along Roadway With Traffic (In or Adjacent to Travel Lane),19.0,LAUREL,12.0,Front,0.0,Not Distracted,,,M,1.0,No,4.0,Possible Injury,11.0,On-Street Buffered Bike Lanes,1.0,School,MD,4993394f-38e3-405a-bc3f-a135e234cc5e,101.0,N,20723,POINT (-76.937317209 38.994645571)
86648,Prince George's,Property Damage Crashes,DA3965007X,Prince George's County Police,"Sideswipe, Same Direction",Local,No,No,No,No,ROANOKE PL,1100.0,MUNICIPAL ROAD,No,True,No,1/22/2024,1/22/2024,17,PGCOPD,7,16,3,No,,Point,17:48,2024,Monday,15,Parked Vehicle,2,In Parking Lane Or Zone,7.0,,,,,,6.0,Non-Junction,38.994800747,1,Daylight,2024-01-22,-76.923627874,S,8.31,F,N,No,,,ADAAA7ADA954F39D57B7B82507DEDCCB016DF11A9220EB34D3BE0A8BB212C3D3,MU,1,No,,,,,1.0,Dry,,,No,,,,,,,,,,,,,,,,,,,,,,,,,,,,,,,,,,POINT (-76.923627874 38.994800747)
21783,Prince George's,Property Damage Crashes,DS0508000F,University of Maryland Police College Park,Single Vehicle,,No,No,No,No,,,,No,True,No,10/23/2024,10/23/2024,12,UMCP,101,16,3,,,Point,12:30,2024,Wednesday,13,Other Non-Fixed Object,2,In Parking Lane Or Zone,,,101.0,State,,,,,38.994836978,1,Daylight,2024-10-23,-76.938001365,,,F,N,Yes,102.0,Parking Lot Way,,,1,No,13.0,Other Non-Fixed Object,2.0,In Parking Lane Or Zone,,,,,No,,,,,,,,,,,,,,,,,,,,,,,,,,,,,,,,,,POINT (-76.93800136500001 38.994836978)
100557,Prince George's,Property Damage Crashes,DS05110004,University of Maryland Police College Park,Front to Rear,,No,No,No,No,,709.0,PRIVATE ROAD,Yes,True,No,9/18/2024,9/18/2024,16,UMCP,3,16,3,No,,Point,16:06,2024,Wednesday,15,Parked Vehicle,4,"Off-Roadway, Location Unknown",,,,,,,6.0,Non-Junction,38.994938252,1,Daylight,2024-09-18,-76.942537164,E,51.86,F,N,No,,,AFA2FC0FA57C346364DD6A9F3FCFBB2F747DF316BCE521D693C849F84470367A,PV,1,No,19.0,Strikes Object at Rest from Motor Vehicle In Transport,4.0,"Off-Roadway, Location Unknown",1.0,Dry,,,No,,,,,,,,,,,,,,,,,,,,,,,,,,,,,,,,,,POINT (-76.942537164 38.994938252)
105546,Prince George's,Injury Crashes,DA4193007M,Prince George's County Police,"Sideswipe, Same Direction",Local,No,Yes,No,No,BERWYN RD,100.0,MUNICIPAL ROAD,No,True,No,11/25/2024,11/25/2024,7,PGCOPD,7,16,2,No,,Point,07:46,2024,Monday,12,Motor Vehicle In Transport,5,On Roadway,7.0,,,,,,6.0,Non-Junction,38.994938526,1,Daylight,2024-11-25,-76.927035407,W,36.41,F,N,No,,,F1275D989AF75F4647682E4C2DD5B679126B8B41B12A43987576B07A72E876AB,MU,1,No,,,,,1.0,Dry,,,No,,,,,,,,,,,,,,,,,,,,,,,,,,,,,,,,,,POINT (-76.92703540700001 38.994938526)
83461,Prince George's,Property Damage Crashes,DS0457000T,University of Maryland Police College Park,Front to Front,,No,No,No,No,,,,No,True,No,9/23/2024,9/23/2024,20,UMCP,2,16,3,,,Point,20:47,2024,Monday,15,Parked Vehicle,2,In Parking Lane Or Zone,,,,,,,,,38.994955161,3,Dark - Lighted,2024-09-23,-76.943362973,,,F,N,Yes,101.0,Parking Aisle,,,1,No,,,,,,,,,No,,,,,,,,,,,,,,,,,,,,,,,,,,,,,,,,,,POINT (-76.94336297300001 38.994955161)
105,Prince George's,Property Damage Crashes,DS0506000H,University of Maryland Police College Park,Single Vehicle,,No,No,No,No,,,,No,True,No,6/17/2024,6/17/2024,0,UMCP,101,16,3,,,Point,00:00,2024,Monday,35,"Other Fixed Object (wall, building, tunnel, etc.)",2,In Parking Lane Or Zone,,,101.0,State,,,,,38.994966515,3,Dark - Lighted,2024-06-17,-76.944250816,,,F,N,Yes,102.0,Parking Lot Way,,,1,No,,,,,,,,,No,,,,,,,,,,,,,,,,,,,,,,,,,,,,,,,,,,POINT (-76.94425081599999 38.994966515)
10770,Prince George's,Property Damage Crashes,DS0471000N,University of Maryland Police College Park,Single Vehicle,,No,No,No,No,,,,No,True,No,9/30/2024,9/30/2024,12,UMCP,101,16,3,,,Point,12:00,2024,Monday,35,"Other Fixed Object (wall, building, tunnel, etc.)",2,In Parking Lane Or Zone,,,101.0,State,,,,,38.995072918,1,Daylight,2024-09-30,-76.943745649,,,F,N,Yes,102.0,Parking Lot Way,,,1,No,,,,,,,,,No,,,,,,,,,,,,,,,,,,,,,,,,,,,,,,,,,,POINT (-76.94374564899999 38.995072918)
51846,Prince George's,Property Damage Crashes,DS04240010,University of Maryland Police College Park,Other,Local,No,No,No,No,TERRAPIN TR,203.0,STATE ROAD,Yes,True,No,3/1/2024,3/1/2024,12,UMCP,98,16,3,No,,Point,12:45,2024,Friday,15,Parked Vehicle,4,"Off-Roadway, Location Unknown",7.0,,,,,,6.0,Non-Junction,38.995234951,1,Daylight,2024-03-01,-76.942571251,N,34.91,F,N,No,,,E846BF9E8703D497FC5DF69E42FAD926EFDE0E734CB9D82D08E42B8A902AE3CD,SR,1,No,97.0,Not Applicable,,,1.0,Dry,,,No,,,,,,,,,,,,,,,,,,,,,,,,,,,,,,,,,,POINT (-76.942571251 38.995234951)
1175,Prince George's,Property Damage Crashes,DS0482000Z,University of Maryland Police College Park,"Sideswipe, Opposite Direction",Local,No,Yes,No,No,PAINT BRANCH DR,95.0,STATE ROAD,No,True,No,11/4/2024,11/4/2024,6,UMCP,6,16,3,No,,Point,06:45,2024,Monday,12,Motor Vehicle In Transport,5,On Roadway,7.0,,,,,,6.0,Non-Junction,38.995303396,3,Dark - Lighted,2024-11-04,-76.937722342,E,46.28,F,N,No,,,51DCD1A692C34B4DC81A452F262AF6A4B999C9768603F1A9EE34C1735A6A6D8A,SR,1,No,12.0,Motor Vehicle In Transport,5.0,On Roadway,1.0,Dry,,,No,,,,,,,,,,,,,,,,,,,,,,,,,,,,,,,,,,POINT (-76.937722342 38.995303396)
25391,Prince George's,Property Damage Crashes,DA4293002J,Prince George's County Police,Rear To Rear,Principal Arterial – Other,No,No,No,No,,1.0,UNITED STATE ROUTE,No,True,No,1/4/2024,1/4/2024,12,PGCOPD,4,16,3,No,,Point,12:49,2024,Thursday,12,Motor Vehicle In Transport,5,On Roadway,3.0,,,,BERWYN RD,,1.0,Acceleration/Deceleration Lane,38.99559425,98,Other,2024-01-04,-76.931892038,N,13.22,F,N,No,,,FFD6A82CE0061810E1C077F9940405F471D95591BEE4DB466DCA3EBD3C2F8E98,US,1,No,12.0,Motor Vehicle In Transport,5.0,On Roadway,1.0,Dry,,,No,,,,,,,,,,,,,,,,,,,,,,,,,,,,,,,,,,POINT (-76.931892038 38.99559425)
84614,Prince George's,Property Damage Crashes,DS0489000P,University of Maryland Police College Park,"Sideswipe, Opposite Direction",Local,No,No,No,No,PAINT BRANCH DR,95.0,STATE ROAD,No,True,No,10/31/2024,10/31/2024,8,UMCP,6,16,3,No,,Point,08:45,2024,Thursday,12,Motor Vehicle In Transport,5,On Roadway,7.0,,,,,,9.0,Through Roadway,38.995640725,1,Daylight,2024-10-31,-76.937795984,E,20.63,F,N,No,,,5A25E365544CC42DDEEA95027E9B981A19A7298FD902E5DF46F3B4A48333FD4A,SR,1,No,,,,,1.0,Dry,,,No,,,,,,,,,,,,,,,,,,,,,,,,,,,,,,,,,,POINT (-76.937795984 38.995640725)
79180,Prince George's,Property Damage Crashes,DA43810009,Prince George's County Police,Single Vehicle,Principal Arterial – Other,No,No,No,Yes,,1.0,UNITED STATE ROUTE,Yes,True,No,3/8/2024,3/8/2024,10,PGCOPD,101,16,3,No,,Point,10:25,2024,Friday,16,Pedalcycle,5,On Roadway,3.0,,,,,,9.0,Through Roadway,38.995654586,1,Daylight,2024-03-08,-76.931839956,W,15.41,F,N,No,,,257943D3DB65E8147D059469A57FC6EA2ED4807E68010F86760B0B43BBC589ED,US,1,No,,,,,1.0,Dry,,,No,,,,,,,Cyclist (non-electric),4c6476d0-1bea-4279-a951-17bcb7b83613,DA43810009,100.0,Cross/Enter at Intersection,25.0,COLLEGE PARK,3.0,Right,0.0,Not Distracted,,,F,3.0,Fire,5.0,No Apparent Injury,98.0,Other,97.0,Not Applicable,MD,f5e3f68c-5a0e-4cb7-a406-ce9a23df983f,101.0,N,20740,POINT (-76.931839956 38.995654586)
12588,Prince George's,Property Damage Crashes,MSP744200NX,Maryland State Police,Angle,,No,No,No,No,,,,No,True,No,10/31/2024,10/31/2024,13,MSP,1,16,3,,,Point,13:14,2024,Thursday,12,Motor Vehicle In Transport,2,In Parking Lane Or Zone,,,101.0,State,,,,,38.9958005,1,Daylight,2024-10-31,-76.932207,,,F,N,Yes,102.0,Parking Lot Way,,,1,No,,,,,,,,,No,,,,,,,,,,,,,,,,,,,,,,,,,,,,,,,,,,POINT (-76.93220700000001 38.9958005)
43776,Prince George's,Property Damage Crashes,DS05310003,University of Maryland Police College Park,Unknown,,No,No,No,No,,,,No,True,No,12/19/2024,12/19/2024,11,UMCP,99,16,3,,,Point,11:47,2024,Thursday,15,Parked Vehicle,2,In Parking Lane Or Zone,,,,,,,,,38.995829149,1,Daylight,2024-12-19,-76.943375122,,,F,N,Yes,100.0,Parking Stall,,,1,No,97.0,Not Applicable,,,,,,,No,,,,,,,,,,,,,,,,,,,,,,,,,,,,,,,,,,POINT (-76.94337512200001 38.995829149)
65451,Prince George's,Property Damage Crashes,DA4151005B,Prince George's County Police,Front to Rear,Local,No,No,No,No,TERRAPIN TR,203.0,STATE ROAD,No,True,No,11/6/2024,11/6/2024,14,PGCOPD,3,16,3,No,,Point,14:54,2024,Wednesday,12,Motor Vehicle In Transport,5,On Roadway,7.0,,,,,,9.0,Through Roadway,38.995874847,1,Daylight,2024-11-06,-76.947288591,S,19.16,F,N,No,,,2AC61AA0939698445B67A280DB36BD6D0A0D05A528CE8FE6871C0FC691BF591D,SR,1,No,,,,,1.0,Dry,,,No,,,,,,,,,,,,,,,,,,,,,,,,,,,,,,,,,,POINT (-76.947288591 38.995874847)
69244,Prince George's,Property Damage Crashes,DA4268005V,Prince George's County Police,Single Vehicle,,No,No,No,No,,,,No,True,No,7/28/2024,7/28/2024,19,PGCOPD,101,16,3,,,Point,19:05,2024,Sunday,13,Other Non-Fixed Object,99,Unknown,,,,,,,,,38.996078675,1,Daylight,2024-07-28,-76.93059589,,,F,N,Yes,102.0,Parking Lot Way,,,1,No,,,,,,,,,No,,,,,,,,,,,,,,,,,,,,,,,,,,,,,,,,,,POINT (-76.93059589000001 38.996078675)
41758,Prince George's,Property Damage Crashes,MSP7395002S,Maryland State Police,"Sideswipe, Same Direction",Principal Arterial – Other,No,Yes,No,No,BALTIMORE AVE,1.0,UNITED STATE ROUTE,No,True,No,1/18/2024,1/18/2024,10,MSP,7,16,3,No,,Point,10:45,2024,Thursday,12,Motor Vehicle In Transport,5,On Roadway,3.0,,101.0,State,,,6.0,Non-Junction,38.996266942,1,Daylight,2024-01-18,-76.9319291,S,62.34,F,N,No,,,4B12E6D944691A79736133A61E02F378073ADB84F51CF5E97C8DB83A7D25577A,US,1,No,97.0,Not Applicable,,,1.0,Dry,,,No,,,,,,,,,,,,,,,,,,,,,,,,,,,,,,,,,,POINT (-76.9319291 38.996266942)
26347,Prince George's,Property Damage Crashes,DA3496001W,Prince George's County Police,Front to Rear,Principal Arterial – Other,No,No,No,No,,1.0,UNITED STATE ROUTE,No,True,No,10/21/2024,10/21/2024,13,PGCOPD,3,16,3,No,,Point,13:37,2024,Monday,12,Motor Vehicle In Transport,5,On Roadway,3.0,,,,,,9.0,Through Roadway,38.996369951,1,Daylight,2024-10-21,-76.931764878,E,1.96,F,N,No,,,49D4B2100FA83F74DA578FD41B449D682573E8BE2369ACD8C8D4AAEAFBABDEDA,US,1,No,,,,,1.0,Dry,,,No,,,,,,,,,,,,,,,,,,,,,,,,,,,,,,,,,,POINT (-76.931764878 38.996369951)
85709,Prince George's,Property Damage Crashes,DA42680069,Prince George's County Police,"Sideswipe, Opposite Direction",Principal Arterial – Other,No,No,Yes,No,BALTIMORE AVE,1.0,UNITED STATE ROUTE,No,True,No,9/25/2024,9/25/2024,17,PGCOPD,6,16,3,No,,Point,17:51,2024,Wednesday,12,Motor Vehicle In Transport,5,On Roadway,3.0,,,,,,9.0,Through Roadway,38.99691599,1,Daylight,2024-09-25,-76.931598724,N,34.41,F,N,No,,,CCAB73E6BEF8466B44BEC7C561184C769AD4CAA10AFDBA7E6B4D3F56CFB09AE3,US,1,No,,,,,9.0,Wet,,,No,,,,,,,,,,,,,,,,,,,,,,,,,,,,,,,,,,POINT (-76.931598724 38.99691599)
54312,Prince George's,Property Damage Crashes,DS0503000D,University of Maryland Police College Park,Front to Rear,,No,No,No,No,,,,No,True,No,3/4/2024,3/4/2024,11,UMCP,3,16,3,,,Point,11:03,2024,Monday,12,Motor Vehicle In Transport,2,In Parking Lane Or Zone,,,101.0,State,,,,,38.996969972,1,Daylight,2024-03-04,-76.921716601,,,F,N,Yes,102.0,Parking Lot Way,,,1,No,15.0,Parked Vehicle,2.0,In Parking Lane Or Zone,,,,,No,,,,,,,,,,,,,,,,,,,,,,,,,,,,,,,,,,POINT (-76.921716601 38.996969972)
84643,Prince George's,Property Damage Crashes,DA4069009J,Prince George's County Police,Single Vehicle,Principal Arterial – Other,No,No,No,No,BALTIMORE AVE,1.0,UNITED STATE ROUTE,No,True,No,10/28/2024,10/28/2024,21,PGCOPD,101,16,3,No,,Point,21:59,2024,Monday,36,"Other Post, Pole, Or Support",7,"On Shoulder, Right Side",3.0,,,,,,9.0,Through Roadway,38.997109231,3,Dark - Lighted,2024-10-28,-76.931579209,W,24.61,F,N,No,,,F07C935934EA172F2B847311B5442CEFC5E635752C88715692BE7619387C1471,US,1,No,,,,,1.0,Dry,,,No,,,,,,,,,,,,,,,,,,,,,,,,,,,,,,,,,,POINT (-76.93157920900001 38.997109231)
75525,Prince George's,Property Damage Crashes,DA418100DR,Prince George's County Police,Single Vehicle,,No,Yes,No,No,,,,No,True,No,9/3/2024,9/3/2024,13,PGCOPD,101,16,3,,,Point,13:02,2024,Tuesday,35,"Other Fixed Object (wall, building, tunnel, etc.)",4,"Off-Roadway, Location Unknown",,,,,,,,,38.997122967,1,Daylight,2024-09-03,-76.931451704,,,F,N,Yes,102.0,Parking Lot Way,,,1,No,,,,,,,,,No,,,,,,,,,,,,,,,,,,,,,,,,,,,,,,,,,,POINT (-76.931451704 38.997122967)
97520,Prince George's,Injury Crashes,DA3438001P,Prince George's County Police,"Sideswipe, Opposite Direction",,No,No,No,No,,,,No,True,No,12/5/2024,12/5/2024,16,PGCOPD,6,16,2,,,Point,16:14,2024,Thursday,12,Motor Vehicle In Transport,2,In Parking Lane Or Zone,,,,,,,,,38.997270253,3,Dark - Lighted,2024-12-05,-76.926273124,,,F,N,Yes,102.0,Parking Lot Way,,,1,No,,,,,,,,,No,,,,,,,,,,,,,,,,,,,,,,,,,,,,,,,,,,POINT (-76.92627312400001 38.997270253)
37347,Prince George's,Property Damage Crashes,DA401800C1,Prince George's County Police,Front to Rear,Major Collector,No,No,No,No,METZEROTT RD,230.0,COUNTY ROAD,No,True,No,12/19/2024,12/19/2024,14,PGCOPD,3,16,3,No,,Point,14:55,2024,Thursday,12,Motor Vehicle In Transport,5,On Roadway,5.0,,,,,,6.0,Non-Junction,38.997304796,1,Daylight,2024-12-19,-76.935625999,W,2521.53,F,N,No,,,D3A21F4D9EE31E7330B24614B5EE5CB940BE633C1F35B996203C31CC7830B759,CO,1,No,12.0,Motor Vehicle In Transport,5.0,On Roadway,1.0,Dry,,,No,,,,,,,,,,,,,,,,,,,,,,,,,,,,,,,,,,POINT (-76.935625999 38.997304796)
54374,Prince George's,Property Damage Crashes,DS0415001R,University of Maryland Police College Park,"Sideswipe, Same Direction",Local,No,No,No,No,PAINT BRANCH DR,95.0,STATE ROAD,Yes,True,No,5/20/2024,5/20/2024,16,UMCP,7,16,3,No,,Point,16:30,2024,Monday,12,Motor Vehicle In Transport,5,On Roadway,7.0,,,,,,6.0,Non-Junction,38.99731362,1,Daylight,2024-05-20,-76.939759127,E,10.44,F,N,No,,,A3F359C952320607DC573E3368AD5D44E545A11465C7A41A0EDEC149F8DE1E73,SR,1,No,12.0,Motor Vehicle In Transport,5.0,On Roadway,1.0,Dry,,,No,,,,,,,,,,,,,,,,,,,,,,,,,,,,,,,,,,POINT (-76.939759127 38.99731362)
67619,Prince George's,Property Damage Crashes,DA418100CP,Prince George's County Police,Single Vehicle,Principal Arterial – Other,No,No,No,No,UNIVERSITY BLVD (WB/L),193.0,MARYLAND ROUTE,No,True,No,3/23/2024,3/23/2024,2,PGCOPD,101,16,3,Yes,,Point,02:15,2024,Saturday,31,Guardrail End Terminal,9,Roadside,3.0,,101.0,State,,,9.0,Through Roadway,38.997531349,4,Dark - Not Lighted,2024-03-23,-76.948060658,E,26.39,F,N,No,,,CB1BAF54703EA3EB755AC538EEF9C744581C1D34F8794A47BF468FFF451FDEFE,MD,1,No,,,,,9.0,Wet,,,No,,,,,,,,,,,,,,,,,,,,,,,,,,,,,,,,,,POINT (-76.948060658 38.997531349)
38716,Prince George's,Property Damage Crashes,DS0421002B,University of Maryland Police College Park,Unknown,,No,No,No,No,,,,No,True,No,11/26/2024,11/26/2024,10,UMCP,99,16,3,,,Point,10:00,2024,Tuesday,13,Other Non-Fixed Object,99,Unknown,,,101.0,State,,,,,38.99764775,99,Unknown,2024-11-26,-76.921647001,,,F,N,Yes,102.0,Parking Lot Way,,,1,No,97.0,Not Applicable,,,,,,,No,,,,,,,,,,,,,,,,,,,,,,,,,,,,,,,,,,POINT (-76.921647001 38.99764775)
98652,Prince George's,Property Damage Crashes,DA3447003P,Prince George's County Police,"Sideswipe, Same Direction",Principal Arterial – Other,No,No,No,No,,1.0,UNITED STATE ROUTE,No,True,No,4/28/2024,4/28/2024,17,PGCOPD,7,16,3,No,,Point,17:30,2024,Sunday,12,Motor Vehicle In Transport,5,On Roadway,3.0,,,,,,9.0,Through Roadway,38.997770833,1,Daylight,2024-04-28,-76.931576547,N,13.17,F,N,No,,,0299CB07225096FF1A7B9DB618BB5B5917031D2DB04B790326B7679EE9130427,US,1,No,,,,,1.0,Dry,,,No,,,,,,,,,,,,,,,,,,,,,,,,,,,,,,,,,,POINT (-76.93157654700001 38.997770833)
43122,Prince George's,Property Damage Crashes,DA302000DS,Prince George's County Police,Single Vehicle,Principal Arterial – Other,No,No,No,No,,1.0,UNITED STATE ROUTE,No,True,No,5/15/2024,5/15/2024,1,PGCOPD,101,16,3,No,,Point,01:43,2024,Wednesday,36,"Other Post, Pole, Or Support",5,On Roadway,3.0,,,,,,9.0,Through Roadway,38.997808636,4,Dark - Not Lighted,2024-05-15,-76.931509369,W,18.95,F,N,No,,,0299CB07225096FF1A7B9DB618BB5B5917031D2DB04B790326B7679EE9130427,US,1,No,,,,,9.0,Wet,,,No,,,,,,,,,,,,,,,,,,,,,,,,,,,,,,,,,,POINT (-76.931509369 38.997808636)
15937,Prince George's,Property Damage Crashes,DS0242001R,University of Maryland Police College Park,Single Vehicle,Principal Arterial – Other,No,No,No,No,UNIVERSITY BLVD (WB/L),193.0,MARYLAND ROUTE,No,True,No,3/19/2024,3/19/2024,13,UMCP,101,16,3,No,,Point,13:23,2024,Tuesday,32,Guardrail Face,7,"On Shoulder, Right Side",3.0,,101.0,State,,,6.0,Non-Junction,38.997929375,1,Daylight,2024-03-19,-76.947590222,E,35.04,F,N,No,,,2D65312A965F6E10BCB4484329641C00AFF47CC871B91095F33072A8D4CB5B5B,MD,1,No,97.0,Not Applicable,,,1.0,Dry,,,No,,,,,,,,,,,,,,,,,,,,,,,,,,,,,,,,,,POINT (-76.947590222 38.997929375)
71280,Prince George's,Injury Crashes,DS0426001L,University of Maryland Police College Park,Single Vehicle,Local,No,No,No,Yes,PAINT BRANCH DR,95.0,STATE ROAD,No,True,No,8/30/2024,8/30/2024,11,UMCP,101,16,2,No,,Point,11:45,2024,Friday,16,Pedalcycle,2,In Parking Lane Or Zone,7.0,,,,,,6.0,Non-Junction,38.997930689,1,Daylight,2024-08-30,-76.940572326,N,36.14,F,N,No,,,E4B8558ABE22A24AE98A2FF5F9C4B6C5FA9613BCB44C9C955AA4A68185F1CF87,SR,1,No,12.0,Motor Vehicle In Transport,2.0,In Parking Lane Or Zone,9.0,Wet,,,No,,,,,,,Cyclist (Electric),5d03fcaf-9d1a-4c8b-b0f1-3b5b7fa34b2d,DS0426001L,6.0,Walking/Cycling Along Roadway With Traffic (In or Adjacent to Travel Lane),20.0,HURLOCK,12.0,Front,0.0,Not Distracted,,,M,1.0,No,4.0,Possible Injury,10.0,On-Street Bike Lanes,97.0,Not Applicable,MD,6ccc6df3-acc6-4cc9-90fe-1709a476e9f9,100.0,N,21643,POINT (-76.94057232599999 38.997930689)
74848,Prince George's,Property Damage Crashes,DA4069008K,Prince George's County Police,"Sideswipe, Same Direction",Principal Arterial – Other,No,Yes,No,No,,1.0,UNITED STATE ROUTE,No,True,Yes,2/11/2024,2/11/2024,16,PGCOPD,7,16,3,Yes,,Point,16:38,2024,Sunday,12,Motor Vehicle In Transport,5,On Roadway,3.0,,100.0,Local,,,1.0,Acceleration/Deceleration Lane,38.998023898,1,Daylight,2024-02-11,-76.931529882,N,28.88,F,N,No,,,37FDDD94F6F6B25000922BAFC8844ECA63C75188B8B1A225FE77B3E09DDCE90D,US,1,No,,,,,9.0,Wet,,,Yes,N,4.0,Activity Area,3.0,Work on Shoulder or Median,No,,,,,,,,,,,,,,,,,,,,,,,,,,,,POINT (-76.93152988200001 38.998023898)
14130,Prince George's,Injury Crashes,DA40690090,Prince George's County Police,Single Vehicle,Local,No,No,No,No,RHODE ISLAND AVE,1070.0,MUNICIPAL ROAD,No,True,No,6/2/2024,6/2/2024,5,PGCOPD,101,16,2,Yes,,Point,05:48,2024,Sunday,27,Curb,9,Roadside,7.0,,,,,,10.0,"Other Location Not Listed Above Within an Interchange Area (median,
shoulder and roadside)",38.99809843,1,Daylight,2024-06-02,-76.925793417,W,7.68,F,N,No,,,BDE06042B8B7F4AC9FF55621D15A22389FFD13EB12F8C149B09ECB139A2945B5,MU,1,No,,,,,1.0,Dry,,,No,,,,,,,,,,,,,,,,,,,,,,,,,,,,,,,,,,POINT (-76.92579341699999 38.99809843)
31053,Prince George's,Property Damage Crashes,DA418100DL,Prince George's County Police,Front to Rear,Principal Arterial – Other,No,No,No,No,GREENBELT RD,430.0,MARYLAND ROUTE,No,True,No,8/11/2024,8/11/2024,2,PGCOPD,3,16,3,No,,Point,02:27,2024,Sunday,12,Motor Vehicle In Transport,5,On Roadway,3.0,,,,,,9.0,Through Roadway,38.998105369,5,Dark - Unknown Lighting,2024-08-11,-76.927176823,N,37.02,F,N,No,,,2DC41A7CBC44DE3550B373A81EA914E028B068BF3F6C76B0A2D7DBD616614221,MD,1,No,12.0,Motor Vehicle In Transport,5.0,On Roadway,1.0,Dry,,,No,,,,,,,,,,,,,,,,,,,,,,,,,,,,,,,,,,POINT (-76.927176823 38.998105369)
4793,Prince George's,Property Damage Crashes,DA418100DK,Prince George's County Police,Single Vehicle,Local,No,No,No,No,49TH AVE #5,9495.0,MUNICIPAL ROAD,No,True,No,8/10/2024,8/10/2024,18,PGCOPD,101,16,3,No,,Point,18:59,2024,Saturday,27,Curb,9,Roadside,7.0,,100.0,Local,,,9.0,Through Roadway,38.998105369,1,Daylight,2024-08-10,-76.927176823,N,20.05,F,N,No,,,190D7CA162C92702360530FBD0EA359FE8583FE4953F2D8668505CC89856E2B2,MU,1,No,30.0,Fence,4.0,"Off-Roadway, Location Unknown",1.0,Dry,,,No,,,,,,,,,,,,,,,,,,,,,,,,,,,,,,,,,,POINT (-76.927176823 38.998105369)
660,Prince George's,Injury Crashes,DA44180007,Prince George's County Police,Other,Principal Arterial – Other,No,No,No,No,GREENBELT RD (WB/L),193.0,MARYLAND ROUTE,No,True,No,12/24/2024,12/24/2024,9,PGCOPD,98,16,2,No,,Point,09:39,2024,Tuesday,12,Motor Vehicle In Transport,5,On Roadway,3.0,,,,,,6.0,Non-Junction,38.99812708,1,Daylight,2024-12-24,-76.920415093,E,14.88,F,N,No,,,DE1E623EF441A51BAA957104226C5E6CCFA5228DA1D153B48AF0EF621734A3F1,MD,1,No,,,,,6.0,Slush,,,No,,,,,,,,,,,,,,,,,,,,,,,,,,,,,,,,,,POINT (-76.920415093 38.99812708)
46945,Prince George's,Injury Crashes,DA3965008K,Prince George's County Police,Front to Rear,Principal Arterial – Other,No,No,No,No,GREENBELT RD (WB/L),430.0,MARYLAND ROUTE,No,True,No,12/8/2024,12/8/2024,19,PGCOPD,3,16,2,Yes,,Point,19:50,2024,Sunday,15,Parked Vehicle,7,"On Shoulder, Right Side",3.0,,,,,,9.0,Through Roadway,38.998167126,5,Dark - Unknown Lighting,2024-12-08,-76.927783779,E,35.13,F,N,No,,,601C2DF74CCB887E6EE51D85CB57F6703E9EDCA69B087735C778D48613501349,MD,1,No,,,,,1.0,Dry,,,No,,,,,,,,,,,,,,,,,,,,,,,,,,,,,,,,,,POINT (-76.92778377899999 38.998167126)
102,Prince George's,Property Damage Crashes,DA43870019,Prince George's County Police,Front to Rear,Local,No,No,No,No,NO NAME,193.0,MARYLAND ROUTE,No,True,No,10/18/2024,10/18/2024,16,PGCOPD,3,16,3,No,,Point,16:45,2024,Friday,12,Motor Vehicle In Transport,5,On Roadway,7.0,,,,,,6.0,Non-Junction,38.998255594,1,Daylight,2024-10-18,-76.929156193,N,48.82,F,N,No,,,7AE44044EF1F6BC1751D206549CD1EC1BAF466670E00E24DFACB577AAD69091E,MD,1,No,,,,,1.0,Dry,,,No,,,,,,,,,,,,,,,,,,,,,,,,,,,,,,,,,,POINT (-76.929156193 38.998255594)
54196,Prince George's,Property Damage Crashes,DA43870005,Prince George's County Police,Rear To Side,Principal Arterial – Other,No,No,No,No,UNIVERSITY BLVD,193.0,MARYLAND ROUTE,No,True,No,2/9/2024,2/9/2024,6,PGCOPD,5,16,3,Yes,2.0,Point,06:26,2024,Friday,12,Motor Vehicle In Transport,5,On Roadway,3.0,Perpendicular,,,GREENBELT RD (WB/L),3.0,5.0,Intersection or Related,38.998286977,3,Dark - Lighted,2024-02-09,-76.923711649,E,0.0,F,N,No,,,BD7929A7A349E28DFAF8843C87D6FAD5A45A505ECC5FBB434A2618E8524B27A9,MD,1,No,,,,,1.0,Dry,1.0,Signalized,No,,,,,,,,,,,,,,,,,,,,,,,,,,,,,,,,,,POINT (-76.923711649 38.998286977)
47128,Prince George's,Property Damage Crashes,DA42730042,Prince George's County Police,"Sideswipe, Opposite Direction",Principal Arterial – Other,No,No,No,No,GREENBELT RD (WB/L),430.0,MARYLAND ROUTE,No,True,No,4/29/2024,4/29/2024,6,PGCOPD,6,16,3,No,,Point,06:01,2024,Monday,12,Motor Vehicle In Transport,5,On Roadway,3.0,,,,,,6.0,Non-Junction,38.998338607,1,Daylight,2024-04-29,-76.923621158,W,26.26,F,N,No,,,248C343F35A831E1DA8451A843257B413071F3BE220A638A2D384AFA6BC2377A,MD,1,No,12.0,Motor Vehicle In Transport,5.0,On Roadway,1.0,Dry,,,No,,,,,,,,,,,,,,,,,,,,,,,,,,,,,,,,,,POINT (-76.923621158 38.998338607)
63440,Prince George's,Property Damage Crashes,DA4069009M,Prince George's County Police,Angle,Principal Arterial – Other,No,No,No,No,UNIVERSITY BLVD,193.0,MARYLAND ROUTE,No,True,No,11/3/2024,11/3/2024,21,PGCOPD,1,16,3,Yes,2.0,Point,21:21,2024,Sunday,12,Motor Vehicle In Transport,5,On Roadway,3.0,Perpendicular,,,GREENBELT RD (WB/L),3.0,5.0,Intersection or Related,38.998342453,3,Dark - Lighted,2024-11-03,-76.923585076,S,0.0,F,N,No,,,BD7929A7A349E28DFAF8843C87D6FAD5A45A505ECC5FBB434A2618E8524B27A9,MD,1,No,,,,,1.0,Dry,1.0,Signalized,No,,,,,,,,,,,,,,,,,,,,,,,,,,,,,,,,,,POINT (-76.92358507599999 38.998342453)
43472,Prince George's,Injury Crashes,DA3965008F,Prince George's County Police,Angle,Principal Arterial – Other,No,No,No,No,GREENBELT RD (WB/L),430.0,MARYLAND ROUTE,No,True,No,10/17/2024,10/17/2024,0,PGCOPD,1,16,2,No,,Point,00:14,2024,Thursday,12,Motor Vehicle In Transport,5,On Roadway,3.0,,,,UNIVERSITY BLVD,,2.0,Crossover-Related,38.998347195,5,Dark - Unknown Lighting,2024-10-17,-76.923629725,E,15.93,F,N,No,,,3CC45579FB0C599B1F98BCCF5CA46A81EC0550ECD65722A7B3DDF01DDC4FBA0E,MD,1,No,,,,,1.0,Dry,,,No,,,,,,,,,,,,,,,,,,,,,,,,,,,,,,,,,,POINT (-76.923629725 38.998347195)
91714,Prince George's,Property Damage Crashes,DA4069008P,Prince George's County Police,"Sideswipe, Same Direction",Major Collector,No,Yes,No,No,RHODE ISLAND AVE (NB/L),171.0,MUNICIPAL ROAD,No,True,No,3/12/2024,3/12/2024,17,PGCOPD,7,16,3,Yes,,Point,17:18,2024,Tuesday,12,Motor Vehicle In Transport,5,On Roadway,5.0,,101.0,State,,,9.0,Through Roadway,38.998364691,1,Daylight,2024-03-12,-76.925477859,S,14.2,F,N,No,,,B7761124BDEEFD234991DC828CD5469EEAF3354A7B3123F34FAD787C091A3100,MU,1,No,,,,,1.0,Dry,,,No,,,,,,,,,,,,,,,,,,,,,,,,,,,,,,,,,,POINT (-76.925477859 38.998364691)
43446,Prince George's,Property Damage Crashes,ZP05150005,Prince George's County Sheriff's Office,Front to Rear,Principal Arterial – Other,No,No,No,No,GREENBELT RD (WB/L),193.0,MARYLAND ROUTE,No,True,No,2/7/2024,2/7/2024,21,PGCOSHERIFF,3,16,3,No,,Point,21:56,2024,Wednesday,12,Motor Vehicle In Transport,5,On Roadway,3.0,,,,,,99.0,Unknown,38.998408601,3,Dark - Lighted,2024-02-07,-76.922913956,S,43.77,F,N,No,,,2563BB17262CB260BE0843B1C2774FF0A4F6C4D7BBFD4B4DD477141E45C8034F,MD,1,No,,,,,1.0,Dry,,,No,,,,,,,,,,,,,,,,,,,,,,,,,,,,,,,,,,POINT (-76.922913956 38.998408601)
105909,Prince George's,Property Damage Crashes,DA418600B2,Prince George's County Police,Front to Rear,Principal Arterial – Other,No,No,No,No,,1.0,UNITED STATE ROUTE,No,True,No,9/17/2024,9/17/2024,16,PGCOPD,3,16,3,Yes,3.0,Point,16:51,2024,Tuesday,12,Motor Vehicle In Transport,5,On Roadway,3.0,Perpendicular,,,GREENBELT RD GREENBELT RD (WB/L),3.0,5.0,Intersection or Related,38.998431918,1,Daylight,2024-09-17,-76.93150057,N,0.0,F,N,No,,,E4E880BA64776B3268FA658218829B558DD485C7CFD612BF839C3ADA51CDBF85,US,1,No,,,,,9.0,Wet,1.0,Signalized,No,,,,,,,,,,,,,,,,,,,,,,,,,,,,,,,,,,POINT (-76.93150057 38.998431918)
10554,Prince George's,Property Damage Crashes,DA4066006L,Prince George's County Police,Front to Rear,Principal Arterial – Other,No,No,No,No,BALTIMORE AVE,1.0,UNITED STATE ROUTE,No,True,No,10/23/2024,10/23/2024,21,PGCOPD,3,16,3,Yes,,Point,21:00,2024,Wednesday,12,Motor Vehicle In Transport,5,On Roadway,3.0,,,,,,9.0,Through Roadway,38.998464654,3,Dark - Lighted,2024-10-23,-76.931463602,S,10.56,F,N,No,,,E75A8F75A997EC315D59C7C6C8C5FAD6F4977B39BC466FF11D0826A83B957D5D,US,1,No,,,,,1.0,Dry,,,No,,,,,,,,,,,,,,,,,,,,,,,,,,,,,,,,,,POINT (-76.93146360199999 38.998464654)
72172,Prince George's,Property Damage Crashes,DA40830065,Prince George's County Police,"Sideswipe, Same Direction",Minor Arterial,No,No,No,No,ADELPHI RD (NB/L),232.0,COUNTY ROAD,No,True,No,11/4/2024,11/4/2024,19,PGCOPD,7,16,3,No,,Point,19:35,2024,Monday,12,Motor Vehicle In Transport,5,On Roadway,4.0,,,,,,6.0,Non-Junction,38.998510724,3,Dark - Lighted,2024-11-04,-76.962008713,S,16.79,F,N,No,,,4161EB050C00110BE7D11FF286324F0607B8EC1A447BA0792C138B79CA77B875,CO,1,No,,,,,1.0,Dry,,,No,,,,,,,,,,,,,,,,,,,,,,,,,,,,,,,,,,POINT (-76.962008713 38.998510724)
20821,Prince George's,Property Damage Crashes,DA418800DP,Prince George's County Police,Angle,Principal Arterial – Other,No,No,No,No,GREENBELT RD (WB/L),430.0,MARYLAND ROUTE,No,True,No,4/29/2024,4/29/2024,23,PGCOPD,1,16,3,No,3.0,Point,23:17,2024,Monday,12,Motor Vehicle In Transport,5,On Roadway,3.0,Perpendicular,,,BALTIMORE AVE,3.0,5.0,Intersection or Related,38.9985109,3,Dark - Lighted,2024-04-29,-76.931468688,N,0.0,F,N,No,,,743553DAF46161C063B52E8B7968D88A71CE6D70A62E4670406E8D1261D3E07A,MD,1,No,,,,,1.0,Dry,1.0,Signalized,No,,,,,,,,,,,,,,,,,,,,,,,,,,,,,,,,,,POINT (-76.931468688 38.9985109)
40606,Prince George's,Property Damage Crashes,DA3272000D,Prince George's County Police,"Sideswipe, Same Direction",Principal Arterial – Other,No,No,No,No,,1.0,UNITED STATE ROUTE,No,True,No,5/19/2024,5/19/2024,18,PGCOPD,7,16,3,No,2.0,Point,18:13,2024,Sunday,12,Motor Vehicle In Transport,5,On Roadway,3.0,Perpendicular,,,GREENBELT RD GREENBELT RD (WB/L),3.0,5.0,Intersection or Related,38.998518948,1,Daylight,2024-05-19,-76.931483897,N,0.0,F,N,No,,,E4E880BA64776B3268FA658218829B558DD485C7CFD612BF839C3ADA51CDBF85,US,1,No,,,,,1.0,Dry,1.0,Signalized,No,,,,,,,,,,,,,,,,,,,,,,,,,,,,,,,,,,POINT (-76.93148389700001 38.998518948)
6168,Prince George's,Property Damage Crashes,DA405100CW,Prince George's County Police,Angle,Principal Arterial – Other,No,No,No,No,BALTIMORE AVE,1.0,UNITED STATE ROUTE,No,True,No,7/5/2024,7/5/2024,18,PGCOPD,1,16,3,Yes,,Point,18:33,2024,Friday,12,Motor Vehicle In Transport,5,On Roadway,3.0,,,,,,9.0,Through Roadway,38.998634415,1,Daylight,2024-07-05,-76.931434011,S,16.92,F,N,No,,,0DF043E01090271C48EDF7B9D0E76527D85FC93157AF49AB87E8D72A1FB4EF76,US,1,No,,,,,1.0,Dry,,,No,,,,,,,,,,,,,,,,,,,,,,,,,,,,,,,,,,POINT (-76.93143401099999 38.998634415)
31308,Prince George's,Property Damage Crashes,DS0283000Y,University of Maryland Police College Park,Single Vehicle,,No,No,No,No,,,,Yes,True,No,6/22/2024,6/22/2024,1,UMCP,101,16,3,,,Point,01:22,2024,Saturday,35,"Other Fixed Object (wall, building, tunnel, etc.)",4,"Off-Roadway, Location Unknown",,,,,,,,,38.998640312,3,Dark - Lighted,2024-06-22,-76.931585449,,,F,N,Yes,106.0,Driveway,,,1,No,,,,,,,,,No,,,,,,,,,,,,,,,,,,,,,,,,,,,,,,,,,,POINT (-76.931585449 38.998640312)
46167,Prince George's,Property Damage Crashes,DA3495005G,Prince George's County Police,Rear To Rear,,No,No,No,No,,,,No,True,No,1/9/2024,1/9/2024,17,PGCOPD,4,16,3,,,Point,17:17,2024,Tuesday,12,Motor Vehicle In Transport,4,"Off-Roadway, Location Unknown",,,,,,,,,38.998719503,98,Other,2024-01-09,-76.927550705,,,F,N,Yes,100.0,Parking Stall,,,1,No,97.0,Not Applicable,,,,,,,No,,,,,,,,,,,,,,,,,,,,,,,,,,,,,,,,,,POINT (-76.927550705 38.998719503)
21893,Prince George's,Property Damage Crashes,DA4193007N,Prince George's County Police,Front to Rear,Principal Arterial – Other,No,No,No,No,UNIVERSITY BLVD (WB/L),193.0,MARYLAND ROUTE,No,True,No,12/1/2024,12/1/2024,12,PGCOPD,3,16,3,No,,Point,12:11,2024,Sunday,12,Motor Vehicle In Transport,5,On Roadway,3.0,,,,,,6.0,Non-Junction,38.998751618,1,Daylight,2024-12-01,-76.924335825,S,11.91,F,N,No,,,A4577B18621A98684A3E380275468A28445465B1354D623C07D850930673E31E,MD,1,No,,,,,1.0,Dry,,,No,,,,,,,,,,,,,,,,,,,,,,,,,,,,,,,,,,POINT (-76.924335825 38.998751618)
7715,Prince George's,Property Damage Crashes,DA4273003S,Prince George's County Police,Single Vehicle,Principal Arterial – Other,No,No,No,No,,1.0,UNITED STATE ROUTE,Yes,True,No,2/11/2024,2/11/2024,4,PGCOPD,101,16,3,No,,Point,04:42,2024,Sunday,13,Other Non-Fixed Object,99,Unknown,3.0,,,,,,99.0,Unknown,38.99875639,5,Dark - Unknown Lighting,2024-02-11,-76.93139971,W,13.67,F,N,No,,,F0BC58190870780F287CC2BA4732C17BDCB50A07F3D1574E8EAA254083085992,US,1,No,97.0,Not Applicable,,,1.0,Dry,,,No,,,,,,,,,,,,,,,,,,,,,,,,,,,,,,,,,,POINT (-76.93139970999999 38.99875639)
55646,Prince George's,Property Damage Crashes,DA418600B6,Prince George's County Police,"Sideswipe, Opposite Direction",,No,No,No,No,,293.0,SPUR,No,True,No,10/20/2024,10/20/2024,1,PGCOPD,6,16,3,No,,Point,01:28,2024,Sunday,12,Motor Vehicle In Transport,5,On Roadway,,,,,,,6.0,Non-Junction,38.998768265,3,Dark - Lighted,2024-10-20,-76.931324386,S,38.0,F,N,No,,,AFC6B36E61924275DEBA51BF5DAC4A2E2065E509C7E3F9E0AF44BFA7CB5D6650,SP,1,No,,,,,1.0,Dry,,,No,,,,,,,,,,,,,,,,,,,,,,,,,,,,,,,,,,POINT (-76.931324386 38.998768265)
74066,Prince George's,Property Damage Crashes,DA2910002R,Prince George's County Police,"Sideswipe, Same Direction",Principal Arterial – Other,Yes,No,No,No,UNIVERSITY BLVD (WB/L),193.0,MARYLAND ROUTE,Yes,True,No,11/27/2024,11/27/2024,20,PGCOPD,7,16,3,No,,Point,20:11,2024,Wednesday,12,Motor Vehicle In Transport,5,On Roadway,3.0,,,,,,9.0,Through Roadway,38.998917281,3,Dark - Lighted,2024-11-27,-76.924711794,S,18.31,F,N,No,,,983EF86F8C3F22ACA9B13A757B79C16E1B51A1C5396E57E5AD1C470F66B9C058,MD,1,No,12.0,Motor Vehicle In Transport,5.0,On Roadway,1.0,Dry,,,No,,,,,,,,,,,,,,,,,,,,,,,,,,,,,,,,,,POINT (-76.924711794 38.998917281)
57942,Prince George's,Property Damage Crashes,DA40500062,Prince George's County Police,Front to Rear,Principal Arterial – Other,No,No,No,No,UNIVERSITY BLVD (WB/L),193.0,MARYLAND ROUTE,No,True,No,8/3/2024,8/3/2024,13,PGCOPD,3,16,3,No,,Point,13:40,2024,Saturday,12,Motor Vehicle In Transport,5,On Roadway,3.0,,,,,,9.0,Through Roadway,38.998927728,1,Daylight,2024-08-03,-76.924708262,W,39.95,F,N,No,,,A433129B42660FACD841735E8AE3B983E542AE2A29F79F8FDE6BF10114540149,MD,1,No,,,,,1.0,Dry,,,No,,,,,,,,,,,,,,,,,,,,,,,,,,,,,,,,,,POINT (-76.924708262 38.998927728)
44375,Prince George's,Property Damage Crashes,DA380500CT,Prince George's County Police,Front to Front,Major Collector,No,No,No,No,RHODE ISLAND AVE (NB/L),171.0,MUNICIPAL ROAD,No,True,No,3/14/2024,3/14/2024,19,PGCOPD,2,16,3,Yes,,Point,19:40,2024,Thursday,12,Motor Vehicle In Transport,5,On Roadway,5.0,,,,,,2.0,Crossover-Related,38.998985901,101,Dusk,2024-03-14,-76.925472546,E,47.91,F,N,No,,,72CF2795B08E567A0CE557B75DAE77F450CF74CE38D708C6A1A2C074AAB52C49,MU,1,No,12.0,Motor Vehicle In Transport,5.0,On Roadway,1.0,Dry,,,No,,,,,,,,,,,,,,,,,,,,,,,,,,,,,,,,,,POINT (-76.92547254599999 38.998985901)
102756,Prince George's,Property Damage Crashes,DA43320026,Prince George's County Police,Front to Rear,Principal Arterial – Other,No,Yes,No,No,UNIVERSITY BLVD (WB/L),193.0,MARYLAND ROUTE,No,True,No,6/13/2024,6/13/2024,7,PGCOPD,3,16,3,No,,Point,07:00,2024,Thursday,12,Motor Vehicle In Transport,5,On Roadway,3.0,,,,,,6.0,Non-Junction,38.999039784,1,Daylight,2024-06-13,-76.924989594,W,6.1,F,N,No,,,06EF8ACF74763B8A12BCB593D14C8E917515F8C40BB8FE29BA00B2A1B235C892,MD,2,"Yes, School Bus Directly Involved",,,,,1.0,Dry,,,No,,,,,,,,,,,,,,,,,,,,,,,,,,,,,,,,,,POINT (-76.924989594 38.999039784)
23980,Prince George's,Property Damage Crashes,DA34470049,Prince George's County Police,Single Vehicle,,No,Yes,No,No,,2231.0,PRIVATE ROAD,No,True,No,10/6/2024,10/6/2024,16,PGCOPD,101,16,3,No,,Point,16:30,2024,Sunday,35,"Other Fixed Object (wall, building, tunnel, etc.)",99,Unknown,,,100.0,Local,,,6.0,Non-Junction,38.999046968,1,Daylight,2024-10-06,-76.926746503,N,36.43,F,N,No,,,0E206E2774D93A62F18EA3936AEBFA6DF5F271D31D0840038F1026E5B1667BA6,PV,1,No,,,,,1.0,Dry,,,No,,,,,,,,,,,,,,,,,,,,,,,,,,,,,,,,,,POINT (-76.926746503 38.999046968)
22154,Prince George's,Property Damage Crashes,DA418600B8,Prince George's County Police,"Sideswipe, Same Direction",Principal Arterial – Other,No,No,No,No,UNIVERSITY BLVD (WB/L),193.0,MARYLAND ROUTE,No,True,No,10/23/2024,10/23/2024,21,PGCOPD,7,16,3,No,,Point,21:52,2024,Wednesday,12,Motor Vehicle In Transport,5,On Roadway,3.0,,,,,,6.0,Non-Junction,38.999063548,3,Dark - Lighted,2024-10-23,-76.924961515,W,16.29,F,N,No,,,06EF8ACF74763B8A12BCB593D14C8E917515F8C40BB8FE29BA00B2A1B235C892,MD,1,No,,,,,1.0,Dry,,,No,,,,,,,,,,,,,,,,,,,,,,,,,,,,,,,,,,POINT (-76.92496151500001 38.999063548)
92540,Prince George's,Property Damage Crashes,DA418100DH,Prince George's County Police,Other,Major Collector,No,No,Yes,No,RHODE ISLAND AVE (NB/L),171.0,MUNICIPAL ROAD,Yes,True,No,7/27/2024,7/27/2024,19,PGCOPD,98,16,3,No,4.0,Point,19:40,2024,Saturday,12,Motor Vehicle In Transport,5,On Roadway,5.0,Perpendicular,,,UNIVERSITY BLVD (WB/L),3.0,5.0,Intersection or Related,38.999115842,1,Daylight,2024-07-27,-76.925308006,N,0.0,F,N,No,,,E8D5C4955D23E76ABD0A22A16DD9702B7AFD90D5F71A15371D3564D01EB38B7E,MU,1,No,12.0,Motor Vehicle In Transport,5.0,On Roadway,1.0,Dry,1.0,Signalized,No,,,,,,,,,,,,,,,,,,,,,,,,,,,,,,,,,,POINT (-76.92530800599999 38.999115842)
93527,Prince George's,Property Damage Crashes,DA394600C9,Prince George's County Police,Front to Rear,Minor Arterial,No,No,No,No,ADELPHI RD,232.0,COUNTY ROAD,No,True,Yes,8/16/2024,8/16/2024,9,PGCOPD,3,16,3,No,,Point,09:10,2024,Friday,12,Motor Vehicle In Transport,5,On Roadway,4.0,,,,,,6.0,Non-Junction,38.999120853,1,Daylight,2024-08-16,-76.962537789,N,12.63,F,N,No,,,E1A150DBCB1719376B6C1CD34D114709820F1D77644D87E8A901E6C96F27244E,CO,1,No,,,,,1.0,Dry,,,Yes,N,2.0,Advance Warning Area,2.0,Lane Shift/Crossover,Yes,,,,,,,,,,,,,,,,,,,,,,,,,,,,POINT (-76.962537789 38.999120853)
68375,Prince George's,Property Damage Crashes,DA4069009W,Prince George's County Police,Angle,Local,No,No,No,No,BRANCHVILLE RD,150.0,MUNICIPAL ROAD,No,True,No,12/27/2024,12/27/2024,18,PGCOPD,1,16,3,Yes,2.0,Point,18:50,2024,Friday,12,Motor Vehicle In Transport,5,On Roadway,7.0,Angled/Skewed,,,NO NAME,1.0,5.0,Intersection or Related,38.999171824,3,Dark - Lighted,2024-12-27,-76.929282341,W,0.0,F,N,No,,,BE8E42FDBD69B51F621E3965B7D4BADE9EFB8ACDADCB8A5AF303587FE12FD3D7,MU,1,No,,,,,1.0,Dry,3.0,Stop - Partial,No,,,,,,,,,,,,,,,,,,,,,,,,,,,,,,,,,,POINT (-76.929282341 38.999171824)
74701,Prince George's,Property Damage Crashes,DA42350075,Prince George's County Police,"Sideswipe, Same Direction",Minor Arterial,No,Yes,No,No,ADELPHI RD,232.0,COUNTY ROAD,Yes,True,No,4/15/2024,4/15/2024,18,PGCOPD,7,16,3,No,,Point,18:00,2024,Monday,12,Motor Vehicle In Transport,5,On Roadway,4.0,,,,,,9.0,Through Roadway,38.99918045,1,Daylight,2024-04-15,-76.962553457,S,14.62,F,N,No,,,E1A150DBCB1719376B6C1CD34D114709820F1D77644D87E8A901E6C96F27244E,CO,1,No,,,,,1.0,Dry,,,No,,,,,,,,,,,,,,,,,,,,,,,,,,,,,,,,,,POINT (-76.962553457 38.99918045)
53472,Prince George's,Property Damage Crashes,DA3496001V,Prince George's County Police,Front to Rear,Principal Arterial – Other,No,No,No,No,UNIVERSITY BLVD (WB/L),193.0,MARYLAND ROUTE,No,True,No,9/28/2024,9/28/2024,19,PGCOPD,3,16,3,No,,Point,19:48,2024,Saturday,12,Motor Vehicle In Transport,5,On Roadway,3.0,,,,,,6.0,Non-Junction,38.999200226,1,Daylight,2024-09-28,-76.925292038,S,42.49,F,N,No,,,A6556F6DBFB9E46D2A89428C03BF261783F81527F69F0B9BE6CAC0E971477646,MD,1,No,,,,,1.0,Dry,,,No,,,,,,,,,,,,,,,,,,,,,,,,,,,,,,,,,,POINT (-76.92529203799999 38.999200226)
103838,Prince George's,Injury Crashes,DA418100D7,Prince George's County Police,Other,Principal Arterial – Other,No,No,No,No,UNIVERSITY BLVD (WB/L),193.0,MARYLAND ROUTE,No,True,No,6/11/2024,6/11/2024,18,PGCOPD,98,16,2,No,4.0,Point,18:03,2024,Tuesday,12,Motor Vehicle In Transport,5,On Roadway,3.0,Perpendicular,,,RHODE ISLAND AVE,3.0,5.0,Intersection or Related,38.999211056,1,Daylight,2024-06-11,-76.925384422,N,0.0,F,N,No,,,8A8778DA4E9333FC81AD5D40FFD74A294B3BFA90C6338F4D6E0B13BA7CCAE000,MD,1,No,12.0,Motor Vehicle In Transport,5.0,On Roadway,1.0,Dry,1.0,Signalized,No,,,,,,,,,,,,,,,,,,,,,,,,,,,,,,,,,,POINT (-76.92538442199999 38.999211056)
80432,Prince George's,Property Damage Crashes,DA4268006M,Prince George's County Police,"Sideswipe, Opposite Direction",Local,No,No,No,No,51ST AVE,9510.0,MUNICIPAL ROAD,No,True,No,11/12/2024,11/12/2024,15,PGCOPD,6,16,3,Yes,,Point,15:51,2024,Tuesday,15,Parked Vehicle,5,On Roadway,7.0,,,,,,9.0,Through Roadway,38.999240041,1,Daylight,2024-11-12,-76.921889114,S,15.36,F,N,No,,,7D6F9C407BD1208660CFD7C50D5C03DE935F52CC026A941A90186CDED72E13C8,MU,1,No,,,,,1.0,Dry,,,No,,,,,,,,,,,,,,,,,,,,,,,,,,,,,,,,,,POINT (-76.921889114 38.999240041)
56666,Prince George's,Property Damage Crashes,DA40690094,Prince George's County Police,"Sideswipe, Opposite Direction",Principal Arterial – Other,No,No,No,No,UNIVERSITY BLVD (WB/L),193.0,MARYLAND ROUTE,No,True,No,7/3/2024,7/3/2024,22,PGCOPD,6,16,3,Yes,2.0,Point,22:42,2024,Wednesday,12,Motor Vehicle In Transport,5,On Roadway,3.0,Angled/Skewed,,,RHODE ISLAND AVE,1.0,5.0,Intersection or Related,38.999268203,3,Dark - Lighted,2024-07-03,-76.925401228,W,0.0,F,N,No,,,8A8778DA4E9333FC81AD5D40FFD74A294B3BFA90C6338F4D6E0B13BA7CCAE000,MD,1,No,,,,,1.0,Dry,1.0,Signalized,No,,,,,,,,,,,,,,,,,,,,,,,,,,,,,,,,,,POINT (-76.925401228 38.999268203)
27727,Prince George's,Property Damage Crashes,DA3126000P,Prince George's County Police,Front to Rear,Principal Arterial – Other,No,Yes,No,No,UNIVERSITY BLVD (WB/L),193.0,MARYLAND ROUTE,No,True,No,2/12/2024,2/12/2024,15,PGCOPD,3,16,3,Yes,,Point,15:30,2024,Monday,12,Motor Vehicle In Transport,5,On Roadway,3.0,,100.0,Local,RHODE ISLAND AVE,,1.0,Acceleration/Deceleration Lane,38.999270322,1,Daylight,2024-02-12,-76.925427393,S,8.35,F,N,No,,,8A8778DA4E9333FC81AD5D40FFD74A294B3BFA90C6338F4D6E0B13BA7CCAE000,MD,2,"Yes, School Bus Directly Involved",12.0,Motor Vehicle In Transport,99.0,Unknown,9.0,Wet,,,No,,,,,,,,,,,,,,,,,,,,,,,,,,,,,,,,,,POINT (-76.92542739300001 38.999270322)
56661,Prince George's,Property Damage Crashes,DA302000DX,Prince George's County Police,Front to Front,Principal Arterial – Other,No,Yes,No,No,BALTIMORE AVE,1.0,UNITED STATE ROUTE,No,True,No,7/26/2024,7/26/2024,16,PGCOPD,2,16,3,No,,Point,16:34,2024,Friday,12,Motor Vehicle In Transport,5,On Roadway,3.0,,,,,,6.0,Non-Junction,38.999443997,1,Daylight,2024-07-26,-76.931369482,S,15.44,F,N,No,,,27840035AAEBCDAC697E96336005C8CFFBA2EEB6A875126E1D387D17FD25CB7F,US,1,No,,,,,1.0,Dry,,,No,,,,,,,,,,,,,,,,,,,,,,,,,,,,,,,,,,POINT (-76.93136948199999 38.999443997)
4237,Prince George's,Property Damage Crashes,DA4293002W,Prince George's County Police,Front to Rear,Principal Arterial – Other,No,No,No,No,UNIVERSITY BLVD (WB/L),193.0,MARYLAND ROUTE,No,True,No,5/8/2024,5/8/2024,16,PGCOPD,3,16,3,No,,Point,16:05,2024,Wednesday,12,Motor Vehicle In Transport,5,On Roadway,3.0,,,,,,6.0,Non-Junction,39.000070865,1,Daylight,2024-05-08,-76.926880556,W,103.41,F,N,No,,,C9495B39FA3002415CA4423B024EE3D2A777F16B56A219FB7C117E472F09E848,MD,1,No,,,,,1.0,Dry,,,No,,,,,,,,,,,,,,,,,,,,,,,,,,,,,,,,,,POINT (-76.926880556 39.000070865)
41556,Prince George's,Injury Crashes,DS02420021,University of Maryland Police College Park,Single Vehicle,,No,No,No,No,,,,Yes,True,No,9/19/2024,9/19/2024,9,UMCP,101,16,2,,,Point,09:49,2024,Thursday,7,Overturn/Rollover,4,"Off-Roadway, Location Unknown",,,101.0,State,,,,,39.000106492,1,Daylight,2024-09-19,-76.957496027,,,F,N,Yes,105.0,Dirt Road/Trail,,,1,No,2.0,Fell Jumped from Motor Vehicle,4.0,"Off-Roadway, Location Unknown",,,,,No,,,,,,,,,,,,,,,,,,,,,,,,,,,,,,,,,,POINT (-76.957496027 39.000106492)
55674,Prince George's,Property Damage Crashes,DA4050005Q,Prince George's County Police,Angle,Principal Arterial – Other,No,No,No,No,,1.0,UNITED STATE ROUTE,No,True,No,3/26/2024,3/26/2024,21,PGCOPD,1,16,3,No,,Point,21:37,2024,Tuesday,12,Motor Vehicle In Transport,5,On Roadway,3.0,,,,,,6.0,Non-Junction,39.000173214,3,Dark - Lighted,2024-03-26,-76.931251494,N,27.65,F,N,No,,,F0FE07B81BF1865FA2F6E6F4788E703D2D9E79D667BD9DC6C881A041F897EFBF,US,1,No,,,,,9.0,Wet,,,No,,,,,,,,,,,,,,,,,,,,,,,,,,,,,,,,,,POINT (-76.93125149399999 39.000173214)
56614,Prince George's,Property Damage Crashes,DA418600B1,Prince George's County Police,"Sideswipe, Opposite Direction",,No,No,No,No,,541.0,PRIVATE ROAD,No,True,No,8/24/2024,8/24/2024,19,PGCOPD,6,16,3,Yes,2.0,Point,19:26,2024,Saturday,12,Motor Vehicle In Transport,5,On Roadway,,Angled/Skewed,,,RHODE ISLAND AVE SERVICE RD,1.0,5.0,Intersection or Related,39.000195922,1,Daylight,2024-08-24,-76.925211746,N,0.0,F,N,No,,,ED0F0DC22FD9417FFDC8039315CAFF8DEC44DA65198CE2B1EE90D91E8374EE0A,PV,1,No,,,,,1.0,Dry,2.0,Stop - All Way,No,,,,,,,,,,,,,,,,,,,,,,,,,,,,,,,,,,POINT (-76.925211746 39.000195922)
72965,Prince George's,Property Damage Crashes,DA43370021,Prince George's County Police,Single Vehicle,Minor Arterial,No,No,No,No,ADELPHI RD,232.0,COUNTY ROAD,No,True,No,5/11/2024,5/11/2024,14,PGCOPD,101,16,3,No,,Point,14:30,2024,Saturday,40,Tree (standing),3,Median,4.0,,,,,,6.0,Non-Junction,39.000394242,1,Daylight,2024-05-11,-76.963517204,W,19.31,F,N,No,,,0A40647D6B7858F521A8FBE16155B9469A9A0D650139589779D9278E5D0FB2E5,CO,1,No,,,,,1.0,Dry,,,No,,,,,,,,,,,,,,,,,,,,,,,,,,,,,,,,,,POINT (-76.963517204 39.000394242)
26115,Prince George's,Property Damage Crashes,DA4069009Q,Prince George's County Police,Angle,,No,Yes,No,No,LOCUST SPRING RD,670.0,LOCAL ROAD,No,True,No,11/21/2024,11/21/2024,15,PGCOPD,1,16,3,Yes,,Point,15:36,2024,Thursday,12,Motor Vehicle In Transport,5,On Roadway,,,,,RHODE ISLAND AVE RHODE ISLAND AVE (NB/L),,9.0,Through Roadway,39.000530879,1,Daylight,2024-11-21,-76.925016941,N,17.14,F,N,No,,,32A781BB6A9C71E20E829A2883D4C5B7815E74B2275EDB4755C0D1FBDB787312,LL,2,"Yes, School Bus Directly Involved",,,,,1.0,Dry,,,No,,,,,,,,,,,,,,,,,,,,,,,,,,,,,,,,,,POINT (-76.925016941 39.000530879)
34199,Prince George's,Property Damage Crashes,DA418800DK,Prince George's County Police,Front to Rear,,No,Yes,No,No,,,,No,True,No,4/15/2024,4/15/2024,14,PGCOPD,3,16,3,,,Point,14:10,2024,Monday,15,Parked Vehicle,2,In Parking Lane Or Zone,,,,,,,,,39.000600934,1,Daylight,2024-04-15,-76.920570873,,,F,N,Yes,100.0,Parking Stall,,,1,No,,,,,,,,,No,,,,,,,,,,,,,,,,,,,,,,,,,,,,,,,,,,POINT (-76.920570873 39.000600934)
18678,Prince George's,Injury Crashes,DA4069009H,Prince George's County Police,Single Vehicle,Local,No,No,No,No,NO NAME,193.0,MARYLAND ROUTE,No,True,No,10/19/2024,10/19/2024,2,PGCOPD,101,16,2,No,,Point,02:05,2024,Saturday,32,Guardrail Face,9,Roadside,7.0,,,,UNIVERSITY BLVD,,9.0,Through Roadway,39.000675593,4,Dark - Not Lighted,2024-10-19,-76.928719172,N,22.09,F,N,No,,,57F320CEDC2AF59FC1E25BD046B398AB1DB5C96BB0B29F9674F737F2ACBA9836,MD,1,No,,,,,1.0,Dry,,,No,,,,,,,,,,,,,,,,,,,,,,,,,,,,,,,,,,POINT (-76.928719172 39.000675593)
30438,Prince George's,Injury Crashes,DA4268006C,Prince George's County Police,Single Vehicle,Principal Arterial – Other,No,No,No,No,UNIVERSITY BLVD,193.0,MARYLAND ROUTE,No,True,No,9/27/2024,9/27/2024,1,PGCOPD,101,16,2,No,,Point,01:50,2024,Friday,32,Guardrail Face,9,Roadside,3.0,,,,NO NAME,,9.0,Through Roadway,39.000678517,3,Dark - Lighted,2024-09-27,-76.928774204,E,35.2,F,N,No,,,148419F5667BC4A09B865FF7E9E8715F0B71BC656814DFDE725C9DC493DDF7B5,MD,1,No,,,,,1.0,Dry,,,No,,,,,,,,,,,,,,,,,,,,,,,,,,,,,,,,,,POINT (-76.92877420400001 39.000678517)
82768,Prince George's,Property Damage Crashes,DA41610069,Prince George's County Police,Front to Rear,Local,No,Yes,No,No,NO NAME,193.0,MARYLAND ROUTE,Yes,True,No,4/25/2024,4/25/2024,18,PGCOPD,3,16,3,No,,Point,18:00,2024,Thursday,12,Motor Vehicle In Transport,5,On Roadway,7.0,,,,UNIVERSITY BLVD,,6.0,Non-Junction,39.000683848,1,Daylight,2024-04-25,-76.928693172,N,14.66,F,N,No,,,57F320CEDC2AF59FC1E25BD046B398AB1DB5C96BB0B29F9674F737F2ACBA9836,MD,2,"Yes, School Bus Directly Involved",,,,,1.0,Dry,,,No,,,,,,,,,,,,,,,,,,,,,,,,,,,,,,,,,,POINT (-76.928693172 39.000683848)
101832,Prince George's,Property Damage Crashes,DA3447003J,Prince George's County Police,Front to Rear,Principal Arterial – Other,No,Yes,No,No,RAMP 6 FR MD 193 EB TO US 1 SB,1.0,RAMP,No,True,No,3/22/2024,3/22/2024,8,PGCOPD,3,16,3,Yes,,Point,08:41,2024,Friday,12,Motor Vehicle In Transport,99,Unknown,3.0,,,,,,4.0,Entrance/Exit Ramp or Related,39.000763966,1,Daylight,2024-03-22,-76.931591386,S,27.97,F,N,No,,,D63D4330D45D257C40E13388EAE20ABE28CF72F08C11188313997274E97D1B1B,RP,2,"Yes, School Bus Directly Involved",,,,,1.0,Dry,,,No,,,,,,,,,,,,,,,,,,,,,,,,,,,,,,,,,,POINT (-76.93159138599999 39.000763966)
79048,Prince George's,Property Damage Crashes,DA4069008W,Prince George's County Police,"Sideswipe, Opposite Direction",Local,No,No,No,No,BOTELER LA,205.0,STATE ROAD,No,True,No,5/1/2024,5/1/2024,23,PGCOPD,6,16,3,Yes,2.0,Point,23:15,2024,Wednesday,12,Motor Vehicle In Transport,5,On Roadway,7.0,Perpendicular,,,UNIVERSITY BLVD (WB/L),3.0,5.0,Intersection or Related,39.000857592,4,Dark - Not Lighted,2024-05-01,-76.941296085,N,0.0,F,N,No,,,E8F947ABCC88590DFE861545C3E38B3C2DF19EE29A50D69332D8C152D9F1CD87,SR,1,No,,,,,1.0,Dry,4.0,Yield,No,,,,,,,,,,,,,,,,,,,,,,,,,,,,,,,,,,POINT (-76.941296085 39.000857592)
85953,Prince George's,Property Damage Crashes,DS04620015,University of Maryland Police College Park,"Sideswipe, Same Direction",Local,No,No,No,No,BOTELER LA,205.0,STATE ROAD,No,True,No,10/19/2024,10/19/2024,16,UMCP,7,16,3,No,3.0,Point,16:30,2024,Saturday,12,Motor Vehicle In Transport,5,On Roadway,7.0,Perpendicular,,,UNIVERSITY BLVD (WB/L),3.0,5.0,Intersection or Related,39.0008868,1,Daylight,2024-10-19,-76.94128825,N,0.0,F,N,No,,,E8F947ABCC88590DFE861545C3E38B3C2DF19EE29A50D69332D8C152D9F1CD87,SR,1,No,,,,,1.0,Dry,4.0,Yield,No,,,,,,,,,,,,,,,,,,,,,,,,,,,,,,,,,,POINT (-76.94128825 39.0008868)
46450,Prince George's,Property Damage Crashes,DA418100CZ,Prince George's County Police,Other,Local,No,No,No,No,BOTELER LA,205.0,STATE ROAD,No,True,No,5/4/2024,5/4/2024,13,PGCOPD,98,16,3,No,,Point,13:05,2024,Saturday,12,Motor Vehicle In Transport,5,On Roadway,7.0,,,,UNIVERSITY BLVD (WB/L),,9.0,Through Roadway,39.000977327,1,Daylight,2024-05-04,-76.941278208,S,16.62,F,N,No,,,E8F947ABCC88590DFE861545C3E38B3C2DF19EE29A50D69332D8C152D9F1CD87,SR,1,No,12.0,Motor Vehicle In Transport,5.0,On Roadway,9.0,Wet,,,No,,,,,,,,,,,,,,,,,,,,,,,,,,,,,,,,,,POINT (-76.941278208 39.000977327)
33790,Prince George's,Property Damage Crashes,DA43810006,Prince George's County Police,Other,Principal Arterial – Other,No,No,No,No,UNIVERSITY BLVD (WB/L),193.0,MARYLAND ROUTE,Yes,True,No,3/7/2024,3/7/2024,8,PGCOPD,98,16,3,Yes,2.0,Point,08:40,2024,Thursday,12,Motor Vehicle In Transport,5,On Roadway,3.0,Perpendicular,,,BOTELER LA,3.0,5.0,Intersection or Related,39.000977549,1,Daylight,2024-03-07,-76.941266647,S,0.0,F,N,No,,,A563A214EAB62997329C2E0CF6719E00062B2F989EBBC2D589C7386835461C17,MD,1,No,,,,,1.0,Dry,5.0,No Controls,No,,,,,,,,,,,,,,,,,,,,,,,,,,,,,,,,,,POINT (-76.94126664700001 39.000977549)
47075,Prince George's,Injury Crashes,DS05110001,University of Maryland Police College Park,Single Vehicle,Principal Arterial – Other,No,No,No,No,UNIVERSITY BLVD (WB/L),193.0,MARYLAND ROUTE,No,True,No,2/10/2024,2/10/2024,2,UMCP,101,16,2,No,,Point,02:59,2024,Saturday,32,Guardrail Face,9,Roadside,3.0,,101.0,State,,,3.0,Driveway Access or Related,39.000986924,3,Dark - Lighted,2024-02-10,-76.941190187,E,24.43,F,N,No,,,FA49150AB670C1FDC8DAEAB854014C989A40D035729B195FB64BC8DBF03DE1CB,MD,1,No,28.0,Ditch,9.0,Roadside,1.0,Dry,,,No,,,,,,,,,,,,,,,,,,,,,,,,,,,,,,,,,,POINT (-76.941190187 39.000986924)
26601,Prince George's,Injury Crashes,DA40690092,Prince George's County Police,Front to Rear,Principal Arterial – Other,No,No,Yes,No,,1.0,UNITED STATE ROUTE,No,True,No,6/10/2024,6/10/2024,13,PGCOPD,3,16,2,No,,Point,13:21,2024,Monday,12,Motor Vehicle In Transport,5,On Roadway,3.0,,,,,,9.0,Through Roadway,39.000990648,1,Daylight,2024-06-10,-76.931171212,N,18.61,F,N,No,,,4D22543340B98385CA9E88A2C10A57A612190272D90582CE86D6E2ACB6DE7365,US,1,No,,,,,1.0,Dry,,,No,,,,,,,,,,,,,,,,,,,,,,,,,,,,,,,,,,POINT (-76.931171212 39.000990648)
89678,Prince George's,Property Damage Crashes,DA4069008J,Prince George's County Police,Front to Rear,Principal Arterial – Other,No,No,No,No,UNIVERSITY BLVD,193.0,MARYLAND ROUTE,No,True,No,1/25/2024,1/25/2024,17,PGCOPD,3,16,3,No,,Point,17:51,2024,Thursday,12,Motor Vehicle In Transport,5,On Roadway,3.0,,,,,,9.0,Through Roadway,39.001294496,4,Dark - Not Lighted,2024-01-25,-76.933925083,W,40.69,F,N,No,,,76E153DCC2A542FA2E7BBD01505B2BD161E06DA7ED41FE676D9B56E246920253,MD,1,No,,,,,9.0,Wet,,,No,,,,,,,,,,,,,,,,,,,,,,,,,,,,,,,,,,POINT (-76.93392508300001 39.001294496)
51391,Prince George's,Injury Crashes,DA43330026,Prince George's County Police,Front to Rear,Principal Arterial – Other,Yes,No,No,No,UNIVERSITY BLVD,193.0,MARYLAND ROUTE,No,True,No,4/22/2024,4/22/2024,17,PGCOPD,3,16,2,No,,Point,17:20,2024,Monday,12,Motor Vehicle In Transport,5,On Roadway,3.0,,,,,,6.0,Non-Junction,39.0013034,1,Daylight,2024-04-22,-76.933642627,W,17.15,F,N,No,,,0727D14AD7F51533058508D2874A5FD9501FAE853B30342DC1952392B04591E9,MD,1,No,,,,,1.0,Dry,,,No,,,,,,,,,,,,,,,,,,,,,,,,,,,,,,,,,,POINT (-76.933642627 39.0013034)
29181,Prince George's,Property Damage Crashes,DA43810024,Prince George's County Police,Front to Rear,Major Collector,No,No,No,No,METZEROTT RD,230.0,COUNTY ROAD,Yes,True,No,11/4/2024,11/4/2024,19,PGCOPD,3,16,3,No,,Point,19:00,2024,Monday,12,Motor Vehicle In Transport,5,On Roadway,5.0,,,,,,6.0,Non-Junction,39.0013305,3,Dark - Lighted,2024-11-04,-76.9475032,N,30.01,F,N,No,,,30A43D10C58EB66F5FD99D88AB02729A775E85D32F94E704A2FC812037A57B6C,CO,1,No,,,,,1.0,Dry,,,No,,,,,,,,,,,,,,,,,,,,,,,,,,,,,,,,,,POINT (-76.9475032 39.0013305)
94410,Prince George's,Property Damage Crashes,DA4069009G,Prince George's County Police,Front to Rear,Principal Arterial – Other,No,No,No,No,UNIVERSITY BLVD,193.0,MARYLAND ROUTE,No,True,No,9/25/2024,9/25/2024,6,PGCOPD,3,16,3,No,,Point,06:43,2024,Wednesday,12,Motor Vehicle In Transport,5,On Roadway,3.0,,,,,,9.0,Through Roadway,39.00137852,4,Dark - Not Lighted,2024-09-25,-76.933086033,S,22.07,F,N,No,,,2091284D75A272952F3A049E366FD746857F21600DAD5D43DAA10D8E171C215D,MD,1,No,,,,,9.0,Wet,,,No,,,,,,,,,,,,,,,,,,,,,,,,,,,,,,,,,,POINT (-76.933086033 39.00137852)
1448,Prince George's,Property Damage Crashes,DA34470036,Prince George's County Police,Front to Rear,Principal Arterial – Other,No,No,No,No,UNIVERSITY BLVD (WB/L),193.0,MARYLAND ROUTE,No,True,No,2/11/2024,2/11/2024,21,PGCOPD,3,16,3,No,,Point,21:58,2024,Sunday,12,Motor Vehicle In Transport,5,On Roadway,3.0,,,,,,9.0,Through Roadway,39.0013944,4,Dark - Not Lighted,2024-02-11,-76.9318652,N,62.19,F,N,No,,,CE05C152F316F9D0E38DF7B8611B83E4D9AFEE57497E00A2C2CAD753F2887966,MD,1,No,,,,,9.0,Wet,,,No,,,,,,,,,,,,,,,,,,,,,,,,,,,,,,,,,,POINT (-76.9318652 39.0013944)
32806,Prince George's,Property Damage Crashes,DA4273003T,Prince George's County Police,Single Vehicle,Principal Arterial – Other,No,No,No,No,UNIVERSITY BLVD (WB/L),193.0,MARYLAND ROUTE,No,True,No,2/25/2024,2/25/2024,4,PGCOPD,101,16,3,No,,Point,04:30,2024,Sunday,25,Concrete Traffic Barrier,3,Median,3.0,,,,,,6.0,Non-Junction,39.001441181,4,Dark - Not Lighted,2024-02-25,-76.933352358,W,7.29,F,N,No,,,C0F19D6091DCE12C05C5FCE8A1399113916E42FBD1C91CE97D2668AC7D5858ED,MD,1,No,25.0,Concrete Traffic Barrier,9.0,Roadside,1.0,Dry,,,No,,,,,,,,,,,,,,,,,,,,,,,,,,,,,,,,,,POINT (-76.93335235799999 39.001441181)
46542,Prince George's,Injury Crashes,DA4193006Y,Prince George's County Police,Front to Rear,Principal Arterial – Other,No,No,No,No,,1.0,UNITED STATE ROUTE,No,True,No,2/3/2024,2/3/2024,22,PGCOPD,3,16,2,No,,Point,22:08,2024,Saturday,12,Motor Vehicle In Transport,5,On Roadway,3.0,,,,UNIVERSITY BLVD (WB/L),,6.0,Non-Junction,39.001485123,3,Dark - Lighted,2024-02-03,-76.931036812,N,20.52,F,N,No,,,813265612F2FFE6E7F4865FAE947848721AF4CE13501F7643064D33B8613D16E,US,1,No,97.0,Not Applicable,,,1.0,Dry,,,No,,,,,,,,,,,,,,,,,,,,,,,,,,,,,,,,,,POINT (-76.931036812 39.001485123)
43176,Prince George's,Injury Crashes,DA3496001N,Prince George's County Police,Single Vehicle,Local,No,No,No,Yes,BLACKFOOT PL #1,121.0,MUNICIPAL ROAD,No,True,No,7/11/2024,7/11/2024,12,PGCOPD,101,16,2,No,3.0,Point,12:43,2024,Thursday,16,Pedalcycle,5,On Roadway,7.0,Angled/Skewed,,,RHODE ISLAND AVE RHODE ISLAND AVE (NB/L),1.0,5.0,Intersection or Related,39.001541592,1,Daylight,2024-07-11,-76.924669094,N,0.0,F,N,No,,,A10AB899F84DC1D679E587D8796E2BDFAE10E8E83121AD81C5EAAE114D4DBD63,MU,1,No,12.0,Motor Vehicle In Transport,5.0,On Roadway,1.0,Dry,2.0,Stop - All Way,No,,,,,,,Cyclist (non-electric),b02e86e2-6541-49f5-ad3f-f478f50b1491,DA3496001N,101.0,Cross/Enter Not at Intersection,58.0,WEEMS,9.0,Left,3.0,"Other Action (looking away from task, etc.)",99.0,Unknown,M,1.0,No,4.0,Possible Injury,10.0,On-Street Bike Lanes,97.0,Not Applicable,VA,c4d4031a-6b44-4080-8b1c-56ca24e4d88a,101.0,N,22576,POINT (-76.924669094 39.001541592)
14086,Prince George's,Property Damage Crashes,DA4050006B,Prince George's County Police,"Sideswipe, Same Direction",Principal Arterial – Other,No,No,No,No,RAMP 8 FR US 1 SB TO MD 193 WB,1.0,RAMP,No,True,No,9/28/2024,9/28/2024,6,PGCOPD,7,16,3,No,,Point,06:30,2024,Saturday,12,Motor Vehicle In Transport,5,On Roadway,3.0,,,,,,4.0,Entrance/Exit Ramp or Related,39.001570835,4,Dark - Not Lighted,2024-09-28,-76.932414242,S,12.01,F,N,No,,,C10410CAEC3DC7EBBCABEB7895B5E0E06DB8A0928B66905A077552B48C35A283,RP,1,No,,,,,9.0,Wet,,,No,,,,,,,,,,,,,,,,,,,,,,,,,,,,,,,,,,POINT (-76.93241424199999 39.001570835)
57545,Prince George's,Property Damage Crashes,DA302000F8,Prince George's County Police,Other,Principal Arterial – Other,No,No,No,No,,1.0,UNITED STATE ROUTE,No,True,No,11/3/2024,11/3/2024,1,PGCOPD,98,16,3,No,,Point,01:02,2024,Sunday,12,Motor Vehicle In Transport,5,On Roadway,3.0,,,,,,6.0,Non-Junction,39.001578543,4,Dark - Not Lighted,2024-11-03,-76.931081528,N,24.14,F,N,No,,,AF2203D5CC337FFC0666C25CE23839F7CFD7127D80FE55A1768616C7D36B0F66,US,1,No,35.0,"Other Fixed Object (wall, building, tunnel, etc.)",7.0,"On Shoulder, Right Side",1.0,Dry,,,No,,,,,,,,,,,,,,,,,,,,,,,,,,,,,,,,,,POINT (-76.93108152800001 39.001578543)
80497,Prince George's,Injury Crashes,DA43320024,Prince George's County Police,Front to Rear,Local,No,No,No,No,RHODE ISLAND AVE SERVICE RD,780.0,MUNICIPAL ROAD,No,True,No,5/24/2024,5/24/2024,9,PGCOPD,3,16,2,No,,Point,09:00,2024,Friday,12,Motor Vehicle In Transport,5,On Roadway,7.0,,,,,,6.0,Non-Junction,39.001614611,1,Daylight,2024-05-24,-76.924752889,W,34.08,F,N,No,,,3E15C34C8839C853DE2F3FF1CCB4C9A3046ED448CC0875B78BEC15DAC1766315,MU,1,No,,,,,1.0,Dry,,,No,,,,,,,,,,,,,,,,,,,,,,,,,,,,,,,,,,POINT (-76.924752889 39.001614611)
35371,Prince George's,Property Damage Crashes,DA392000BF,Prince George's County Police,Front to Rear,Principal Arterial – Other,No,No,No,No,UNIVERSITY BLVD (WB/L),193.0,MARYLAND ROUTE,No,True,No,9/4/2024,9/4/2024,16,PGCOPD,3,16,3,Yes,,Point,16:00,2024,Wednesday,12,Motor Vehicle In Transport,5,On Roadway,3.0,,,,,,1.0,Acceleration/Deceleration Lane,39.001623052,1,Daylight,2024-09-04,-76.931173971,S,42.38,F,N,No,,,793B0E2A4EBEA9A9A783C8C976227A4DEF515C20D7C16BCC5F6B03F13EAE13EC,MD,1,No,,,,,1.0,Dry,,,No,,,,,,,,,,,,,,,,,,,,,,,,,,,,,,,,,,POINT (-76.93117397100001 39.001623052)
14132,Prince George's,Property Damage Crashes,DA418600B5,Prince George's County Police,"Sideswipe, Same Direction",Minor Arterial,No,No,No,No,ADELPHI RD,232.0,COUNTY ROAD,No,True,Yes,10/4/2024,10/4/2024,8,PGCOPD,7,16,3,No,,Point,08:30,2024,Friday,12,Motor Vehicle In Transport,5,On Roadway,4.0,,,,,,6.0,Non-Junction,39.001630038,1,Daylight,2024-10-04,-76.964654393,N,37.6,F,N,No,,,1DBC9D54F4B69D7350C454096DAB61824195E89ED11C76A7DAEC0A950AA0C588,CO,1,No,,,,,9.0,Wet,,,Yes,N,4.0,Activity Area,1.0,Lane Closure,Yes,,,,,,,,,,,,,,,,,,,,,,,,,,,,POINT (-76.964654393 39.001630038)
59287,Prince George's,Injury Crashes,DA4186009S,Prince George's County Police,Single Vehicle,Principal Arterial – Other,No,No,No,No,UNIVERSITY BLVD (WB/L),193.0,MARYLAND ROUTE,No,True,No,6/29/2024,6/29/2024,18,PGCOPD,101,16,2,Unknown,,Point,18:44,2024,Saturday,6,Other Non-Collision,7,"On Shoulder, Right Side",3.0,,,,,,99.0,Unknown,39.001632603,1,Daylight,2024-06-29,-76.930826078,S,48.78,F,N,No,,,DEE7B6B0849D7365E854C43C21AEEC3B9320B9BE20059311E951565956A60FB3,MD,1,No,97.0,Not Applicable,,,1.0,Dry,,,No,,,,,,,,,,,,,,,,,,,,,,,,,,,,,,,,,,POINT (-76.930826078 39.001632603)
26272,Prince George's,Property Damage Crashes,DA4340002M,Prince George's County Police,Front to Rear,Principal Arterial – Other,No,No,No,No,RAMP 1 FR US 1 NB TO MD 193 WB,1.0,RAMP,No,True,No,5/4/2024,5/4/2024,21,PGCOPD,3,16,3,No,,Point,21:00,2024,Saturday,12,Motor Vehicle In Transport,99,Unknown,3.0,,,,,,99.0,Unknown,39.001635862,101,Dusk,2024-05-04,-76.930472851,E,47.82,F,N,No,,,1CA877505C5965F0DCFD558988E396512276F4FABDF0639397571914E2940E05,RP,1,No,,,,,9.0,Wet,,,No,,,,,,,,,,,,,,,,,,,,,,,,,,,,,,,,,,POINT (-76.930472851 39.001635862)
21516,Prince George's,Property Damage Crashes,DA4161006H,Prince George's County Police,Front to Rear,Minor Arterial,No,No,No,No,ADELPHI RD (NB/L),232.0,COUNTY ROAD,No,True,No,5/13/2024,5/13/2024,18,PGCOPD,3,16,3,No,,Point,18:00,2024,Monday,12,Motor Vehicle In Transport,5,On Roadway,4.0,,,,,,6.0,Non-Junction,39.001843283,1,Daylight,2024-05-13,-76.964545578,W,31.34,F,N,No,,,8991616C2985588F741D9B60372C4F26C6C2658C1AF4A2093E1BB29F24A7FB73,CO,1,No,,,,,1.0,Dry,,,No,,,,,,,,,,,,,,,,,,,,,,,,,,,,,,,,,,POINT (-76.964545578 39.001843283)
49237,Prince George's,Property Damage Crashes,DA4268006G,Prince George's County Police,Other,Local,No,No,No,No,49TH AVE #3,9493.0,MUNICIPAL ROAD,No,True,No,10/23/2024,10/23/2024,10,PGCOPD,98,16,3,No,,Point,10:34,2024,Wednesday,15,Parked Vehicle,5,On Roadway,7.0,,,,,,9.0,Through Roadway,39.001876545,99,Unknown,2024-10-23,-76.926948445,S,41.08,F,N,No,,,6E87D9978E6C981DEA30E988B8081BD23825D57DDD74463EEB5CA1320737AE6A,MU,1,No,,,,,1.0,Dry,,,No,,,,,,,,,,,,,,,,,,,,,,,,,,,,,,,,,,POINT (-76.92694844499999 39.001876545)
2563,Prince George's,Property Damage Crashes,DA4050005S,Prince George's County Police,Front to Rear,Major Collector,No,No,No,No,METZEROTT RD,230.0,COUNTY ROAD,No,True,No,5/3/2024,5/3/2024,1,PGCOPD,3,16,3,No,,Point,01:07,2024,Friday,12,Motor Vehicle In Transport,5,On Roadway,5.0,,,,,,9.0,Through Roadway,39.0021602,3,Dark - Lighted,2024-05-03,-76.951559169,W,29.9,F,N,No,,,25D5C8A39985FE3BCE66B5FB69F03F0673FA36FA4008E994688066AE0B1F9C1A,CO,1,No,,,,,1.0,Dry,,,No,,,,,,,,,,,,,,,,,,,,,,,,,,,,,,,,,,POINT (-76.95155916900001 39.0021602)
88684,Prince George's,Property Damage Crashes,DA405100D8,Prince George's County Police,"Sideswipe, Same Direction",Major Collector,No,No,No,No,METZEROTT RD,230.0,COUNTY ROAD,No,True,No,12/25/2024,12/25/2024,17,PGCOPD,7,16,3,No,,Point,17:47,2024,Wednesday,15,Parked Vehicle,5,On Roadway,5.0,,,,,,6.0,Non-Junction,39.002263191,99,Unknown,2024-12-25,-76.951974743,S,34.61,F,N,No,,,1DCA9633206171E5DBF871889539D96C3B5409A465151D807954EED2728FF70F,CO,1,No,,,,,99.0,Unknown,,,No,,,,,,,,,,,,,,,,,,,,,,,,,,,,,,,,,,POINT (-76.95197474299999 39.002263191)
69844,Prince George's,Property Damage Crashes,DS05230001,University of Maryland Police College Park,Front to Rear,Major Collector,Yes,No,No,No,METZEROTT RD,230.0,COUNTY ROAD,No,True,No,9/22/2024,9/22/2024,18,UMCP,3,16,3,No,,Point,18:48,2024,Sunday,12,Motor Vehicle In Transport,5,On Roadway,5.0,,,,,,6.0,Non-Junction,39.002459643,3,Dark - Lighted,2024-09-22,-76.964421139,S,15.8,F,N,No,,,3A47D7F36788AD994BE3AE684875B0D6530FB7FD63B343FFC28D3A0877522F63,CO,1,No,12.0,Motor Vehicle In Transport,5.0,On Roadway,1.0,Dry,,,No,,,,,,,,,,,,,,,,,,,,,,,,,,,,,,,,,,POINT (-76.964421139 39.002459643)
43041,Prince George's,Property Damage Crashes,DA34250089,Prince George's County Police,Single Vehicle,Principal Arterial – Other,No,No,No,No,RAMP 1 FR US 1 NB TO MD 193 WB,1.0,RAMP,No,True,No,3/18/2024,3/18/2024,3,PGCOPD,101,16,3,Yes,,Point,03:47,2024,Monday,27,Curb,3,Median,3.0,,,,,,4.0,Entrance/Exit Ramp or Related,39.002494204,4,Dark - Not Lighted,2024-03-18,-76.930132943,E,39.45,F,N,No,,,A3A5F07825E42019BA59B6E9B590A573DFC348E3F3489046190E0EE9BE9CFCBD,RP,1,No,40.0,Tree (standing),3.0,Median,1.0,Dry,,,No,,,,,,,,,,,,,,,,,,,,,,,,,,,,,,,,,,POINT (-76.930132943 39.002494204)
46654,Prince George's,Injury Crashes,DA3965008M,Prince George's County Police,Front to Rear,Principal Arterial – Other,No,No,No,No,RAMP 2 FR MD 193 WB TO US 1 NB,1.0,RAMP,No,True,No,12/16/2024,12/16/2024,19,PGCOPD,3,16,2,No,,Point,19:08,2024,Monday,12,Motor Vehicle In Transport,5,On Roadway,3.0,,,,,,4.0,Entrance/Exit Ramp or Related,39.002515305,5,Dark - Unknown Lighting,2024-12-16,-76.929677418,S,23.44,F,N,No,,,BE9A4EAE33BB3F6968B33A80EE8BDF06C18D62DF57573975DAC3130B87E3FD7B,RP,1,No,14.0,Other Non-Motorist,5.0,On Roadway,9.0,Wet,,,No,,,,,,,,,,,,,,,,,,,,,,,,,,,,,,,,,,POINT (-76.929677418 39.002515305)
27526,Prince George's,Injury Crashes,DA418100CN,Prince George's County Police,Single Vehicle,Principal Arterial – Other,No,No,No,No,RAMP 2 FR MD 193 WB TO US 1 NB,1.0,RAMP,No,True,No,3/18/2024,3/18/2024,2,PGCOPD,101,16,2,No,,Point,02:17,2024,Monday,27,Curb,9,Roadside,3.0,,,,,,4.0,Entrance/Exit Ramp or Related,39.002571067,4,Dark - Not Lighted,2024-03-18,-76.929807557,S,5.15,F,N,No,,,E17A47C75EDB03FED5C93BBE422B184978CA7016CC6ADB1CCBE14B8A8193E07A,RP,1,No,,,,,1.0,Dry,,,No,,,,,,,,,,,,,,,,,,,,,,,,,,,,,,,,,,POINT (-76.929807557 39.002571067)
14518,Prince George's,Property Damage Crashes,DA4263005F,Prince George's County Police,Unknown,Local,No,No,No,Yes,RHODE ISLAND AVE SERVICE RD,780.0,MUNICIPAL ROAD,No,True,No,11/15/2024,11/15/2024,8,PGCOPD,99,16,3,No,,Point,08:30,2024,Friday,14,Other Non-Motorist,5,On Roadway,7.0,,,,,,9.0,Through Roadway,39.002638814,1,Daylight,2024-11-15,-76.924561023,N,34.73,F,N,No,,,C6034F5E1A1AEBEC115BF18C3A3F549406C52D1C41B8D8A544911160BEB60E37,MU,1,No,12.0,Motor Vehicle In Transport,5.0,On Roadway,1.0,Dry,,,No,,,,,,,Unknown Type Of Non-Motorist,4f1beae6-5a5c-45ea-9b69-6b4cff007112,DA4263005F,100.0,Cross/Enter at Intersection,54.0,COLLEGE PARK,3.0,Right,0.0,Not Distracted,,,M,1.0,No,5.0,No Apparent Injury,1.0,Intersection – Marked Crosswalk,99.0,Unknown,MD,4cea19f2-abca-4cec-a34e-f02d990785cc,9.0,N,20740,POINT (-76.924561023 39.002638814)
102592,Prince George's,Property Damage Crashes,DA4268005S,Prince George's County Police,Front to Front,Local,No,No,No,No,49TH AVE #3,9493.0,MUNICIPAL ROAD,No,True,No,6/24/2024,6/24/2024,8,PGCOPD,2,16,3,No,2.0,Point,08:50,2024,Monday,12,Motor Vehicle In Transport,5,On Roadway,7.0,Perpendicular,,,CHEROKEE ST #1,3.0,5.0,Intersection or Related,39.002749878,1,Daylight,2024-06-24,-76.92638708,W,0.0,F,N,No,,,100FAD3BDA57761B6891F407CCCBA26A188EB40ED05FC79A084F2C13BDABF5EA,MU,1,No,12.0,Motor Vehicle In Transport,5.0,On Roadway,1.0,Dry,5.0,No Controls,No,,,,,,,,,,,,,,,,,,,,,,,,,,,,,,,,,,POINT (-76.92638708 39.002749878)
85464,Prince George's,Property Damage Crashes,DA4193007K,Prince George's County Police,"Sideswipe, Same Direction",Local,No,Yes,No,No,CHEROKEE ST #1,191.0,MUNICIPAL ROAD,Yes,True,No,10/24/2024,10/24/2024,8,PGCOPD,7,16,3,No,,Point,08:30,2024,Thursday,12,Motor Vehicle In Transport,5,On Roadway,7.0,,,,,,6.0,Non-Junction,39.002791403,1,Daylight,2024-10-24,-76.926532162,W,32.98,F,N,No,,,E16E399E2019F19AC5AEB4939971172CC245E2762F294F674B3AC43356DA3B59,MU,2,"Yes, School Bus Directly Involved",,,,,1.0,Dry,,,No,,,,,,,,,,,,,,,,,,,,,,,,,,,,,,,,,,POINT (-76.926532162 39.002791403)
86964,Prince George's,Injury Crashes,DS04500012,University of Maryland Police College Park,Single Vehicle,Major Collector,No,No,No,No,METZEROTT RD,230.0,COUNTY ROAD,No,True,No,12/29/2024,12/29/2024,11,UMCP,101,16,2,No,,Point,11:35,2024,Sunday,41,Utility Pole/Light Support,9,Roadside,5.0,,,,,,6.0,Non-Junction,39.002843649,1,Daylight,2024-12-29,-76.955489547,W,55.11,F,N,No,,,68DC7E509C0252DB30379921660BC597D8049720091B2DEDCA245AEF83C1A356,CO,1,No,,,,,9.0,Wet,,,No,,,,,,,,,,,,,,,,,,,,,,,,,,,,,,,,,,POINT (-76.955489547 39.002843649)
23046,Prince George's,Property Damage Crashes,DA44130003,Prince George's County Police,Single Vehicle,Local,No,No,No,No,CHEYENNE PL,210.0,MUNICIPAL ROAD,No,True,No,12/24/2024,12/24/2024,22,PGCOPD,101,16,3,No,,Point,22:25,2024,Tuesday,36,"Other Post, Pole, Or Support",9,Roadside,7.0,,100.0,Local,50TH PL #1,,6.0,Non-Junction,39.002854869,4,Dark - Not Lighted,2024-12-24,-76.923089094,N,49.8,F,N,No,,,5CB3394BC775BD05F21387916F76CD7E70EC457D0A2B1F319F9DE3FEBB100389,MU,1,No,,,,,1.0,Dry,,,No,,,,,,,,,,,,,,,,,,,,,,,,,,,,,,,,,,POINT (-76.92308909400001 39.002854869)
81003,Prince George's,Property Damage Crashes,DA4268004Z,Prince George's County Police,Front to Rear,Principal Arterial – Other,No,No,No,No,RAMP 2 FR MD 193 WB TO US 1 NB,1.0,RAMP,Yes,True,No,1/25/2024,1/25/2024,13,PGCOPD,3,16,3,Yes,,Point,13:46,2024,Thursday,12,Motor Vehicle In Transport,5,On Roadway,3.0,,,,,,4.0,Entrance/Exit Ramp or Related,39.002889957,1,Daylight,2024-01-25,-76.930599941,W,13.0,F,N,No,,,FAB23506EDAEFF4A1FA758BEA952F4C5C36CE78A5A319AAACA61AE56C960DE89,RP,1,No,,,,,9.0,Wet,,,No,,,,,,,,,,,,,,,,,,,,,,,,,,,,,,,,,,POINT (-76.930599941 39.002889957)
35880,Prince George's,Property Damage Crashes,DA4060005W,Prince George's County Police,Front to Rear,Principal Arterial – Other,No,No,No,No,BALTIMORE AVE,1.0,UNITED STATE ROUTE,No,True,No,5/30/2024,5/30/2024,16,PGCOPD,3,16,3,No,,Point,16:57,2024,Thursday,12,Motor Vehicle In Transport,5,On Roadway,3.0,,,,,,6.0,Non-Junction,39.002919357,1,Daylight,2024-05-30,-76.930918731,S,60.52,F,N,No,,,1658CE2F0425861A2246AAA6BB83BBE8BCC550B1EC7F663BEB56D93AC0B857CB,US,1,No,,,,,1.0,Dry,,,No,,,,,,,,,,,,,,,,,,,,,,,,,,,,,,,,,,POINT (-76.93091873100001 39.002919357)
65093,Prince George's,Property Damage Crashes,DA405100CR,Prince George's County Police,Angle,Principal Arterial – Other,No,No,No,No,BALTIMORE AVE,1.0,UNITED STATE ROUTE,No,True,No,6/9/2024,6/9/2024,12,PGCOPD,1,16,3,No,,Point,12:47,2024,Sunday,12,Motor Vehicle In Transport,5,On Roadway,3.0,,,,,,4.0,Entrance/Exit Ramp or Related,39.002944005,1,Daylight,2024-06-09,-76.930577046,N,63.85,F,N,No,,,A36EC56A5C032FF31C2667BD5391776AFC1418D43CBD75583EF16FE37432E8D2,US,1,No,,,,,1.0,Dry,,,No,,,,,,,,,,,,,,,,,,,,,,,,,,,,,,,,,,POINT (-76.930577046 39.002944005)
106772,Prince George's,Property Damage Crashes,DA2108000P,Prince George's County Police,"Sideswipe, Same Direction",Principal Arterial – Other,No,No,No,No,BALTIMORE AVE,1.0,UNITED STATE ROUTE,No,True,No,4/3/2024,4/3/2024,8,PGCOPD,7,16,3,No,,Point,08:45,2024,Wednesday,12,Motor Vehicle In Transport,5,On Roadway,3.0,,100.0,Local,,,9.0,Through Roadway,39.002973235,1,Daylight,2024-04-03,-76.930725894,N,45.93,F,N,No,,,A36EC56A5C032FF31C2667BD5391776AFC1418D43CBD75583EF16FE37432E8D2,US,1,No,,,,,9.0,Wet,,,No,,,,,,,,,,,,,,,,,,,,,,,,,,,,,,,,,,POINT (-76.93072589400001 39.002973235)
37330,Prince George's,Property Damage Crashes,DA4268006L,Prince George's County Police,"Sideswipe, Same Direction",Principal Arterial – Other,No,No,No,No,BALTIMORE AVE,1.0,UNITED STATE ROUTE,No,True,No,11/11/2024,11/11/2024,21,PGCOPD,7,16,3,No,,Point,21:06,2024,Monday,12,Motor Vehicle In Transport,5,On Roadway,3.0,,,,,,9.0,Through Roadway,39.003034033,3,Dark - Lighted,2024-11-11,-76.930733705,S,23.69,F,N,No,,,9F5C2803C3DC893E0107B1EE4F5C8D31E2AFA93F9C95160DA56F724E525EC4A7,US,1,No,,,,,1.0,Dry,,,No,,,,,,,,,,,,,,,,,,,,,,,,,,,,,,,,,,POINT (-76.93073370499999 39.003034033)
76706,Prince George's,Property Damage Crashes,DA4268006B,Prince George's County Police,Front to Front,Principal Arterial – Other,No,No,No,No,BALTIMORE AVE,1.0,UNITED STATE ROUTE,No,True,No,9/26/2024,9/26/2024,20,PGCOPD,2,16,3,No,,Point,20:28,2024,Thursday,12,Motor Vehicle In Transport,3,Median,3.0,,,,,,9.0,Through Roadway,39.003068219,3,Dark - Lighted,2024-09-26,-76.930699373,N,10.54,F,N,No,,,A36EC56A5C032FF31C2667BD5391776AFC1418D43CBD75583EF16FE37432E8D2,US,1,No,,,,,1.0,Dry,,,No,,,,,,,,,,,,,,,,,,,,,,,,,,,,,,,,,,POINT (-76.930699373 39.003068219)
61197,Prince George's,Property Damage Crashes,DA4050005C,Prince George's County Police,Front to Rear,Principal Arterial – Other,No,No,No,No,BALTIMORE AVE,1.0,UNITED STATE ROUTE,No,True,No,1/14/2024,1/14/2024,12,PGCOPD,3,16,3,No,,Point,12:10,2024,Sunday,12,Motor Vehicle In Transport,5,On Roadway,3.0,,,,,,4.0,Entrance/Exit Ramp or Related,39.003112707,1,Daylight,2024-01-14,-76.930691985,S,6.14,F,N,No,,,A36EC56A5C032FF31C2667BD5391776AFC1418D43CBD75583EF16FE37432E8D2,US,1,No,,,,,1.0,Dry,,,No,,,,,,,,,,,,,,,,,,,,,,,,,,,,,,,,,,POINT (-76.930691985 39.003112707)
96676,Prince George's,Property Damage Crashes,DA418100DT,Prince George's County Police,Single Vehicle,Principal Arterial – Other,No,No,No,No,BALTIMORE AVE,1.0,UNITED STATE ROUTE,No,True,No,9/18/2024,9/18/2024,4,PGCOPD,101,16,3,No,,Point,04:50,2024,Wednesday,36,"Other Post, Pole, Or Support",5,On Roadway,3.0,,,,,,9.0,Through Roadway,39.003123974,3,Dark - Lighted,2024-09-18,-76.930688954,S,10.19,F,N,No,,,A36EC56A5C032FF31C2667BD5391776AFC1418D43CBD75583EF16FE37432E8D2,US,1,No,,,,,9.0,Wet,,,No,,,,,,,,,,,,,,,,,,,,,,,,,,,,,,,,,,POINT (-76.930688954 39.003123974)
87775,Prince George's,Injury Crashes,DA4069008G,Prince George's County Police,Front to Front,Principal Arterial – Other,No,No,No,No,BALTIMORE AVE,1.0,UNITED STATE ROUTE,No,True,No,1/24/2024,1/24/2024,16,PGCOPD,2,16,2,Yes,,Point,16:19,2024,Wednesday,12,Motor Vehicle In Transport,5,On Roadway,3.0,,,,,,9.0,Through Roadway,39.003839731,1,Daylight,2024-01-24,-76.930513581,S,2.62,F,N,No,,,1152EB983CACCBB147C1476EC9103C3FA2E8706AE0EFA63B06971A40CEFAB7B3,US,1,No,12.0,Motor Vehicle In Transport,5.0,On Roadway,1.0,Dry,,,No,,,,,,,,,,,,,,,,,,,,,,,,,,,,,,,,,,POINT (-76.930513581 39.003839731)
38806,Prince George's,Property Damage Crashes,DA4069008F,Prince George's County Police,Front to Rear,Principal Arterial – Other,No,No,No,No,BALTIMORE AVE,1.0,UNITED STATE ROUTE,No,True,No,1/23/2024,1/23/2024,18,PGCOPD,3,16,3,No,,Point,18:29,2024,Tuesday,12,Motor Vehicle In Transport,5,On Roadway,3.0,,,,,,6.0,Non-Junction,39.003853664,3,Dark - Lighted,2024-01-23,-76.930394993,N,58.11,F,N,No,,,7D87640007025780F3BE05665DAD6D9F360883A34124F9F81F72857D21D66C54,US,1,No,,,,,1.0,Dry,,,No,,,,,,,,,,,,,,,,,,,,,,,,,,,,,,,,,,POINT (-76.93039499299999 39.003853664)
44850,Prince George's,Property Damage Crashes,DA34380010,Prince George's County Police,"Sideswipe, Same Direction",Principal Arterial – Other,No,No,No,No,,1.0,UNITED STATE ROUTE,No,True,No,3/29/2024,3/29/2024,18,PGCOPD,7,16,3,No,,Point,18:24,2024,Friday,12,Motor Vehicle In Transport,5,On Roadway,3.0,,,,CHEROKEE ST #1,,6.0,Non-Junction,39.003854967,1,Daylight,2024-03-29,-76.930094011,W,114.6,F,N,No,,,2D51854320F481F8693EA4FD636F77D3A02A364B14A0D5FFE984C3AAC1213C0A,US,1,No,12.0,Motor Vehicle In Transport,9.0,Roadside,1.0,Dry,,,No,,,,,,,,,,,,,,,,,,,,,,,,,,,,,,,,,,POINT (-76.93009401099999 39.003854967)
82884,Prince George's,Property Damage Crashes,DA4268005F,Prince George's County Police,Angle,Local,No,No,No,No,CHEROKEE ST #1,191.0,MUNICIPAL ROAD,No,True,No,5/11/2024,5/11/2024,20,PGCOPD,1,16,3,Yes,4.0,Point,20:56,2024,Saturday,12,Motor Vehicle In Transport,5,On Roadway,7.0,Perpendicular,,,BALTIMORE AVE,3.0,5.0,Intersection or Related,39.003936059,3,Dark - Lighted,2024-05-11,-76.930425461,W,0.0,F,N,No,,,A9F6FC0AB67DBCDB68A7DA469D4B9E4B74E06309E20B10BCBF0FEA548C81C850,MU,1,No,12.0,Motor Vehicle In Transport,5.0,On Roadway,9.0,Wet,1.0,Signalized,No,,,,,,,,,,,,,,,,,,,,,,,,,,,,,,,,,,POINT (-76.930425461 39.003936059)
29000,Prince George's,Property Damage Crashes,DA40500063,Prince George's County Police,"Sideswipe, Same Direction",Local,No,No,No,No,DELAWARE ST #1,361.0,MUNICIPAL ROAD,No,True,No,8/8/2024,8/8/2024,10,PGCOPD,7,16,3,No,,Point,10:50,2024,Thursday,15,Parked Vehicle,5,On Roadway,7.0,,,,,,9.0,Through Roadway,39.004019792,1,Daylight,2024-08-08,-76.924416519,S,9.52,F,N,No,,,4BF9EAF872D22518E86E9FBC6F43F0713F808F756B7461E7BA06EB51164D2270,MU,1,No,,,,,9.0,Wet,,,No,,,,,,,,,,,,,,,,,,,,,,,,,,,,,,,,,,POINT (-76.924416519 39.004019792)
19716,Prince George's,Injury Crashes,DA40500061,Prince George's County Police,Front to Rear,Principal Arterial – Other,No,No,No,No,,1.0,UNITED STATE ROUTE,No,True,No,8/2/2024,8/2/2024,13,PGCOPD,3,16,2,No,,Point,13:34,2024,Friday,15,Parked Vehicle,5,On Roadway,3.0,,,,,,9.0,Through Roadway,39.004247167,1,Daylight,2024-08-02,-76.930566209,E,45.02,F,N,No,,,B216E21D1577D6656DD969D92257D506BD2EF63CA6D7EE1424CC989B73E00960,US,1,No,,,,,1.0,Dry,,,No,,,,,,,,,,,,,,,,,,,,,,,,,,,,,,,,,,POINT (-76.93056620900001 39.004247167)
71982,Prince George's,Property Damage Crashes,DA4418000B,Prince George's County Police,"Sideswipe, Same Direction",Local,No,No,No,No,ST ANDREWS PL,1130.0,MUNICIPAL ROAD,No,True,No,12/29/2024,12/29/2024,4,PGCOPD,7,16,3,No,,Point,04:44,2024,Sunday,15,Parked Vehicle,5,On Roadway,7.0,,,,,,6.0,Non-Junction,39.004536559,3,Dark - Lighted,2024-12-29,-76.948900309,E,8.77,F,N,No,,,4C1550186D783D7EB632DD365A3A11B7DCEDACE34304AB87B89D830C0CE0C712,MU,1,No,,,,,9.0,Wet,,,No,,,,,,,,,,,,,,,,,,,,,,,,,,,,,,,,,,POINT (-76.948900309 39.004536559)
47424,Prince George's,Property Damage Crashes,DA4163003M,Prince George's County Police,Other,Local,No,No,No,No,DELAWARE ST #1,361.0,MUNICIPAL ROAD,No,True,No,9/12/2024,9/12/2024,12,PGCOPD,98,16,3,No,,Point,12:00,2024,Thursday,12,Motor Vehicle In Transport,5,On Roadway,7.0,,,,,,99.0,Unknown,39.004797474,1,Daylight,2024-09-12,-76.926684584,S,41.64,F,N,No,,,30F3A673B6307534E95754F10C2E1AB4AF6FD0159EB9EC511DD3497C6E48AD8C,MU,1,No,15.0,Parked Vehicle,5.0,On Roadway,1.0,Dry,,,No,,,,,,,,,,,,,,,,,,,,,,,,,,,,,,,,,,POINT (-76.926684584 39.004797474)
84392,Prince George's,Property Damage Crashes,DA27770037,Prince George's County Police,"Sideswipe, Same Direction",Local,No,No,No,No,GETTYSBURG LA,525.0,MUNICIPAL ROAD,No,True,No,6/30/2024,6/30/2024,13,PGCOPD,7,16,3,No,,Point,13:11,2024,Sunday,15,Parked Vehicle,5,On Roadway,7.0,,,,,,6.0,Non-Junction,39.005184745,1,Daylight,2024-06-30,-76.945552076,E,12.27,F,N,No,,,6C457789AD779B50F94E6BC7620AF09E12C8CD1CEC5E156675FAFEEC2CB49E81,MU,1,No,97.0,Not Applicable,,,1.0,Dry,,,No,,,,,,,,,,,,,,,,,,,,,,,,,,,,,,,,,,POINT (-76.945552076 39.005184745)
24362,Prince George's,Property Damage Crashes,DA4186009J,Prince George's County Police,Front to Rear,Local,No,No,No,No,RHODE ISLAND RD,1090.0,MUNICIPAL ROAD,Yes,True,No,4/15/2024,4/15/2024,9,PGCOPD,3,16,3,No,,Point,09:58,2024,Monday,12,Motor Vehicle In Transport,5,On Roadway,7.0,,,,,,6.0,Non-Junction,39.005428269,1,Daylight,2024-04-15,-76.923497666,S,37.6,F,N,No,,,77649DCA423172D824A041A98BB6DB4E9A85D971E7E633E857BA1E3EC77F0FDA,MU,1,No,12.0,Motor Vehicle In Transport,5.0,On Roadway,1.0,Dry,,,No,,,,,,,,,,,,,,,,,,,,,,,,,,,,,,,,,,POINT (-76.923497666 39.005428269)
94967,Prince George's,Property Damage Crashes,DA3496001K,Prince George's County Police,Other,Principal Arterial – Other,No,No,No,No,BALTIMORE AVE,1.0,UNITED STATE ROUTE,No,True,No,6/22/2024,6/22/2024,10,PGCOPD,98,16,3,No,,Point,10:16,2024,Saturday,12,Motor Vehicle In Transport,5,On Roadway,3.0,,,,,,6.0,Non-Junction,39.005614957,1,Daylight,2024-06-22,-76.930090509,E,8.62,F,N,No,,,BE0B811E62C6F642C3A48CBFD4D34F96BF4D892B953E4FE617ED8A2BBA1E6263,US,1,No,12.0,Motor Vehicle In Transport,5.0,On Roadway,1.0,Dry,,,No,,,,,,,,,,,,,,,,,,,,,,,,,,,,,,,,,,POINT (-76.930090509 39.005614957)
12316,Prince George's,Property Damage Crashes,DA418100F2,Prince George's County Police,Other,Principal Arterial – Other,No,Yes,No,No,,1.0,UNITED STATE ROUTE,No,True,No,11/1/2024,11/1/2024,10,PGCOPD,98,16,3,No,,Point,10:56,2024,Friday,12,Motor Vehicle In Transport,5,On Roadway,3.0,,100.0,Local,,,9.0,Through Roadway,39.005625225,1,Daylight,2024-11-01,-76.930047823,S,17.29,F,N,No,,,89194B319FC14D4B707F668F94FBFCD2B6565D0318DBCFA3B4D6044A87AF676C,US,1,No,,,,,1.0,Dry,,,No,,,,,,,,,,,,,,,,,,,,,,,,,,,,,,,,,,POINT (-76.930047823 39.005625225)
4748,Prince George's,Property Damage Crashes,DA4268004S,Prince George's County Police,Rear To Side,Local,No,No,No,No,INDIAN LA,610.0,MUNICIPAL ROAD,No,True,No,1/15/2024,1/15/2024,16,PGCOPD,5,16,3,No,,Point,16:52,2024,Monday,15,Parked Vehicle,99,Unknown,7.0,,,,,,6.0,Non-Junction,39.005687475,3,Dark - Lighted,2024-01-15,-76.922609654,W,26.08,F,N,No,,,FC0F66DCF0FDF22355527A58256BEE9AAF11E81C61421CE9B90369FA76DE6183,MU,1,No,,,,,9.0,Wet,,,No,,,,,,,,,,,,,,,,,,,,,,,,,,,,,,,,,,POINT (-76.922609654 39.005687475)
101094,Prince George's,Property Damage Crashes,DA40500059,Prince George's County Police,"Sideswipe, Same Direction",Local,No,No,No,No,DELAWARE ST #1,361.0,MUNICIPAL ROAD,No,True,No,1/4/2024,1/4/2024,18,PGCOPD,7,16,3,No,,Point,18:25,2024,Thursday,12,Motor Vehicle In Transport,5,On Roadway,7.0,,,,BALTIMORE AVE,,6.0,Non-Junction,39.005795754,3,Dark - Lighted,2024-01-04,-76.929984137,N,0.0,F,N,No,,,EDBD9FD84E5BD2A5E43B3899DC0E2B7C94DA01A75E73757297484C5CF39AE404,MU,1,No,36.0,"Other Post, Pole, Or Support",5.0,On Roadway,1.0,Dry,,,No,,,,,,,,,,,,,,,,,,,,,,,,,,,,,,,,,,POINT (-76.92998413700001 39.005795754)
13809,Prince George's,Property Damage Crashes,DA40500065,Prince George's County Police,Front to Rear,Principal Arterial – Other,No,No,No,No,BALTIMORE AVE,1.0,UNITED STATE ROUTE,No,True,No,9/2/2024,9/2/2024,0,PGCOPD,3,16,3,No,,Point,00:59,2024,Monday,12,Motor Vehicle In Transport,5,On Roadway,3.0,,,,,,9.0,Through Roadway,39.005926085,3,Dark - Lighted,2024-09-02,-76.929993557,S,7.33,F,N,No,,,0FB644BDF64BB7F506898165DE7C98E67638DE5B3A59D751E2190125FD592DD9,US,1,No,,,,,1.0,Dry,,,No,,,,,,,,,,,,,,,,,,,,,,,,,,,,,,,,,,POINT (-76.929993557 39.005926085)
9490,Prince George's,Property Damage Crashes,DA3126000R,Prince George's County Police,Other,Local,No,No,No,No,FOX ST,510.0,MUNICIPAL ROAD,No,True,No,2/28/2024,2/28/2024,16,PGCOPD,98,16,3,Yes,2.0,Point,16:00,2024,Wednesday,12,Motor Vehicle In Transport,5,On Roadway,7.0,Perpendicular,,,RHODE ISLAND RD,3.0,5.0,Intersection or Related,39.00611294,1,Daylight,2024-02-28,-76.92336651,N,0.0,F,N,No,,,AC85DDA067A01ECC822A22719F3057EF2154C97E9B7B220FFEECA0DFB462E1B7,MU,1,No,12.0,Motor Vehicle In Transport,5.0,On Roadway,9.0,Wet,5.0,No Controls,No,,,,,,,,,,,,,,,,,,,,,,,,,,,,,,,,,,POINT (-76.92336650999999 39.00611294)
68595,Prince George's,Property Damage Crashes,DA4050005N,Prince George's County Police,Angle,Local,No,No,No,No,RHODE ISLAND RD,1090.0,MUNICIPAL ROAD,No,True,No,3/24/2024,3/24/2024,15,PGCOPD,1,16,3,No,2.0,Point,15:40,2024,Sunday,12,Motor Vehicle In Transport,5,On Roadway,7.0,Angled/Skewed,,,FOX ST,1.0,5.0,Intersection or Related,39.006119479,1,Daylight,2024-03-24,-76.923394839,N,0.0,F,N,No,,,8544C1874E871CBA3FCB01715F958DD271C376C1CB601B522B62F21079805CEE,MU,1,No,,,,,1.0,Dry,3.0,Stop - Partial,No,,,,,,,,,,,,,,,,,,,,,,,,,,,,,,,,,,POINT (-76.923394839 39.006119479)
166,Prince George's,Property Damage Crashes,DA4268005D,Prince George's County Police,Angle,Major Collector,No,No,No,No,RHODE ISLAND AVE,171.0,MUNICIPAL ROAD,No,True,No,5/10/2024,5/10/2024,18,PGCOPD,1,16,3,Yes,4.0,Point,18:38,2024,Friday,12,Motor Vehicle In Transport,5,On Roadway,5.0,Perpendicular,,,FOX ST INDIAN LA,3.0,5.0,Intersection or Related,39.006164817,1,Daylight,2024-05-10,-76.923473769,N,0.0,F,N,No,,,A919AF645959736C6B8B2E88FDBE2FFE16D949EA5F502B36E65E4EBF9C3DDB4F,MU,1,No,12.0,Motor Vehicle In Transport,5.0,On Roadway,9.0,Wet,3.0,Stop - Partial,No,,,,,,,,,,,,,,,,,,,,,,,,,,,,,,,,,,POINT (-76.923473769 39.006164817)
64148,Prince George's,Injury Crashes,DA37740072,Prince George's County Police,Front to Rear,Local,No,No,No,No,FOX ST,510.0,MUNICIPAL ROAD,No,True,No,1/9/2024,1/9/2024,15,PGCOPD,3,16,2,No,,Point,15:33,2024,Tuesday,12,Motor Vehicle In Transport,5,On Roadway,7.0,,,,RHODE ISLAND RD,,1.0,Acceleration/Deceleration Lane,39.006183001,1,Daylight,2024-01-09,-76.923327948,N,1.13,F,N,No,,,AC85DDA067A01ECC822A22719F3057EF2154C97E9B7B220FFEECA0DFB462E1B7,MU,1,No,97.0,Not Applicable,,,9.0,Wet,,,No,,,,,,,,,,,,,,,,,,,,,,,,,,,,,,,,,,POINT (-76.92332794799999 39.006183001)
100139,Prince George's,Injury Crashes,DA4381001L,Prince George's County Police,Unknown,Local,No,No,No,Yes,MARLBROUGH WAY,810.0,MUNICIPAL ROAD,No,True,No,9/30/2024,9/30/2024,1,PGCOPD,99,16,2,No,,Point,01:00,2024,Monday,17,Pedestrian,2,In Parking Lane Or Zone,7.0,,,,,,6.0,Non-Junction,39.006713869,3,Dark - Lighted,2024-09-30,-76.952958932,S,27.77,F,N,No,,,DCBD1C1DFA8B54AE6358FB44D18B8F099CA8E513C28F880DB514A13EEAE5C1DA,MU,1,No,,,,,9.0,Wet,,,No,,,,,,,Pedestrian,6e5998ce-5a8c-46d4-a066-1b63278ba545,DA4381001L,98.0,Other,58.0,COLLEGE PARK,6.0,Rear,99.0,Unknown,99.0,Unknown,M,1.0,No,3.0,Suspected Minor Injury,17.0,Sidewalk,97.0,Not Applicable,MD,fe06eabc-05f0-493d-b904-794ae3d55e96,6.0,N,20740,POINT (-76.952958932 39.006713869)
53873,Prince George's,Property Damage Crashes,DA418100DV,Prince George's County Police,"Sideswipe, Same Direction",Principal Arterial – Other,No,No,No,No,BALTIMORE AVE,1.0,UNITED STATE ROUTE,No,True,No,9/30/2024,9/30/2024,17,PGCOPD,7,16,3,No,,Point,17:00,2024,Monday,12,Motor Vehicle In Transport,5,On Roadway,3.0,,,,,,9.0,Through Roadway,39.006728691,1,Daylight,2024-09-30,-76.929785431,S,5.4,F,N,No,,,742591E21010534564E01886D9A3949CD4F0A853647067DBC8B54260FDFF8670,US,1,No,12.0,Motor Vehicle In Transport,5.0,On Roadway,9.0,Wet,,,No,,,,,,,,,,,,,,,,,,,,,,,,,,,,,,,,,,POINT (-76.929785431 39.006728691)
17285,Prince George's,Property Damage Crashes,DA3126000T,Prince George's County Police,"Sideswipe, Same Direction",Local,No,No,No,No,48TH PL,9485.0,MUNICIPAL ROAD,No,True,No,3/24/2024,3/24/2024,11,PGCOPD,7,16,3,No,,Point,11:00,2024,Sunday,12,Motor Vehicle In Transport,5,On Roadway,7.0,,,,,,9.0,Through Roadway,39.007596309,1,Daylight,2024-03-24,-76.926672631,N,27.43,F,N,No,,,75E8F1075E2C4E1E02C0ABBD390555EF3BBFBB2D58F62D243D8BC882C1AEEB0E,MU,1,No,,,,,1.0,Dry,,,No,,,,,,,,,,,,,,,,,,,,,,,,,,,,,,,,,,POINT (-76.926672631 39.007596309)
29102,Prince George's,Property Damage Crashes,DA40500068,Prince George's County Police,Angle,Principal Arterial – Other,No,No,No,No,,1.0,UNITED STATE ROUTE,No,True,No,9/18/2024,9/18/2024,16,PGCOPD,1,16,3,No,,Point,16:05,2024,Wednesday,12,Motor Vehicle In Transport,5,On Roadway,3.0,,,,,,2.0,Crossover-Related,39.007821739,1,Daylight,2024-09-18,-76.929498681,N,17.81,F,N,No,,,4382B3B4BE9E8AC10F540EB80345DA40F7ACBCFEE59AE027AA41F9E70A9411A5,US,1,No,,,,,1.0,Dry,,,No,,,,,,,,,,,,,,,,,,,,,,,,,,,,,,,,,,POINT (-76.929498681 39.007821739)
68950,Prince George's,Injury Crashes,DA40500064,Prince George's County Police,Single Vehicle,Principal Arterial – Other,No,No,No,Yes,,1.0,UNITED STATE ROUTE,No,True,No,8/8/2024,8/8/2024,16,PGCOPD,101,16,2,No,,Point,16:13,2024,Thursday,17,Pedestrian,5,On Roadway,3.0,,,,,,9.0,Through Roadway,39.008107476,1,Daylight,2024-08-08,-76.929409432,N,5.86,F,N,No,,,899FD5F658D29DCDFEDA3D690440EEC3040B9CF6358361886E60FF8D6421FC68,US,1,No,,,,,9.0,Wet,,,No,,,,,,,Pedestrian,d715623f-421c-462b-8035-25d886404454,DA40500064,100.0,Cross/Enter at Intersection,48.0,CLINTON,9.0,Left,0.0,Not Distracted,,,M,4.0,Police,3.0,Suspected Minor Injury,1.0,Intersection – Marked Crosswalk,97.0,Not Applicable,MD,b82b64d1-9d94-486f-8b8d-10a35fb3b5b6,6.0,N,20735,POINT (-76.929409432 39.008107476)
31557,Prince George's,Property Damage Crashes,DA4060005X,Prince George's County Police,"Sideswipe, Same Direction",Local,No,No,No,No,LIMESTONE PL,730.0,MUNICIPAL ROAD,No,True,No,6/3/2024,6/3/2024,18,PGCOPD,7,16,3,No,,Point,18:30,2024,Monday,15,Parked Vehicle,5,On Roadway,7.0,,,,,,6.0,Non-Junction,39.00816089,1,Daylight,2024-06-03,-76.955095259,E,22.2,F,N,No,,,722742569372C623B5134987870BF99D29449812AE82E30C0C51FA0D4C3CF835,MU,1,No,,,,,1.0,Dry,,,No,,,,,,,,,,,,,,,,,,,,,,,,,,,,,,,,,,POINT (-76.955095259 39.00816089)
70723,Prince George's,Property Damage Crashes,DA3447003K,Prince George's County Police,Unknown,Local,No,No,No,No,KENNEBUNK TERR,640.0,MUNICIPAL ROAD,No,True,No,3/22/2024,3/22/2024,11,PGCOPD,99,16,3,No,,Point,11:44,2024,Friday,19,Strikes Object at Rest from Motor Vehicle In Transport,2,In Parking Lane Or Zone,7.0,,,,52ND AVE #1,,6.0,Non-Junction,39.008542238,1,Daylight,2024-03-22,-76.916521809,N,26.88,F,N,No,,,F4DBFA5A352791F4FB1AB052E39564B68F897906F4908062E961704349A2D662,MU,1,No,,,,,1.0,Dry,,,No,,,,,,,,,,,,,,,,,,,,,,,,,,,,,,,,,,POINT (-76.916521809 39.008542238)
52530,Prince George's,Property Damage Crashes,DA4069009B,Prince George's County Police,Unknown,Local,No,No,No,No,DAVIDSON ST,340.0,MUNICIPAL ROAD,No,True,No,8/5/2024,8/5/2024,3,PGCOPD,99,16,3,No,,Point,03:00,2024,Monday,12,Motor Vehicle In Transport,5,On Roadway,7.0,,,,,,9.0,Through Roadway,39.008679619,99,Unknown,2024-08-05,-76.951434715,N,24.18,F,N,No,,,D0180B9C1EF3D41302EFCB853B2ECEF1054BC0B09569F3F4AA52DE5676254050,MU,1,No,,,,,1.0,Dry,,,No,,,,,,,,,,,,,,,,,,,,,,,,,,,,,,,,,,POINT (-76.951434715 39.008679619)
29646,Prince George's,Property Damage Crashes,DA325700D0,Prince George's County Police,Front to Rear,,No,No,No,No,RHODE ISLAND AVE (NB/L),171.0,MUNICIPAL ROAD,No,True,No,12/20/2024,12/20/2024,14,PGCOPD,3,16,3,Yes,3.0,Point,14:39,2024,Friday,12,Motor Vehicle In Transport,5,On Roadway,,Perpendicular,,,KENESAW ST,3.0,5.0,Intersection or Related,39.008721878,1,Daylight,2024-12-20,-76.922781258,S,0.0,F,N,No,,,48ADC8CAE258EBD60515AD32AB7D8B6C530845F3CF844313CE0C7C49F4B8F8FD,MU,1,No,,,,,9.0,Wet,3.0,Stop - Partial,No,,,,,,,,,,,,,,,,,,,,,,,,,,,,,,,,,,POINT (-76.922781258 39.008721878)
47514,Prince George's,Property Damage Crashes,DA3126000V,Prince George's County Police,Other,Principal Arterial – Other,No,No,No,No,BALTIMORE AVE,1.0,UNITED STATE ROUTE,No,True,No,4/16/2024,4/16/2024,16,PGCOPD,98,16,3,No,,Point,16:20,2024,Tuesday,12,Motor Vehicle In Transport,5,On Roadway,3.0,,100.0,Local,,,6.0,Non-Junction,39.008872913,1,Daylight,2024-04-16,-76.929219537,E,6.79,F,N,No,,,C1958026C5246053B424927B763E1D7A697706430873C2F0815281C4C7E66DBB,US,1,No,,,,,1.0,Dry,,,No,,,,,,,,,,,,,,,,,,,,,,,,,,,,,,,,,,POINT (-76.92921953699999 39.008872913)
21873,Prince George's,Property Damage Crashes,DA4050006H,Prince George's County Police,"Sideswipe, Same Direction",Local,No,No,No,No,WOFFORD LA,1250.0,MUNICIPAL ROAD,No,True,No,11/10/2024,11/10/2024,13,PGCOPD,7,16,3,No,,Point,13:51,2024,Sunday,15,Parked Vehicle,5,On Roadway,7.0,,,,,,9.0,Through Roadway,39.009122807,1,Daylight,2024-11-10,-76.950596492,N,24.05,F,N,No,,,0F4BCC18530F353651B5D58FA7F83539E1A1B4D92BB59E098FEFB4D94560547E,MU,1,No,,,,,1.0,Dry,,,No,,,,,,,,,,,,,,,,,,,,,,,,,,,,,,,,,,POINT (-76.950596492 39.009122807)
60623,Prince George's,Property Damage Crashes,DA418100DY,Prince George's County Police,Front to Rear,Principal Arterial – Other,No,No,No,No,BALTIMORE AVE,1.0,UNITED STATE ROUTE,No,True,No,10/9/2024,10/9/2024,15,PGCOPD,3,16,3,No,,Point,15:44,2024,Wednesday,12,Motor Vehicle In Transport,5,On Roadway,3.0,,,,,,9.0,Through Roadway,39.009414712,1,Daylight,2024-10-09,-76.929064636,N,10.23,F,N,No,,,C3790F176219DFBF88EECC4C2A766F1709E8477A4162D1092C567CE45559A5EC,US,1,No,12.0,Motor Vehicle In Transport,5.0,On Roadway,1.0,Dry,,,No,,,,,,,,,,,,,,,,,,,,,,,,,,,,,,,,,,POINT (-76.92906463600001 39.009414712)
90065,Prince George's,Property Damage Crashes,DA418100D1,Prince George's County Police,Other,Principal Arterial – Other,No,No,No,No,BALTIMORE AVE,1.0,UNITED STATE ROUTE,No,True,No,5/10/2024,5/10/2024,16,PGCOPD,98,16,3,No,,Point,16:06,2024,Friday,12,Motor Vehicle In Transport,5,On Roadway,3.0,,,,,,9.0,Through Roadway,39.009453091,1,Daylight,2024-05-10,-76.92905513,S,5.08,F,N,No,,,C3790F176219DFBF88EECC4C2A766F1709E8477A4162D1092C567CE45559A5EC,US,1,No,12.0,Motor Vehicle In Transport,5.0,On Roadway,9.0,Wet,,,No,,,,,,,,,,,,,,,,,,,,,,,,,,,,,,,,,,POINT (-76.92905512999999 39.009453091)
74497,Prince George's,Property Damage Crashes,DA4050005G,Prince George's County Police,Front to Rear,Local,No,No,No,No,MARLBROUGH WAY,810.0,MUNICIPAL ROAD,No,True,No,1/28/2024,1/28/2024,12,PGCOPD,3,16,3,No,,Point,12:00,2024,Sunday,15,Parked Vehicle,7,"On Shoulder, Right Side",7.0,,,,,,6.0,Non-Junction,39.009484358,1,Daylight,2024-01-28,-76.94818267,W,1.37,F,N,No,,,9A14C39FBE1775613AF952478D7E504FCC72908E5F7A0FD7DF0BE7EB7FDC61FB,MU,1,No,,,,,9.0,Wet,,,No,,,,,,,,,,,,,,,,,,,,,,,,,,,,,,,,,,POINT (-76.94818266999999 39.009484358)
31014,Prince George's,Injury Crashes,DA4268004T,Prince George's County Police,Single Vehicle,Local,No,No,No,No,HOLLYWOOD RD,580.0,MUNICIPAL ROAD,Yes,True,No,1/16/2024,1/16/2024,20,PGCOPD,101,16,2,Unknown,,Point,20:14,2024,Tuesday,30,Fence,5,On Roadway,7.0,,100.0,Local,NARRAGANSETT PKWY #2,,99.0,Unknown,39.009532545,3,Dark - Lighted,2024-01-16,-76.916732563,W,9.83,F,N,No,,,54A7FF4E10FE9E48CF141C8BAACDD95A917F208DBE2A09A191B7AE0A5851F8BB,MU,1,No,,,,,2.0,Ice/Frost,,,No,,,,,,,,,,,,,,,,,,,,,,,,,,,,,,,,,,POINT (-76.916732563 39.009532545)
83261,Prince George's,Property Damage Crashes,DA4050006L,Prince George's County Police,Single Vehicle,Principal Arterial – Other,No,No,No,No,,1.0,UNITED STATE ROUTE,No,True,No,12/7/2024,12/7/2024,2,PGCOPD,101,16,3,No,,Point,02:03,2024,Saturday,41,Utility Pole/Light Support,9,Roadside,3.0,,,,,,9.0,Through Roadway,39.009640055,3,Dark - Lighted,2024-12-07,-76.92901311,N,16.25,F,N,No,,,29094FF8667038EBF54E68B9AD55D229B509DB1BA305746E9A80288E3484BFBE,US,1,No,,,,,1.0,Dry,,,No,,,,,,,,,,,,,,,,,,,,,,,,,,,,,,,,,,POINT (-76.92901311 39.009640055)
8164,Prince George's,Property Damage Crashes,DA42680066,Prince George's County Police,"Sideswipe, Same Direction",Local,No,No,No,No,RHODE ISLAND RD,1090.0,MUNICIPAL ROAD,No,True,No,9/20/2024,9/20/2024,19,PGCOPD,7,16,3,No,,Point,19:41,2024,Friday,15,Parked Vehicle,5,On Roadway,7.0,,,,,,9.0,Through Roadway,39.009953873,4,Dark - Not Lighted,2024-09-20,-76.922297031,N,11.35,F,N,No,,,EB0DACD265B810801DE9212B11B20D329015F13AB8762B4AEC29BD750628D08B,MU,1,No,,,,,1.0,Dry,,,No,,,,,,,,,,,,,,,,,,,,,,,,,,,,,,,,,,POINT (-76.922297031 39.009953873)
25845,Prince George's,Property Damage Crashes,DA4050005B,Prince George's County Police,"Sideswipe, Same Direction",Local,No,No,No,No,48TH AVE #3,9483.0,MUNICIPAL ROAD,No,True,No,1/14/2024,1/14/2024,10,PGCOPD,7,16,3,No,,Point,10:00,2024,Sunday,15,Parked Vehicle,2,In Parking Lane Or Zone,7.0,,,,,,9.0,Through Roadway,39.010110689,1,Daylight,2024-01-14,-76.926683535,W,10.17,F,N,No,,,8AD54101C81E3C6A1AF5E52219FFC561AF3290FDA059C98C54A6831671DE2FD6,MU,1,No,,,,,1.0,Dry,,,No,,,,,,,,,,,,,,,,,,,,,,,,,,,,,,,,,,POINT (-76.926683535 39.010110689)
94822,Prince George's,Property Damage Crashes,DA4381001T,Prince George's County Police,Other,Local,No,No,No,No,HOLLYWOOD RD,580.0,MUNICIPAL ROAD,No,True,No,10/31/2024,10/31/2024,16,PGCOPD,98,16,3,No,,Point,16:00,2024,Thursday,12,Motor Vehicle In Transport,5,On Roadway,7.0,,,,50TH AVE,,1.0,Acceleration/Deceleration Lane,39.010265976,1,Daylight,2024-10-31,-76.921230326,E,5.21,F,N,No,,,70E8620DF120474B1F2E054C9A7672A419161B7FF7F3F7E240A9F3FDF91526D6,MU,1,No,,,,,1.0,Dry,,,No,,,,,,,,,,,,,,,,,,,,,,,,,,,,,,,,,,POINT (-76.921230326 39.010265976)
32763,Prince George's,Property Damage Crashes,DA405100CH,Prince George's County Police,Single Vehicle,,No,No,No,No,,,,Yes,True,No,1/5/2024,1/5/2024,19,PGCOPD,101,16,3,,,Point,19:19,2024,Friday,35,"Other Fixed Object (wall, building, tunnel, etc.)",2,In Parking Lane Or Zone,,,,,,,,,39.010356837,4,Dark - Not Lighted,2024-01-05,-76.92953444,,,F,N,Yes,102.0,Parking Lot Way,,,1,No,97.0,Not Applicable,,,,,,,No,,,,,,,,,,,,,,,,,,,,,,,,,,,,,,,,,,POINT (-76.92953444 39.010356837)
29003,Prince George's,Property Damage Crashes,DA41930075,Prince George's County Police,Unknown,,No,No,No,No,RHODE ISLAND AVE (NB/L),171.0,MUNICIPAL ROAD,No,True,No,3/24/2024,3/24/2024,16,PGCOPD,99,16,3,No,,Point,16:00,2024,Sunday,36,"Other Post, Pole, Or Support",7,"On Shoulder, Right Side",,,100.0,Local,,,6.0,Non-Junction,39.010447263,1,Daylight,2024-03-24,-76.922313914,N,52.3,F,N,No,,,8A2185D0EB78701124285F980CDAF970E8C8E9350272FEAE5873206B390055F9,MU,1,No,,,,,1.0,Dry,,,No,,,,,,,,,,,,,,,,,,,,,,,,,,,,,,,,,,POINT (-76.922313914 39.010447263)
105829,Prince George's,Property Damage Crashes,DA40690097,Prince George's County Police,Single Vehicle,,No,No,No,No,RHODE ISLAND AVE (NB/L),171.0,MUNICIPAL ROAD,No,True,No,7/14/2024,7/14/2024,0,PGCOPD,101,16,3,Yes,,Point,00:17,2024,Sunday,36,"Other Post, Pole, Or Support",5,On Roadway,,,,,HOLLYWOOD RD,,9.0,Through Roadway,39.010468951,3,Dark - Lighted,2024-07-14,-76.92239294,E,19.33,F,N,No,,,A5B2542A576CEB97DBEF3882A679B002F11F56FDA8FDA35B510E5C857E919E5D,MU,1,No,,,,,1.0,Dry,,,No,,,,,,,,,,,,,,,,,,,,,,,,,,,,,,,,,,POINT (-76.92239293999999 39.010468951)
41811,Prince George's,Property Damage Crashes,DA4060005S,Prince George's County Police,"Sideswipe, Same Direction",Local,No,No,No,No,48TH AVE #3,9483.0,MUNICIPAL ROAD,No,True,No,1/14/2024,1/14/2024,4,PGCOPD,7,16,3,No,,Point,04:07,2024,Sunday,15,Parked Vehicle,7,"On Shoulder, Right Side",7.0,,,,,,6.0,Non-Junction,39.010524337,3,Dark - Lighted,2024-01-14,-76.926434748,W,47.73,F,N,No,,,BB5AF93B3B97FD5092F40426BAF52B42B0EF967FD2641B1D99985B976709BD17,MU,1,No,15.0,Parked Vehicle,6.0,"On Shoulder, Left Side",1.0,Dry,,,No,,,,,,,,,,,,,,,,,,,,,,,,,,,,,,,,,,POINT (-76.92643474800001 39.010524337)
8521,Prince George's,Property Damage Crashes,DA39650082,Prince George's County Police,"Sideswipe, Same Direction",Local,No,No,No,No,51ST AVE,9510.0,MUNICIPAL ROAD,No,True,No,2/29/2024,2/29/2024,9,PGCOPD,7,16,3,Yes,,Point,09:56,2024,Thursday,15,Parked Vehicle,9,Roadside,7.0,,,,,,99.0,Unknown,39.010652983,1,Daylight,2024-02-29,-76.91923298,S,59.48,F,N,No,,,4C0D792BFC5A7BB4914E0C9799C13F09468E6685EBBA272762E9E1811EAC49E7,MU,2,"Yes, School Bus Directly Involved",,,,,1.0,Dry,,,No,,,,,,,,,,,,,,,,,,,,,,,,,,,,,,,,,,POINT (-76.91923298 39.010652983)
47136,Prince George's,Injury Crashes,DA2910002Q,Prince George's County Police,Other,Principal Arterial – Other,Yes,No,No,No,BALTIMORE AVE,1.0,UNITED STATE ROUTE,No,True,No,7/13/2024,7/13/2024,17,PGCOPD,98,16,2,No,,Point,17:54,2024,Saturday,12,Motor Vehicle In Transport,5,On Roadway,3.0,,,,,,9.0,Through Roadway,39.010660062,1,Daylight,2024-07-13,-76.928708585,S,38.34,F,N,No,,,B9F46BFC5B519C38ADC5489D8C5AE33B12E0934C29CB32853F2310CFDC29194B,US,1,No,27.0,Curb,9.0,Roadside,1.0,Dry,,,No,,,,,,,,,,,,,,,,,,,,,,,,,,,,,,,,,,POINT (-76.928708585 39.010660062)
20380,Prince George's,Property Damage Crashes,DA40690099,Prince George's County Police,Single Vehicle,,No,No,No,No,,,,No,True,No,7/27/2024,7/27/2024,11,PGCOPD,101,16,3,,,Point,11:30,2024,Saturday,35,"Other Fixed Object (wall, building, tunnel, etc.)",5,On Roadway,,,102.0,Federal,,,,,39.011188981,1,Daylight,2024-07-27,-76.927724158,,,F,N,Yes,102.0,Parking Lot Way,,,1,No,35.0,"Other Fixed Object (wall, building, tunnel, etc.)",2.0,In Parking Lane Or Zone,,,,,No,,,,,,,,,,,,,,,,,,,,,,,,,,,,,,,,,,POINT (-76.927724158 39.011188981)
81553,Prince George's,Property Damage Crashes,DA4268006F,Prince George's County Police,Front to Rear,Local,No,No,No,No,48TH PL,9485.0,MUNICIPAL ROAD,No,True,No,10/20/2024,10/20/2024,7,PGCOPD,3,16,3,No,,Point,07:06,2024,Sunday,15,Parked Vehicle,2,In Parking Lane Or Zone,7.0,,,,,,9.0,Through Roadway,39.011236503,5,Dark - Unknown Lighting,2024-10-20,-76.925362166,N,10.08,F,N,No,,,02D01FA18C71D1AE3BB2CBDEFFA40ACD20B465871AAD239EA526B5DFB3C8761A,MU,1,No,,,,,1.0,Dry,,,No,,,,,,,,,,,,,,,,,,,,,,,,,,,,,,,,,,POINT (-76.925362166 39.011236503)
26556,Prince George's,Property Damage Crashes,DA4050005P,Prince George's County Police,Front to Rear,Principal Arterial – Other,No,No,No,No,BALTIMORE AVE,1.0,UNITED STATE ROUTE,No,True,No,3/24/2024,3/24/2024,15,PGCOPD,3,16,3,No,,Point,15:38,2024,Sunday,12,Motor Vehicle In Transport,5,On Roadway,3.0,,,,,,9.0,Through Roadway,39.011640529,1,Daylight,2024-03-24,-76.928404368,S,40.3,F,N,No,,,B3DF99234A218E9C51BDC2D0CE68780C56C041696E9E88237B16C5FEE3E8F721,US,1,No,,,,,1.0,Dry,,,No,,,,,,,,,,,,,,,,,,,,,,,,,,,,,,,,,,POINT (-76.928404368 39.011640529)
80657,Prince George's,Property Damage Crashes,DA4050005L,Prince George's County Police,Front to Rear,Principal Arterial – Other,No,No,No,No,,1.0,UNITED STATE ROUTE,No,True,No,3/17/2024,3/17/2024,12,PGCOPD,3,16,3,No,,Point,12:45,2024,Sunday,12,Motor Vehicle In Transport,5,On Roadway,3.0,,,,,,9.0,Through Roadway,39.012046871,1,Daylight,2024-03-17,-76.928296705,N,9.15,F,N,No,,,FF4037BBCD5D47E2E74CD966B86A490512FC7EBDF8688C6A7C00912C91DD4402,US,1,No,,,,,1.0,Dry,,,No,,,,,,,,,,,,,,,,,,,,,,,,,,,,,,,,,,POINT (-76.92829670499999 39.012046871)
64721,Prince George's,Injury Crashes,DA3496001R,Prince George's County Police,Rear To Side,Local,No,No,No,No,RHODE ISLAND AVE SERVICE RD,780.0,MUNICIPAL ROAD,No,True,No,9/1/2024,9/1/2024,12,PGCOPD,5,16,2,No,,Point,12:02,2024,Sunday,15,Parked Vehicle,5,On Roadway,7.0,,,,,,9.0,Through Roadway,39.012139044,1,Daylight,2024-09-01,-76.922088809,S,18.96,F,N,No,,,2DE92A64457997FB97F1082A9E42C324E743A0F6BB3756CA0C20804396B88EFE,MU,1,No,30.0,Fence,9.0,Roadside,1.0,Dry,,,No,,,,,,,,,,,,,,,,,,,,,,,,,,,,,,,,,,POINT (-76.922088809 39.012139044)
4584,Prince George's,Property Damage Crashes,DA418100D0,Prince George's County Police,Front to Rear,Principal Arterial – Other,No,No,No,No,BALTIMORE AVE,1.0,UNITED STATE ROUTE,No,True,No,5/10/2024,5/10/2024,14,PGCOPD,3,16,3,No,,Point,14:36,2024,Friday,12,Motor Vehicle In Transport,5,On Roadway,3.0,,,,,,9.0,Through Roadway,39.012553579,1,Daylight,2024-05-10,-76.928183604,E,6.49,F,N,No,,,745578668798C553325BF9A8A34C380B9608F29D84A14619B2DD3B9A9CB7B42D,US,1,No,12.0,Motor Vehicle In Transport,5.0,On Roadway,9.0,Wet,,,No,,,,,,,,,,,,,,,,,,,,,,,,,,,,,,,,,,POINT (-76.928183604 39.012553579)
47551,Prince George's,Property Damage Crashes,DA4069009D,Prince George's County Police,Angle,Local,No,No,No,No,LACKAWANNA ST #1,681.0,MUNICIPAL ROAD,No,True,No,9/3/2024,9/3/2024,20,PGCOPD,1,16,3,Yes,,Point,20:59,2024,Tuesday,12,Motor Vehicle In Transport,5,On Roadway,7.0,,,,47TH PL,,9.0,Through Roadway,39.01277595,3,Dark - Lighted,2024-09-03,-76.927032963,S,10.85,F,N,No,,,9D0B3F6F9CF1567AEC7C278A99087914CB600C248A36B77A3D76CE9BE376D590,MU,1,No,,,,,1.0,Dry,,,No,,,,,,,,,,,,,,,,,,,,,,,,,,,,,,,,,,POINT (-76.927032963 39.01277595)
97884,Prince George's,Property Damage Crashes,DA418100DS,Prince George's County Police,Single Vehicle,Local,No,No,No,No,RHODE ISLAND RD,1090.0,MUNICIPAL ROAD,No,True,No,9/11/2024,9/11/2024,18,PGCOPD,101,16,3,No,,Point,18:58,2024,Wednesday,36,"Other Post, Pole, Or Support",5,On Roadway,7.0,,100.0,Local,,,9.0,Through Roadway,39.012901315,1,Daylight,2024-09-11,-76.921500669,N,11.13,F,N,No,,,C2C6069CCF444D773AC0B86A02056762774520A1FB8C9540CD039999DA94CA7B,MU,1,No,,,,,1.0,Dry,,,No,,,,,,,,,,,,,,,,,,,,,,,,,,,,,,,,,,POINT (-76.921500669 39.012901315)
104628,Prince George's,Property Damage Crashes,DA4268005W,Prince George's County Police,Single Vehicle,Principal Arterial – Other,No,No,No,No,BALTIMORE AVE,1.0,UNITED STATE ROUTE,No,True,No,8/1/2024,8/1/2024,22,PGCOPD,101,16,3,No,,Point,22:52,2024,Thursday,13,Other Non-Fixed Object,5,On Roadway,3.0,,,,,,99.0,Unknown,39.013388352,3,Dark - Lighted,2024-08-01,-76.928016023,S,42.47,F,N,No,,,33FC950095509484BCA0C56FD510A5DF360AD3F88E407C49864B9C98EE882975,US,1,No,,,,,1.0,Dry,,,No,,,,,,,,,,,,,,,,,,,,,,,,,,,,,,,,,,POINT (-76.928016023 39.013388352)
104696,Prince George's,Property Damage Crashes,DA418100CR,Prince George's County Police,Other,Principal Arterial – Other,No,No,No,No,,1.0,UNITED STATE ROUTE,No,True,No,4/17/2024,4/17/2024,6,PGCOPD,98,16,3,No,,Point,06:29,2024,Wednesday,12,Motor Vehicle In Transport,5,On Roadway,3.0,,,,,,9.0,Through Roadway,39.013413165,1,Daylight,2024-04-17,-76.927952676,S,18.31,F,N,No,,,139A6AB73E2795B15B3F39128BCE8911E6AD145DF64CC2FBC69E973FF7F0EB3B,US,1,No,12.0,Motor Vehicle In Transport,5.0,On Roadway,1.0,Dry,,,No,,,,,,,,,,,,,,,,,,,,,,,,,,,,,,,,,,POINT (-76.927952676 39.013413165)
89056,Prince George's,Injury Crashes,DA418100DX,Prince George's County Police,Single Vehicle,Principal Arterial – Other,No,No,No,Yes,BALTIMORE AVE,1.0,UNITED STATE ROUTE,No,True,No,10/6/2024,10/6/2024,19,PGCOPD,101,16,2,No,,Point,19:29,2024,Sunday,17,Pedestrian,5,On Roadway,3.0,,,,,,9.0,Through Roadway,39.013722643,4,Dark - Not Lighted,2024-10-06,-76.927795906,S,18.61,F,N,No,,,73D224B63D99A6291F791135B0D481C9E4D0E0E5B6A68EC2C3A7D51C744B1F98,US,1,No,12.0,Motor Vehicle In Transport,5.0,On Roadway,1.0,Dry,,,No,,,,,,,Pedestrian,9a8e947d-c0ef-4fd5-af18-9eebab805406,DA418100DX,101.0,Cross/Enter Not at Intersection,57.0,COLLEGE PARK,9.0,Left,99.0,Unknown,99.0,Unknown,M,1.0,No,3.0,Suspected Minor Injury,7.0,Travel Lane – Other Location,97.0,Not Applicable,MD,ddaa3050-b54e-479b-8bd8-82d624ebdff3,6.0,N,20740,POINT (-76.927795906 39.013722643)
22029,Prince George's,Injury Crashes,DA3496001L,Prince George's County Police,Front to Rear,Principal Arterial – Other,No,No,No,No,BALTIMORE AVE,1.0,UNITED STATE ROUTE,No,True,No,6/23/2024,6/23/2024,11,PGCOPD,3,16,2,No,,Point,11:02,2024,Sunday,12,Motor Vehicle In Transport,5,On Roadway,3.0,,,,,,6.0,Non-Junction,39.013979811,1,Daylight,2024-06-23,-76.927740894,S,10.1,F,N,No,,,5E57F53B85C6640526447795E2AEE07C8DB04D2835D8B8D009D87E6D6A2A5A89,US,1,No,12.0,Motor Vehicle In Transport,5.0,On Roadway,1.0,Dry,,,No,,,,,,,,,,,,,,,,,,,,,,,,,,,,,,,,,,POINT (-76.927740894 39.013979811)
30246,Prince George's,Property Damage Crashes,DA4142006Z,Prince George's County Police,"Sideswipe, Same Direction",Principal Arterial – Other,No,No,No,No,BALTIMORE AVE (SB/L),1.0,UNITED STATE ROUTE,No,True,No,2/9/2024,2/9/2024,17,PGCOPD,7,16,3,No,,Point,17:00,2024,Friday,12,Motor Vehicle In Transport,5,On Roadway,3.0,,,,,,4.0,Entrance/Exit Ramp or Related,39.014264338,1,Daylight,2024-02-09,-76.927840447,S,15.66,F,N,No,,,D55C241B0DCE9EEF66EB1C60CCF2B0EAE4E8A2D3A234658F05745E852E4BD008,US,1,No,,,,,1.0,Dry,,,No,,,,,,,,,,,,,,,,,,,,,,,,,,,,,,,,,,POINT (-76.92784044699999 39.014264338)
107225,Prince George's,Property Damage Crashes,DA378000F2,Prince George's County Police,"Sideswipe, Same Direction",Minor Arterial,No,No,No,No,CHERRY HILL RD,14.0,COUNTY ROAD,No,True,No,6/4/2024,6/4/2024,21,PGCOPD,7,16,3,Yes,3.0,Point,21:00,2024,Tuesday,12,Motor Vehicle In Transport,5,On Roadway,4.0,Perpendicular,,,BALTIMORE AVE (SB/L),3.0,5.0,Intersection or Related,39.014301256,3,Dark - Lighted,2024-06-04,-76.927528231,W,0.0,F,N,No,,,7ED36AF4A2A915AFC0286FCA3994B93CD0F7CFEE2BE0A030BF7EC46E9B039DAA,CO,1,No,97.0,Not Applicable,,,1.0,Dry,1.0,Signalized,No,,,,,,,,,,,,,,,,,,,,,,,,,,,,,,,,,,POINT (-76.927528231 39.014301256)
63919,Prince George's,Property Damage Crashes,DA418100DJ,Prince George's County Police,Other,Principal Arterial – Other,No,Yes,No,No,BALTIMORE AVE (SB/L),1.0,UNITED STATE ROUTE,No,True,No,8/9/2024,8/9/2024,20,PGCOPD,98,16,3,No,,Point,20:33,2024,Friday,12,Motor Vehicle In Transport,5,On Roadway,3.0,,,,,,9.0,Through Roadway,39.014374769,1,Daylight,2024-08-09,-76.927810495,E,13.63,F,N,No,,,BE2092DAB0F41277F12749538C4A4A50D3C1D6CE9F4572D349B310445C7439EA,US,1,No,12.0,Motor Vehicle In Transport,5.0,On Roadway,1.0,Dry,,,No,,,,,,,,,,,,,,,,,,,,,,,,,,,,,,,,,,POINT (-76.927810495 39.014374769)
24595,Prince George's,Property Damage Crashes,DA43320034,Prince George's County Police,Front to Rear,Principal Arterial – Other,No,No,No,No,BALTIMORE AVE (SB/L),1.0,UNITED STATE ROUTE,No,True,No,11/19/2024,11/19/2024,10,PGCOPD,3,16,3,No,,Point,10:00,2024,Tuesday,12,Motor Vehicle In Transport,5,On Roadway,3.0,,,,,,99.0,Unknown,39.014404738,1,Daylight,2024-11-19,-76.927639943,W,36.05,F,N,No,,,BE2092DAB0F41277F12749538C4A4A50D3C1D6CE9F4572D349B310445C7439EA,US,1,No,,,,,1.0,Dry,,,No,,,,,,,,,,,,,,,,,,,,,,,,,,,,,,,,,,POINT (-76.927639943 39.014404738)
66975,Prince George's,Injury Crashes,DA4102007W,Prince George's County Police,"Sideswipe, Opposite Direction",Principal Arterial – Other,No,No,No,No,BALTIMORE AVE (SB/L),1.0,UNITED STATE ROUTE,No,True,No,7/21/2024,7/21/2024,2,PGCOPD,6,16,2,Yes,,Point,02:38,2024,Sunday,12,Motor Vehicle In Transport,5,On Roadway,3.0,,,,,,2.0,Crossover-Related,39.014419646,3,Dark - Lighted,2024-07-21,-76.927800827,S,16.68,F,N,No,,,BE2092DAB0F41277F12749538C4A4A50D3C1D6CE9F4572D349B310445C7439EA,US,1,No,12.0,Motor Vehicle In Transport,5.0,On Roadway,1.0,Dry,,,No,,,,,,,,,,,,,,,,,,,,,,,,,,,,,,,,,,POINT (-76.927800827 39.014419646)
68819,Prince George's,Property Damage Crashes,DA40690095,Prince George's County Police,Front to Rear,Principal Arterial – Other,No,No,No,No,BALTIMORE AVE (SB/L),1.0,UNITED STATE ROUTE,No,True,No,7/9/2024,7/9/2024,17,PGCOPD,3,16,3,Yes,,Point,17:43,2024,Tuesday,12,Motor Vehicle In Transport,5,On Roadway,3.0,,,,,,9.0,Through Roadway,39.014441264,1,Daylight,2024-07-09,-76.927771798,S,20.97,F,N,No,,,BE2092DAB0F41277F12749538C4A4A50D3C1D6CE9F4572D349B310445C7439EA,US,1,No,,,,,1.0,Dry,,,No,,,,,,,,,,,,,,,,,,,,,,,,,,,,,,,,,,POINT (-76.92777179799999 39.014441264)
100194,Prince George's,Property Damage Crashes,DA421200C0,Prince George's County Police,Front to Rear,Principal Arterial – Other,No,No,No,No,BALTIMORE AVE (SB/L),1.0,UNITED STATE ROUTE,No,True,No,4/16/2024,4/16/2024,8,PGCOPD,3,16,3,No,,Point,08:44,2024,Tuesday,12,Motor Vehicle In Transport,5,On Roadway,3.0,,,,,,9.0,Through Roadway,39.014479004,1,Daylight,2024-04-16,-76.927770314,S,34.65,F,N,No,,,BE2092DAB0F41277F12749538C4A4A50D3C1D6CE9F4572D349B310445C7439EA,US,1,No,,,,,1.0,Dry,,,No,,,,,,,,,,,,,,,,,,,,,,,,,,,,,,,,,,POINT (-76.927770314 39.014479004)
2619,Prince George's,Property Damage Crashes,DA40690091,Prince George's County Police,"Sideswipe, Same Direction",Minor Arterial,No,Yes,No,No,CHERRY HILL RD,14.0,COUNTY ROAD,No,True,No,6/10/2024,6/10/2024,9,PGCOPD,7,16,3,Yes,,Point,09:53,2024,Monday,12,Motor Vehicle In Transport,5,On Roadway,4.0,,100.0,Local,,,9.0,Through Roadway,39.014565353,1,Daylight,2024-06-10,-76.928168202,E,38.85,F,N,No,,,031C63A93A55098A030D486EC80720E7C51C9166C406724905AD4CFD6D39EBCE,CO,2,"Yes, School Bus Directly Involved",,,,,1.0,Dry,,,No,,,,,,,,,,,,,,,,,,,,,,,,,,,,,,,,,,POINT (-76.92816820199999 39.014565353)
78620,Prince George's,Injury Crashes,DA4058006Y,Prince George's County Police,Single Vehicle,Principal Arterial – Other,No,No,No,No,BALTIMORE AVE (SB/L),1.0,UNITED STATE ROUTE,No,True,No,8/9/2024,8/9/2024,22,PGCOPD,101,16,2,Unknown,,Point,22:17,2024,Friday,27,Curb,9,Roadside,3.0,,,,,,99.0,Unknown,39.014591736,3,Dark - Lighted,2024-08-09,-76.927806728,E,27.66,F,N,No,,,2F2B6AFB5EC3F2B56B9FE85FDBBA70043A7A4D7E63964ECE7434355F0FACE2AD,US,1,No,97.0,Not Applicable,,,1.0,Dry,,,No,,,,,,,,,,,,,,,,,,,,,,,,,,,,,,,,,,POINT (-76.92780672799999 39.014591736)
91252,Prince George's,Property Damage Crashes,DA405100CZ,Prince George's County Police,"Sideswipe, Same Direction",,No,Yes,No,No,,616.0,SPUR,No,True,No,10/21/2024,10/21/2024,18,PGCOPD,7,16,3,No,,Point,18:59,2024,Monday,12,Motor Vehicle In Transport,5,On Roadway,,,,,,,6.0,Non-Junction,39.014905089,1,Daylight,2024-10-21,-76.927691771,S,11.93,F,N,No,,,A80EF3575C8D9AA04342EDB211169E2473E20FE96461CD7F86CE1C11816D86A7,SP,1,No,,,,,1.0,Dry,,,No,,,,,,,,,,,,,,,,,,,,,,,,,,,,,,,,,,POINT (-76.927691771 39.014905089)
2704,Prince George's,Property Damage Crashes,DA4381001G,Prince George's County Police,"Sideswipe, Same Direction",Minor Arterial,No,No,No,No,CHERRY HILL RD (EB/L),14.0,COUNTY ROAD,Yes,True,No,9/24/2024,9/24/2024,17,PGCOPD,7,16,3,No,,Point,17:30,2024,Tuesday,12,Motor Vehicle In Transport,5,On Roadway,4.0,,,,,,6.0,Non-Junction,39.015141225,1,Daylight,2024-09-24,-76.92893831,N,64.18,F,N,No,,,7E77A5FCF2CAD59D12F098FE78AC3B614EE2F5856C2DF3A15D508E7A9E11BE93,CO,1,No,,,,,9.0,Wet,,,No,,,,,,,,,,,,,,,,,,,,,,,,,,,,,,,,,,POINT (-76.92893831000001 39.015141225)
66981,Prince George's,Property Damage Crashes,DA4069008M,Prince George's County Police,"Sideswipe, Same Direction",Minor Arterial,No,No,No,No,CHERRY HILL RD,14.0,COUNTY ROAD,No,True,No,2/18/2024,2/18/2024,12,PGCOPD,7,16,3,No,,Point,12:44,2024,Sunday,12,Motor Vehicle In Transport,5,On Roadway,4.0,,,,,,9.0,Through Roadway,39.015151824,1,Daylight,2024-02-18,-76.928980437,N,19.46,F,N,No,,,ECCCD24FA67E9BA2BAD66A87B4CD4493B8815A2B9E12B17B5BD9BCAC4DAB81DD,CO,1,No,,,,,1.0,Dry,,,No,,,,,,,,,,,,,,,,,,,,,,,,,,,,,,,,,,POINT (-76.92898043700001 39.015151824)
77896,Prince George's,Property Damage Crashes,DA3438000Y,Prince George's County Police,"Sideswipe, Opposite Direction",Minor Arterial,No,No,No,No,CHERRY HILL RD,14.0,COUNTY ROAD,No,True,No,3/5/2024,3/5/2024,10,PGCOPD,6,16,3,No,,Point,10:04,2024,Tuesday,12,Motor Vehicle In Transport,5,On Roadway,4.0,,,,,,6.0,Non-Junction,39.015319907,1,Daylight,2024-03-05,-76.929239385,N,33.16,F,N,No,,,776916A4C3D7F62649A01348B8FB97E0E155B98991250143DF804362C178DC92,CO,1,No,12.0,Motor Vehicle In Transport,5.0,On Roadway,9.0,Wet,,,No,,,,,,,,,,,,,,,,,,,,,,,,,,,,,,,,,,POINT (-76.929239385 39.015319907)
16339,Prince George's,Injury Crashes,DA4069009N,Prince George's County Police,Single Vehicle,Local,No,No,No,Yes,EDGEWOOD RD,440.0,MUNICIPAL ROAD,No,True,No,11/12/2024,11/12/2024,8,PGCOPD,101,16,2,Yes,2.0,Point,08:19,2024,Tuesday,17,Pedestrian,5,On Roadway,7.0,Roundabout/Traffic Circle,,,,2.0,5.0,Intersection or Related,39.015487627,1,Daylight,2024-11-12,-76.911431348,S,0.0,F,N,No,,,919FF4B847C9BF2C4EF279657C08D5F91510C6544224946B7CC25A23D67D8432,MU,1,No,,,,,1.0,Dry,3.0,Stop - Partial,No,,,,,,,Pedestrian,a23855a4-95d2-458d-88fa-362ca62e609b,DA4069009N,102.0,Standing,67.0,OWINGS MILLS,6.0,Rear,0.0,Not Distracted,,,M,1.0,No,3.0,Suspected Minor Injury,98.0,Other,97.0,Not Applicable,MD,de5cf6d4-38b9-40a3-824b-052af81bcfcb,6.0,N,21117,POINT (-76.91143134799999 39.015487627)
72598,Prince George's,Injury Crashes,DA389000QX,Prince George's County Police,Front to Rear,Minor Arterial,No,No,No,No,CHERRY HILL RD (EB/L),14.0,COUNTY ROAD,No,True,No,8/10/2024,8/10/2024,23,PGCOPD,3,16,2,Yes,,Point,23:20,2024,Saturday,12,Motor Vehicle In Transport,5,On Roadway,4.0,,,,,,4.0,Entrance/Exit Ramp or Related,39.015724201,3,Dark - Lighted,2024-08-10,-76.929842192,N,4.52,F,N,No,,,7B945726DDA51185EA1E7B4DA7EB51C99F501FD2F65E406EDA0403B069849C70,CO,1,No,,,,,1.0,Dry,,,No,,,,,,,,,,,,,,,,,,,,,,,,,,,,,,,,,,POINT (-76.929842192 39.015724201)
1883,Prince George's,Property Damage Crashes,DA37260098,Prince George's County Police,Other,Minor Arterial,No,No,No,No,CHERRY HILL RD (EB/L),14.0,COUNTY ROAD,No,True,No,9/21/2024,9/21/2024,18,PGCOPD,98,16,3,Yes,,Point,18:10,2024,Saturday,12,Motor Vehicle In Transport,5,On Roadway,4.0,,,,,,10.0,"Other Location Not Listed Above Within an Interchange Area (median,
shoulder and roadside)",39.015756609,1,Daylight,2024-09-21,-76.929817493,S,12.14,F,N,No,,,7B945726DDA51185EA1E7B4DA7EB51C99F501FD2F65E406EDA0403B069849C70,CO,1,No,,,,,1.0,Dry,,,No,,,,,,,,,,,,,,,,,,,,,,,,,,,,,,,,,,POINT (-76.929817493 39.015756609)
90745,Prince George's,Property Damage Crashes,MSP757700GK,Maryland State Police,Front to Rear,Principal Arterial – Other,No,No,No,No,BALTIMORE AVE (SB/L),1.0,UNITED STATE ROUTE,No,True,No,12/22/2024,12/22/2024,18,MSP,3,16,3,No,,Point,18:26,2024,Sunday,12,Motor Vehicle In Transport,5,On Roadway,3.0,,,,,,9.0,Through Roadway,39.015840767,3,Dark - Lighted,2024-12-22,-76.927384683,N,12.48,F,N,No,,,8134EDE2E3C158DADAB20D3CA27398B6B677D10E3A952C67ABAFBC052751B32B,US,1,No,97.0,Not Applicable,,,1.0,Dry,,,No,,,,,,,,,,,,,,,,,,,,,,,,,,,,,,,,,,POINT (-76.927384683 39.015840767)
103138,Prince George's,Property Damage Crashes,DA42680064,Prince George's County Police,Front to Rear,,No,No,No,No,RHODE ISLAND AVE (NB/L),171.0,MUNICIPAL ROAD,No,True,No,9/12/2024,9/12/2024,17,PGCOPD,3,16,3,Yes,,Point,17:01,2024,Thursday,12,Motor Vehicle In Transport,5,On Roadway,,,,,,,9.0,Through Roadway,39.015923435,1,Daylight,2024-09-12,-76.920842007,N,40.05,F,N,No,,,5A5BB6C0CDE35985304C8C6A9C81BD5B7AF3FE8520B0EE2AB3BB126E1B2C18D9,MU,1,No,,,,,1.0,Dry,,,No,,,,,,,,,,,,,,,,,,,,,,,,,,,,,,,,,,POINT (-76.920842007 39.015923435)
34393,Prince George's,Property Damage Crashes,DA4069008N,Prince George's County Police,Front to Rear,Principal Arterial – Other,No,No,No,No,BALTIMORE AVE,1.0,UNITED STATE ROUTE,No,True,No,2/27/2024,2/27/2024,18,PGCOPD,3,16,3,Yes,,Point,18:33,2024,Tuesday,12,Motor Vehicle In Transport,5,On Roadway,3.0,,,,EDGEWOOD RD NO NAME,,9.0,Through Roadway,39.015948013,3,Dark - Lighted,2024-02-27,-76.927175139,N,12.4,F,N,No,,,715801E325358DA787957E62EF5DD838B607D070EE8757BBFE9B486CBFC04F0E,US,1,No,,,,,1.0,Dry,,,No,,,,,,,,,,,,,,,,,,,,,,,,,,,,,,,,,,POINT (-76.927175139 39.015948013)
29413,Prince George's,Property Damage Crashes,DA4069008S,Prince George's County Police,"Sideswipe, Opposite Direction",Principal Arterial – Other,No,No,No,No,BALTIMORE AVE,1.0,UNITED STATE ROUTE,No,True,No,4/13/2024,4/13/2024,20,PGCOPD,6,16,3,Yes,,Point,20:44,2024,Saturday,12,Motor Vehicle In Transport,5,On Roadway,3.0,,,,,,9.0,Through Roadway,39.01599157,3,Dark - Lighted,2024-04-13,-76.92715488,N,21.11,F,N,No,,,3390D68E279E0C919034F01D8FC4E5840C7EF964BD4B2901AEFC78385058116A,US,1,No,,,,,1.0,Dry,,,No,,,,,,,,,,,,,,,,,,,,,,,,,,,,,,,,,,POINT (-76.92715488 39.01599157)
20597,Prince George's,Property Damage Crashes,MSP741900CM,Maryland State Police,"Sideswipe, Opposite Direction",Local,No,Yes,No,No,EDGEWOOD RD,440.0,MUNICIPAL ROAD,No,True,No,12/12/2024,12/12/2024,19,MSP,6,16,3,No,,Point,19:10,2024,Thursday,12,Motor Vehicle In Transport,5,On Roadway,7.0,,,,,,6.0,Non-Junction,39.015994827,3,Dark - Lighted,2024-12-12,-76.927065218,E,16.92,F,N,No,,,12BF80AFBF474F5BC7BDB46A77FED8DE4B61788A8BFC5252187973942FE15641,MU,2,"Yes, School Bus Directly Involved",,,,,1.0,Dry,,,No,,,,,,,,,,,,,,,,,,,,,,,,,,,,,,,,,,POINT (-76.927065218 39.015994827)
58208,Prince George's,Property Damage Crashes,MSP78650009,Maryland State Police,Front to Front,Interstate,No,No,No,No,RAMP 6 FR RAMP 10 (FR IS 495) TO US 1 SB,95.0,RAMP,No,True,No,12/12/2024,12/12/2024,8,MSP,2,16,3,Yes,4.0,Point,08:02,2024,Thursday,12,Motor Vehicle In Transport,5,On Roadway,1.0,Angled/Skewed,,,BALTIMORE AVE (SB/L) NO NAME,1.0,5.0,Intersection or Related,39.016025025,1,Daylight,2024-12-12,-76.927265537,N,0.0,F,N,No,,,C05BBB3C534D706FE9EB5A199725A4BE68C86FE5B43FF15DEB3BBCF4EC6AB93B,RP,1,No,,,,,1.0,Dry,1.0,Signalized,No,,,,,,,,,,,,,,,,,,,,,,,,,,,,,,,,,,POINT (-76.927265537 39.016025025)
8518,Prince George's,Injury Crashes,DA4331002S,Prince George's County Police,"Sideswipe, Same Direction",Minor Arterial,No,No,No,No,CHERRY HILL RD,14.0,COUNTY ROAD,Yes,True,No,6/22/2024,6/22/2024,22,PGCOPD,7,16,2,No,,Point,22:15,2024,Saturday,12,Motor Vehicle In Transport,99,Unknown,4.0,,,,,,6.0,Non-Junction,39.016049941,3,Dark - Lighted,2024-06-22,-76.93052499,N,18.28,F,N,No,,,68B0D9ACC7801EFF221E35302EF964E934471BE991BE6C854A8A1047F72A579A,CO,1,No,,,,,1.0,Dry,,,No,,,,,,,,,,,,,,,,,,,,,,,,,,,,,,,,,,POINT (-76.93052499 39.016049941)
94701,Prince George's,Property Damage Crashes,DA4050006D,Prince George's County Police,Angle,,No,No,No,No,NO NAME,1808.0,LOCAL ROAD,No,True,No,10/13/2024,10/13/2024,21,PGCOPD,1,16,3,No,,Point,21:05,2024,Sunday,12,Motor Vehicle In Transport,5,On Roadway,,,,,,,9.0,Through Roadway,39.016064418,3,Dark - Lighted,2024-10-13,-76.927189299,S,26.08,F,N,No,,,21F2EC8AF05E073C3B479716DB0F98ABCADBB877454FCC04526CDE453BC2AF97,LL,1,No,,,,,1.0,Dry,,,No,,,,,,,,,,,,,,,,,,,,,,,,,,,,,,,,,,POINT (-76.92718929900001 39.016064418)
75258,Prince George's,Property Damage Crashes,DA35610042,Prince George's County Police,Front to Rear,Major Collector,No,No,No,No,RHODE ISLAND AVE,171.0,MUNICIPAL ROAD,No,True,No,5/23/2024,5/23/2024,15,PGCOPD,3,16,3,Yes,4.0,Point,15:30,2024,Thursday,12,Motor Vehicle In Transport,5,On Roadway,5.0,Angled/Skewed,,,EDGEWOOD RD (WB/L),1.0,5.0,Intersection or Related,39.016083656,1,Daylight,2024-05-23,-76.920745233,W,0.0,F,N,No,,,F96A475C176E82DB2E5614D555EEC0A19D3DC99404479ED25A0C3615260AFE14,MU,1,No,,,,,1.0,Dry,1.0,Signalized,No,,,,,,,,,,,,,,,,,,,,,,,,,,,,,,,,,,POINT (-76.92074523300001 39.016083656)
50992,Prince George's,Property Damage Crashes,MSP757700D7,Maryland State Police,"Sideswipe, Same Direction",Interstate,No,No,No,No,CAPITAL BELTWAY (SB/L),95.0,INTERSTATE ROUTE,No,True,No,8/25/2024,8/25/2024,23,MSP,7,16,3,No,,Point,23:55,2024,Sunday,12,Motor Vehicle In Transport,5,On Roadway,1.0,,,,,,9.0,Through Roadway,39.016196487,3,Dark - Lighted,2024-08-25,-76.912577026,E,413.4,F,N,No,,,F70FEF0374AA73B1106969C763B44D5A3754651348E8D2AAF8D892EE064583AA,IS,1,No,97.0,Not Applicable,,,1.0,Dry,,,No,,,,,,,,,,,,,,,,,,,,,,,,,,,,,,,,,,POINT (-76.91257702599999 39.016196487)
47679,Prince George's,Property Damage Crashes,MSP5164000T,Maryland State Police,"Sideswipe, Same Direction",Principal Arterial – Other,No,No,No,No,BALTIMORE AVE,1.0,UNITED STATE ROUTE,No,True,No,11/25/2024,11/25/2024,18,MSP,7,16,3,Yes,,Point,18:15,2024,Monday,12,Motor Vehicle In Transport,5,On Roadway,3.0,,,,RAMP 4 FR US 1 NB TO RAMP 10 (TO IS 95),,1.0,Acceleration/Deceleration Lane,39.016247118,3,Dark - Lighted,2024-11-25,-76.927092264,N,53.61,F,N,No,,,CEC35B44DF38D4CA2AAA9089AD6E4DBA6A50C35ED3FF93EDCF9BC69FBB1DDFAE,US,1,No,,,,,1.0,Dry,,,No,,,,,,,,,,,,,,,,,,,,,,,,,,,,,,,,,,POINT (-76.927092264 39.016247118)
56590,Prince George's,Property Damage Crashes,DA4354001J,Prince George's County Police,Front to Rear,,No,No,No,No,,,,No,True,No,6/30/2024,6/30/2024,13,PGCOPD,3,16,3,,,Point,13:47,2024,Sunday,12,Motor Vehicle In Transport,4,"Off-Roadway, Location Unknown",,,,,,,,,39.016299127,1,Daylight,2024-06-30,-76.928869742,,,F,N,Yes,102.0,Parking Lot Way,,,1,No,12.0,Motor Vehicle In Transport,4.0,"Off-Roadway, Location Unknown",,,,,No,,,,,,,,,,,,,,,,,,,,,,,,,,,,,,,,,,POINT (-76.928869742 39.016299127)
16148,Prince George's,Property Damage Crashes,DA4268005X,Prince George's County Police,Unknown,,No,No,No,No,,,,No,True,No,8/5/2024,8/5/2024,18,PGCOPD,99,16,3,,,Point,18:51,2024,Monday,13,Other Non-Fixed Object,99,Unknown,,,100.0,Local,,,,,39.016449425,1,Daylight,2024-08-05,-76.929178297,,,F,N,Yes,102.0,Parking Lot Way,,,1,No,15.0,Parked Vehicle,99.0,Unknown,,,,,No,,,,,,,,,,,,,,,,,,,,,,,,,,,,,,,,,,POINT (-76.92917829700001 39.016449425)
89339,Prince George's,Property Damage Crashes,DA4291003Y,Prince George's County Police,Other,,No,No,No,No,CHERRY HILL RD (EB/L),14.0,COUNTY ROAD,No,True,No,6/22/2024,6/22/2024,22,PGCOPD,98,16,3,Yes,,Point,22:31,2024,Saturday,12,Motor Vehicle In Transport,99,Unknown,,,,,,,9.0,Through Roadway,39.01646106,3,Dark - Lighted,2024-06-22,-76.931824451,N,42.47,F,N,No,,,1AAC19B8E1C354C8E20F4AD3652F8FC57990C644327F37F30DD6413E881AC0AF,CO,1,No,,,,,1.0,Dry,,,No,,,,,,,,,,,,,,,,,,,,,,,,,,,,,,,,,,POINT (-76.931824451 39.01646106)
39634,Prince George's,Property Damage Crashes,MSP693800KG,Maryland State Police,Front to Rear,Interstate,No,No,No,No,RAMP 6 FR RAMP 10 (FR IS 495) TO US 1 SB,95.0,RAMP,No,True,No,7/19/2024,7/19/2024,7,MSP,3,16,3,No,,Point,07:26,2024,Friday,12,Motor Vehicle In Transport,5,On Roadway,1.0,,,,,,6.0,Non-Junction,39.016554358,1,Daylight,2024-07-19,-76.927416617,W,32.9,F,N,No,,,A76C95CAB179551D92A81F5249FB666674E17B503AF4DF91DA71F708EAEDC67A,RP,1,No,97.0,Not Applicable,,,1.0,Dry,,,No,,,,,,,,,,,,,,,,,,,,,,,,,,,,,,,,,,POINT (-76.92741661700001 39.016554358)
24419,Prince George's,Injury Crashes,DA27770032,Prince George's County Police,Front to Front,,No,No,No,No,CHERRY HILL RD (EB/L),14.0,COUNTY ROAD,No,True,No,5/28/2024,5/28/2024,16,PGCOPD,2,16,2,No,2.0,Point,16:44,2024,Tuesday,12,Motor Vehicle In Transport,5,On Roadway,,Perpendicular,,,47TH AVE,3.0,5.0,Intersection or Related,39.016570514,1,Daylight,2024-05-28,-76.932040277,N,0.0,F,N,No,,,EBB0E29F64AE2F7A581E11B756C925FD7CCE567487383328FBE0D1C98FAF1546,CO,1,No,35.0,"Other Fixed Object (wall, building, tunnel, etc.)",7.0,"On Shoulder, Right Side",1.0,Dry,1.0,Signalized,No,,,,,,,,,,,,,,,,,,,,,,,,,,,,,,,,,,POINT (-76.932040277 39.016570514)
50133,Prince George's,Property Damage Crashes,DA42970037,Prince George's County Police,"Sideswipe, Same Direction",Minor Arterial,No,No,No,No,CHERRY HILL RD,14.0,COUNTY ROAD,No,True,No,9/25/2024,9/25/2024,14,PGCOPD,7,16,3,No,,Point,14:01,2024,Wednesday,12,Motor Vehicle In Transport,2,In Parking Lane Or Zone,4.0,,,,47TH AVE,,99.0,Unknown,39.016576253,1,Daylight,2024-09-25,-76.93200521,N,7.42,F,N,No,,,7CA074FDC6494E164278D499593D5A3665BA8C9B3C985E5456C7748F15125E4E,CO,1,No,,,,,99.0,Unknown,,,No,,,,,,,,,,,,,,,,,,,,,,,,,,,,,,,,,,POINT (-76.93200521 39.016576253)
9226,Prince George's,Property Damage Crashes,DA43810007,Prince George's County Police,Front to Rear,Interstate,No,No,No,No,RAMP 6 FR RAMP 10 (FR IS 495) TO US 1 SB,95.0,RAMP,Yes,True,No,3/7/2024,3/7/2024,13,PGCOPD,3,16,3,No,,Point,13:35,2024,Thursday,12,Motor Vehicle In Transport,7,"On Shoulder, Right Side",1.0,,,,,,9.0,Through Roadway,39.016623222,1,Daylight,2024-03-07,-76.927558979,E,14.69,F,N,No,,,A76C95CAB179551D92A81F5249FB666674E17B503AF4DF91DA71F708EAEDC67A,RP,1,No,,,,,1.0,Dry,,,No,,,,,,,,,,,,,,,,,,,,,,,,,,,,,,,,,,POINT (-76.927558979 39.016623222)
25870,Prince George's,Property Damage Crashes,MSP7552006Q,Maryland State Police,Front to Rear,Principal Arterial – Other,Yes,No,No,No,BALTIMORE AVE (SB/L),1.0,UNITED STATE ROUTE,No,True,No,8/17/2024,8/17/2024,0,MSP,3,16,3,No,,Point,00:45,2024,Saturday,12,Motor Vehicle In Transport,5,On Roadway,3.0,,,,,,6.0,Non-Junction,39.0166365,3,Dark - Lighted,2024-08-17,-76.9272115,S,29.38,F,N,No,,,9EB35691E72FA9A7F93CB90DC36E7F09CE2166E047FCA3CD44D24EF99287F77C,US,1,No,,,,,1.0,Dry,,,No,,,,,,,,,,,,,,,,,,,,,,,,,,,,,,,,,,POINT (-76.9272115 39.0166365)
74597,Prince George's,Property Damage Crashes,DA3496001T,Prince George's County Police,Front to Rear,,No,No,No,No,CHERRY HILL RD (EB/L),14.0,COUNTY ROAD,No,True,No,9/13/2024,9/13/2024,19,PGCOPD,3,16,3,No,,Point,19:34,2024,Friday,12,Motor Vehicle In Transport,5,On Roadway,,,,,,,9.0,Through Roadway,39.016747904,3,Dark - Lighted,2024-09-13,-76.932589658,N,18.87,F,N,No,,,FED9A8A26018F8187F6325A29F4ED5C3F4F28B12B5BF11CE50B17BC549A9267B,CO,1,No,12.0,Motor Vehicle In Transport,5.0,On Roadway,1.0,Dry,,,No,,,,,,,,,,,,,,,,,,,,,,,,,,,,,,,,,,POINT (-76.932589658 39.016747904)
60006,Prince George's,Property Damage Crashes,MSP7552006G,Maryland State Police,Front to Rear,Principal Arterial – Other,No,No,No,No,BALTIMORE AVE (SB/L),1.0,UNITED STATE ROUTE,No,True,No,7/30/2024,7/30/2024,7,MSP,3,16,3,No,,Point,07:24,2024,Tuesday,12,Motor Vehicle In Transport,5,On Roadway,3.0,,,,,,6.0,Non-Junction,39.016795167,1,Daylight,2024-07-30,-76.927052833,S,22.75,F,N,No,,,14B0E569912CA5D0C792A8CDB2B4E98984144D0B8BD0305837CD32A63AFA1486,US,1,No,,,,,1.0,Dry,,,No,,,,,,,,,,,,,,,,,,,,,,,,,,,,,,,,,,POINT (-76.927052833 39.016795167)
55446,Prince George's,Property Damage Crashes,MSP7514005P,Maryland State Police,Front to Rear,Interstate,No,No,Yes,No,RAMP 6 FR RAMP 10 (FR IS 495) TO US 1 SB,95.0,RAMP,No,True,No,9/21/2024,9/21/2024,15,MSP,3,16,3,No,,Point,15:00,2024,Saturday,12,Motor Vehicle In Transport,5,On Roadway,1.0,,,,,,6.0,Non-Junction,39.016901667,1,Daylight,2024-09-21,-76.927846667,E,22.71,F,N,No,,,E25A37C73F49D7FAD657B40142270771D4A292110AC911EA76277D3B1BDA0CD4,RP,1,No,,,,,1.0,Dry,,,No,,,,,,,,,,,,,,,,,,,,,,,,,,,,,,,,,,POINT (-76.927846667 39.016901667)
34632,Prince George's,Injury Crashes,DA4069009S,Prince George's County Police,Front to Rear,,No,No,No,No,RHODE ISLAND AVE (NB/L),171.0,MUNICIPAL ROAD,No,True,No,12/10/2024,12/10/2024,17,PGCOPD,3,16,2,No,,Point,17:16,2024,Tuesday,12,Motor Vehicle In Transport,5,On Roadway,,,,,,,9.0,Through Roadway,39.016978787,3,Dark - Lighted,2024-12-10,-76.920555198,N,8.65,F,N,No,,,54CCBCE36922F32EAEEEAD82D3CDC9DEF39C1F10480452B296424E082DA69553,MU,1,No,,,,,9.0,Wet,,,No,,,,,,,,,,,,,,,,,,,,,,,,,,,,,,,,,,POINT (-76.920555198 39.016978787)
92577,Prince George's,Property Damage Crashes,MSP7552005Y,Maryland State Police,Single Vehicle,Interstate,No,No,No,No,RAMP 6 FR RAMP 10 (FR IS 495) TO US 1 SB,95.0,RAMP,No,True,No,6/28/2024,6/28/2024,2,MSP,101,16,3,Yes,,Point,02:49,2024,Friday,28,Ditch,9,Roadside,1.0,,,,,,4.0,Entrance/Exit Ramp or Related,39.016990333,3,Dark - Lighted,2024-06-28,-76.927906167,N,9.4,F,N,No,,,B6CE242911AC916EC19059EB568FB33672BBFD09A072FF1C8B9F3EC5FD3B182C,RP,1,No,,,,,1.0,Dry,,,No,,,,,,,,,,,,,,,,,,,,,,,,,,,,,,,,,,POINT (-76.927906167 39.016990333)
77987,Prince George's,Property Damage Crashes,MSP7577009K,Maryland State Police,Front to Rear,Interstate,No,No,No,No,RAMP 6 FR RAMP 10 (FR IS 495) TO US 1 SB,95.0,RAMP,No,True,No,4/9/2024,4/9/2024,11,MSP,3,16,3,No,,Point,11:08,2024,Tuesday,12,Motor Vehicle In Transport,5,On Roadway,1.0,,,,,,4.0,Entrance/Exit Ramp or Related,39.017026533,1,Daylight,2024-04-09,-76.928013117,E,24.74,F,N,No,,,B6CE242911AC916EC19059EB568FB33672BBFD09A072FF1C8B9F3EC5FD3B182C,RP,1,No,97.0,Not Applicable,,,1.0,Dry,,,No,,,,,,,,,,,,,,,,,,,,,,,,,,,,,,,,,,POINT (-76.92801311700001 39.017026533)
8901,Prince George's,Property Damage Crashes,MSP7419009K,Maryland State Police,Front to Rear,Interstate,No,No,No,No,CAPITAL BELTWAY (SB/L),95.0,INTERSTATE ROUTE,No,True,No,9/26/2024,9/26/2024,19,MSP,3,16,3,No,,Point,19:14,2024,Thursday,12,Motor Vehicle In Transport,5,On Roadway,1.0,,,,,,6.0,Non-Junction,39.01735,3,Dark - Lighted,2024-09-26,-76.912776667,N,36.42,F,N,No,,,C7DFD98FD65AA194C49A16C37E4E2B868E4202F8A738E4D3D75C220A2D872593,IS,1,No,,,,,9.0,Wet,,,No,,,,,,,,,,,,,,,,,,,,,,,,,,,,,,,,,,POINT (-76.912776667 39.01735)
45047,Prince George's,Property Damage Crashes,MSP732800J3,Maryland State Police,Front to Rear,Interstate,No,No,No,No,CAPITAL BELTWAY (SB/L),95.0,INTERSTATE ROUTE,No,True,No,12/14/2024,12/14/2024,17,MSP,3,16,3,No,,Point,17:55,2024,Saturday,12,Motor Vehicle In Transport,5,On Roadway,1.0,,,,,,6.0,Non-Junction,39.017381514,4,Dark - Not Lighted,2024-12-14,-76.912908754,N,47.48,F,N,No,,,72AC52A93968554C0B1A4BDD068DD99F58E1E2912517F9AAE6201953C629DA8C,IS,1,No,,,,,1.0,Dry,,,No,,,,,,,,,,,,,,,,,,,,,,,,,,,,,,,,,,POINT (-76.912908754 39.017381514)
66284,Prince George's,Property Damage Crashes,DA4050006G,Prince George's County Police,Front to Front,Local,No,No,No,No,NIAGARA RD #1,910.0,MUNICIPAL ROAD,No,True,No,11/5/2024,11/5/2024,7,PGCOPD,2,16,3,No,,Point,07:30,2024,Tuesday,15,Parked Vehicle,5,On Roadway,7.0,,,,,,9.0,Through Roadway,39.017460618,1,Daylight,2024-11-05,-76.919772031,E,11.95,F,N,No,,,C478B97A87B55959BA6C1A18C0D73CAAED21165478079B1A70E180BEFB1B90C5,MU,1,No,,,,,1.0,Dry,,,No,,,,,,,,,,,,,,,,,,,,,,,,,,,,,,,,,,POINT (-76.91977203099999 39.017460618)
71603,Prince George's,Property Damage Crashes,DA3625002R,Prince George's County Police,Single Vehicle,Local,No,No,No,No,RHODE ISLAND AVE #2,1072.0,MUNICIPAL ROAD,No,True,No,6/8/2024,6/8/2024,1,PGCOPD,101,16,3,Yes,,Point,01:55,2024,Saturday,29,Embankment,9,Roadside,7.0,,,,NO NAME,,9.0,Through Roadway,39.017602647,3,Dark - Lighted,2024-06-08,-76.920121663,W,47.9,F,N,No,,,BEFD5F681E9312AA2A9D159EDBA356584E27B70BC394394E39E98D683396BA95,MU,1,No,36.0,"Other Post, Pole, Or Support",4.0,"Off-Roadway, Location Unknown",98.0,Other,,,No,,,,,,,,,,,,,,,,,,,,,,,,,,,,,,,,,,POINT (-76.920121663 39.017602647)
103703,Prince George's,Property Damage Crashes,MSP7419007L,Maryland State Police,"Sideswipe, Same Direction",Interstate,No,No,No,No,CAPITAL BELTWAY,95.0,INTERSTATE ROUTE,No,True,No,4/22/2024,4/22/2024,9,MSP,7,16,3,No,,Point,09:17,2024,Monday,12,Motor Vehicle In Transport,5,On Roadway,1.0,,,,,,6.0,Non-Junction,39.0176252,1,Daylight,2024-04-22,-76.912761146,W,4.8,F,N,No,,,5918CA158048854AD64FA5EDE5E04EEF05CE6B98BD786103A957C657BEB7C8A3,IS,1,No,,,,,1.0,Dry,,,No,,,,,,,,,,,,,,,,,,,,,,,,,,,,,,,,,,POINT (-76.91276114599999 39.0176252)
88826,Prince George's,Property Damage Crashes,MSP7778002S,Maryland State Police,"Sideswipe, Same Direction",Interstate,No,Yes,No,No,CAPITAL BELTWAY (SB/L),95.0,INTERSTATE ROUTE,No,True,No,7/18/2024,7/18/2024,15,MSP,7,16,3,No,,Point,15:57,2024,Thursday,12,Motor Vehicle In Transport,5,On Roadway,1.0,,,,,,9.0,Through Roadway,39.017654594,1,Daylight,2024-07-18,-76.913563939,W,78.69,F,N,No,,,00F4916DDA060013A982B6182D04E7C38CC1A512BFB7060509033E42E452986F,IS,1,No,,,,,1.0,Dry,,,No,,,,,,,,,,,,,,,,,,,,,,,,,,,,,,,,,,POINT (-76.913563939 39.017654594)
67819,Prince George's,Property Damage Crashes,DA3495005K,Prince George's County Police,Front to Rear,Local,No,No,No,No,RHODE ISLAND AVE #2,1072.0,MUNICIPAL ROAD,Yes,True,No,4/10/2024,4/10/2024,15,PGCOPD,3,16,3,No,,Point,15:26,2024,Wednesday,12,Motor Vehicle In Transport,5,On Roadway,7.0,,,,,,6.0,Non-Junction,39.017681793,1,Daylight,2024-04-10,-76.920299353,E,18.28,F,N,No,,,A605C054898971B9A0A86A7E701124AFB2963960FBC106FB2FA8F45F0C10DBBC,MU,1,No,,,,,1.0,Dry,,,No,,,,,,,,,,,,,,,,,,,,,,,,,,,,,,,,,,POINT (-76.920299353 39.017681793)
33690,Prince George's,Injury Crashes,DA4069008X,Prince George's County Police,Single Vehicle,Major Collector,No,No,No,No,RHODE ISLAND AVE,171.0,MUNICIPAL ROAD,No,True,No,5/7/2024,5/7/2024,23,PGCOPD,101,16,2,No,,Point,23:55,2024,Tuesday,31,Guardrail End Terminal,9,Roadside,5.0,,,,,,9.0,Through Roadway,39.017706777,3,Dark - Lighted,2024-05-07,-76.92035263,N,23.04,F,N,No,,,0DF767B6F3FC0CDC3634B2F506D4F88D88075E326EE388BA95CDB7EF049A543D,MU,1,No,,,,,1.0,Dry,,,No,,,,,,,,,,,,,,,,,,,,,,,,,,,,,,,,,,POINT (-76.92035263 39.017706777)
5414,Prince George's,Property Damage Crashes,MSP745000BM,Maryland State Police,Single Vehicle,Interstate,No,No,No,No,CAPITAL BELTWAY,95.0,INTERSTATE ROUTE,No,True,No,4/2/2024,4/2/2024,5,MSP,101,16,3,No,,Point,05:42,2024,Tuesday,32,Guardrail Face,6,"On Shoulder, Left Side",1.0,,101.0,State,,,9.0,Through Roadway,39.017873333,4,Dark - Not Lighted,2024-04-02,-76.913615,N,11.35,F,N,No,,,083A6505809DEC5896BDC5BC908EF80EBBF1659A3835E3770EA85E5883021296,IS,1,No,97.0,Not Applicable,,,9.0,Wet,,,No,,,,,,,,,,,,,,,,,,,,,,,,,,,,,,,,,,POINT (-76.91361499999999 39.017873333)
99807,Prince George's,Property Damage Crashes,MSP75140038,Maryland State Police,Other,Interstate,No,No,No,No,CAPITAL BELTWAY,95.0,INTERSTATE ROUTE,No,True,No,2/1/2024,2/1/2024,7,MSP,98,16,3,No,,Point,07:50,2024,Thursday,12,Motor Vehicle In Transport,5,On Roadway,1.0,,,,,,99.0,Unknown,39.017895207,1,Daylight,2024-02-01,-76.913580501,W,50.68,F,N,No,,,FCBDA8694ACABC84F71FB108E887D5D2289C6F8EFCB91F1A556D0D08667BCACD,IS,1,No,12.0,Motor Vehicle In Transport,5.0,On Roadway,1.0,Dry,,,No,,,,,,,,,,,,,,,,,,,,,,,,,,,,,,,,,,POINT (-76.913580501 39.017895207)
66040,Prince George's,Property Damage Crashes,MSP7419006C,Maryland State Police,Front to Rear,Principal Arterial – Other,Yes,No,No,No,BALTIMORE AVE,1.0,UNITED STATE ROUTE,No,True,No,2/24/2024,2/24/2024,0,MSP,3,16,3,No,,Point,00:05,2024,Saturday,12,Motor Vehicle In Transport,5,On Roadway,3.0,,,,,,6.0,Non-Junction,39.017903971,3,Dark - Lighted,2024-02-24,-76.926624416,S,18.85,F,N,No,,,6CEE099B1FF6EACD0EEF5103B3C315C33E24E40262AF1BBE17FF8B8C89058FFC,US,1,No,12.0,Motor Vehicle In Transport,5.0,On Roadway,1.0,Dry,,,No,,,,,,,,,,,,,,,,,,,,,,,,,,,,,,,,,,POINT (-76.926624416 39.017903971)
7970,Prince George's,Injury Crashes,MSP7778000K,Maryland State Police,Front to Rear,Interstate,No,No,No,No,RAMP 10 FR IS 495 EB TO IS 95 SB,95.0,RAMP,No,True,No,4/22/2024,4/22/2024,17,MSP,3,16,2,No,,Point,17:07,2024,Monday,12,Motor Vehicle In Transport,5,On Roadway,1.0,,,,,,6.0,Non-Junction,39.017914167,1,Daylight,2024-04-22,-76.9251045,E,28.82,F,N,No,,,DFB103B23FECEFE7CA487D899B4F4394C762AC54765E7FD67BE2F032A6106088,RP,1,No,97.0,Not Applicable,,,1.0,Dry,,,No,,,,,,,,,,,,,,,,,,,,,,,,,,,,,,,,,,POINT (-76.9251045 39.017914167)
73101,Prince George's,Property Damage Crashes,MSP757700CL,Maryland State Police,"Sideswipe, Same Direction",Interstate,No,No,No,No,CAPITAL BELTWAY (SB/L),95.0,INTERSTATE ROUTE,No,True,No,7/23/2024,7/23/2024,18,MSP,7,16,3,No,,Point,18:43,2024,Tuesday,12,Motor Vehicle In Transport,5,On Roadway,1.0,,,,,,9.0,Through Roadway,39.017920324,1,Daylight,2024-07-23,-76.914480506,E,4.49,F,N,No,,,782ECEBB3888FECE05983C67718ABF22E75B6F86830669911D0B1AA2B66E656C,IS,1,No,97.0,Not Applicable,,,1.0,Dry,,,No,,,,,,,,,,,,,,,,,,,,,,,,,,,,,,,,,,POINT (-76.914480506 39.017920324)
34808,Prince George's,Property Damage Crashes,MSP757700G9,Maryland State Police,"Sideswipe, Same Direction",Interstate,No,No,No,No,RAMP 4 FR US 1 NB TO RAMP 10 (TO IS 95),95.0,RAMP,No,True,No,12/19/2024,12/19/2024,18,MSP,7,16,3,No,,Point,18:05,2024,Thursday,12,Motor Vehicle In Transport,5,On Roadway,1.0,,,,,,9.0,Through Roadway,39.017979414,3,Dark - Lighted,2024-12-19,-76.923567361,W,15.38,F,N,No,,,8AFC924577C693DA014679AADB47E0EE4C6479788F9C62C405BE2256AA87BFA6,RP,1,No,97.0,Not Applicable,,,1.0,Dry,,,No,,,,,,,,,,,,,,,,,,,,,,,,,,,,,,,,,,POINT (-76.923567361 39.017979414)
33652,Prince George's,Property Damage Crashes,MSP77640037,Maryland State Police,Single Vehicle,Interstate,No,No,No,No,RAMP 4 FR US 1 NB TO RAMP 10 (TO IS 95),95.0,RAMP,No,True,No,8/10/2024,8/10/2024,14,MSP,101,16,3,No,,Point,14:16,2024,Saturday,32,Guardrail Face,6,"On Shoulder, Left Side",1.0,,101.0,State,RAMP 10 FR IS 495 EB TO IS 95 SB,,6.0,Non-Junction,39.01798159,1,Daylight,2024-08-10,-76.923483774,E,28.63,F,N,No,,,C758EB8038832917E3A0D872048FC18C46CC882607E729E07BF70EC7B966E86D,RP,1,No,,,,,1.0,Dry,,,No,,,,,,,,,,,,,,,,,,,,,,,,,,,,,,,,,,POINT (-76.923483774 39.01798159)
106235,Prince George's,Property Damage Crashes,MSP77780057,Maryland State Police,Angle,Interstate,No,Yes,No,No,RAMP 10 FR IS 495 EB TO IS 95 SB,95.0,RAMP,No,True,No,10/17/2024,10/17/2024,11,MSP,1,16,3,No,,Point,11:14,2024,Thursday,12,Motor Vehicle In Transport,5,On Roadway,1.0,,,,,,4.0,Entrance/Exit Ramp or Related,39.018036658,1,Daylight,2024-10-17,-76.926349517,S,9.98,F,N,No,,,B2E5F01C2A2BABF5CCE2C968871F4672C6890D220F1102E0BE753CF900682673,RP,1,No,,,,,1.0,Dry,,,No,,,,,,,,,,,,,,,,,,,,,,,,,,,,,,,,,,POINT (-76.92634951700001 39.018036658)
66645,Prince George's,Property Damage Crashes,MSP7778002V,Maryland State Police,Front to Rear,Interstate,No,No,No,No,CAPITAL BELTWAY (SB/L),95.0,INTERSTATE ROUTE,No,True,No,7/19/2024,7/19/2024,16,MSP,3,16,3,No,,Point,16:19,2024,Friday,12,Motor Vehicle In Transport,5,On Roadway,1.0,,,,,,9.0,Through Roadway,39.01805155,1,Daylight,2024-07-19,-76.924239317,W,53.36,F,N,No,,,E7B323271683E2F5E5DB20D67C027834ED33C9CD4776231EFF3F63AC940F350C,IS,1,No,,,,,1.0,Dry,,,No,,,,,,,,,,,,,,,,,,,,,,,,,,,,,,,,,,POINT (-76.924239317 39.01805155)
74628,Prince George's,Property Damage Crashes,MSP743900J0,Maryland State Police,Front to Rear,Interstate,No,No,No,No,RAMP 10 FR IS 495 EB TO IS 95 SB,95.0,RAMP,No,True,No,9/24/2024,9/24/2024,15,MSP,3,16,3,No,,Point,15:57,2024,Tuesday,12,Motor Vehicle In Transport,5,On Roadway,1.0,,,,,,1.0,Acceleration/Deceleration Lane,39.018082957,1,Daylight,2024-09-24,-76.926519944,W,98.93,F,N,No,,,90FCA129B10CB40B22F32D249AA669041B2E3D82E97DB60A71C96B4C1E3922FB,RP,1,No,,,,,9.0,Wet,,,No,,,,,,,,,,,,,,,,,,,,,,,,,,,,,,,,,,POINT (-76.92651994400001 39.018082957)
95924,Prince George's,Property Damage Crashes,MSP75520084,Maryland State Police,Single Vehicle,Interstate,No,No,No,No,CAPITAL BELTWAY (SB/L),95.0,INTERSTATE ROUTE,No,True,No,10/30/2024,10/30/2024,22,MSP,101,16,3,No,,Point,22:49,2024,Wednesday,9,Animal (live),5,On Roadway,1.0,,,,,,6.0,Non-Junction,39.018118846,3,Dark - Lighted,2024-10-30,-76.924270344,W,42.29,F,N,No,,,E7B323271683E2F5E5DB20D67C027834ED33C9CD4776231EFF3F63AC940F350C,IS,1,No,,,,,1.0,Dry,,,No,,,,,,,,,,,,,,,,,,,,,,,,,,,,,,,,,,POINT (-76.92427034400001 39.018118846)
15698,Prince George's,Property Damage Crashes,DA4050005M,Prince George's County Police,"Sideswipe, Same Direction",Local,No,No,No,No,ONTARIO RD,950.0,MUNICIPAL ROAD,No,True,No,3/23/2024,3/23/2024,2,PGCOPD,7,16,3,No,,Point,02:30,2024,Saturday,12,Motor Vehicle In Transport,5,On Roadway,7.0,,,,,,9.0,Through Roadway,39.018128367,3,Dark - Lighted,2024-03-23,-76.91935363,S,0.98,F,N,No,,,3AD33C9BB3646D187FAB7AA8C4DCD990847C929C006D5DC92FDCEFDCA98C44C0,MU,1,No,,,,,9.0,Wet,,,No,,,,,,,,,,,,,,,,,,,,,,,,,,,,,,,,,,POINT (-76.91935363 39.018128367)
78621,Prince George's,Property Damage Crashes,MSP7681006V,Maryland State Police,Front to Rear,Principal Arterial – Other,No,No,No,No,BALTIMORE AVE (SB/L),1.0,UNITED STATE ROUTE,No,True,No,7/16/2024,7/16/2024,7,MSP,3,16,3,No,,Point,07:51,2024,Tuesday,12,Motor Vehicle In Transport,5,On Roadway,3.0,,,,,,9.0,Through Roadway,39.018133333,1,Daylight,2024-07-16,-76.926716667,S,29.77,F,N,No,,,AF42C71DDE245ECCD32558512EB0BD361C7FEE35B1E9B15B13A09F892F9234F3,US,1,No,12.0,Motor Vehicle In Transport,5.0,On Roadway,1.0,Dry,,,No,,,,,,,,,,,,,,,,,,,,,,,,,,,,,,,,,,POINT (-76.92671666699999 39.018133333)
58472,Prince George's,Property Damage Crashes,MSP743900DV,Maryland State Police,Front to Rear,Interstate,No,No,No,No,CAPITAL BELTWAY (SB/L),95.0,INTERSTATE ROUTE,No,True,No,3/21/2024,3/21/2024,6,MSP,3,16,3,No,,Point,06:42,2024,Thursday,12,Motor Vehicle In Transport,5,On Roadway,1.0,,,,,,9.0,Through Roadway,39.018153196,100,Dawn,2024-03-21,-76.919742369,N,156.57,F,N,No,,,42894DE64B362E6D5499AD77D0B5822778130F7578908293D25284D9489A7B04,IS,1,No,,,,,1.0,Dry,,,No,,,,,,,,,,,,,,,,,,,,,,,,,,,,,,,,,,POINT (-76.91974236900001 39.018153196)
83855,Prince George's,Property Damage Crashes,MSP757700G7,Maryland State Police,Front to Rear,Interstate,No,No,No,No,RAMP 10 FR IS 495 EB TO IS 95 SB,95.0,RAMP,No,True,No,12/19/2024,12/19/2024,15,MSP,3,16,3,No,,Point,15:05,2024,Thursday,12,Motor Vehicle In Transport,5,On Roadway,1.0,,,,,,9.0,Through Roadway,39.018170233,1,Daylight,2024-12-19,-76.927971117,N,14.75,F,N,No,,,4C03A81954BAC52666195348650A167EBFE83FF3198C3DCE085D060CF43B2D93,RP,1,No,97.0,Not Applicable,,,1.0,Dry,,,No,,,,,,,,,,,,,,,,,,,,,,,,,,,,,,,,,,POINT (-76.927971117 39.018170233)
39182,Prince George's,Property Damage Crashes,MSP743900HC,Maryland State Police,Unknown,Interstate,No,No,No,No,CAPITAL BELTWAY (SB/L),95.0,INTERSTATE ROUTE,No,True,No,8/9/2024,8/9/2024,5,MSP,99,16,3,No,,Point,05:23,2024,Friday,100,Spilled Cargo,5,On Roadway,1.0,,,,,,9.0,Through Roadway,39.018201667,4,Dark - Not Lighted,2024-08-09,-76.916096667,N,23.04,F,N,No,,,0856B56A3FCAF08788C94C0BBAD5D25B4CC6B8F26C79E8B0D5825C881AED9FCE,IS,1,No,13.0,Other Non-Fixed Object,5.0,On Roadway,9.0,Wet,,,No,,,,,,,,,,,,,,,,,,,,,,,,,,,,,,,,,,POINT (-76.91609666700001 39.018201667)
42861,Prince George's,Property Damage Crashes,MSP675100JL,Maryland State Police,"Sideswipe, Same Direction",Interstate,No,Yes,No,No,CAPITAL BELTWAY (SB/L),95.0,INTERSTATE ROUTE,No,True,No,3/1/2024,3/1/2024,8,MSP,7,16,3,No,,Point,08:07,2024,Friday,12,Motor Vehicle In Transport,5,On Roadway,1.0,,,,,,6.0,Non-Junction,39.0182103,1,Daylight,2024-03-01,-76.927271733,N,28.88,F,N,No,,,D1693E67DDCF7F6AE3A7A44A8BAABE1DAE94CDD206290D69A9AFA74EAC5D5EAE,IS,2,"Yes, School Bus Directly Involved",97.0,Not Applicable,,,1.0,Dry,,,No,,,,,,,,,,,,,,,,,,,,,,,,,,,,,,,,,,POINT (-76.927271733 39.0182103)
49499,Prince George's,Property Damage Crashes,MSP7419009L,Maryland State Police,"Sideswipe, Same Direction",Interstate,No,No,No,No,CAPITAL BELTWAY (SB/L),95.0,INTERSTATE ROUTE,No,True,No,9/26/2024,9/26/2024,19,MSP,7,16,3,No,,Point,19:50,2024,Thursday,12,Motor Vehicle In Transport,5,On Roadway,1.0,,,,,,6.0,Non-Junction,39.018216974,3,Dark - Lighted,2024-09-26,-76.915777423,W,50.32,F,N,No,,,D1925C180DAF6FAE63959A76F3770B37424A587777F07BDD9BBE20B434738455,IS,1,No,,,,,1.0,Dry,,,No,,,,,,,,,,,,,,,,,,,,,,,,,,,,,,,,,,POINT (-76.91577742299999 39.018216974)
1193,Prince George's,Property Damage Crashes,MSP75140061,Maryland State Police,Front to Rear,Interstate,No,No,No,No,CAPITAL BELTWAY (SB/L),95.0,INTERSTATE ROUTE,No,True,No,10/9/2024,10/9/2024,7,MSP,3,16,3,No,,Point,07:18,2024,Wednesday,12,Motor Vehicle In Transport,5,On Roadway,1.0,,,,,,6.0,Non-Junction,39.018235,1,Daylight,2024-10-09,-76.920956667,N,59.78,F,N,No,,,8A870B423D297D1ADDAB4423FAB029EBF7A546793EFA42B4B1A5A466C5EC6667,IS,1,No,,,,,1.0,Dry,,,No,,,,,,,,,,,,,,,,,,,,,,,,,,,,,,,,,,POINT (-76.920956667 39.018235)
107497,Prince George's,Property Damage Crashes,MSP7681007G,Maryland State Police,Single Vehicle,Interstate,Yes,No,No,No,CAPITAL BELTWAY (SB/L),95.0,INTERSTATE ROUTE,No,True,No,8/10/2024,8/10/2024,4,MSP,101,16,3,No,,Point,04:00,2024,Saturday,25,Concrete Traffic Barrier,3,Median,1.0,,,,,,9.0,Through Roadway,39.018245224,4,Dark - Not Lighted,2024-08-10,-76.92136678,E,37.74,F,N,No,,,31E0BAB7DFD81F75BB314EA8DE3EED12E471A44FC1C52B8FEE1B7362E3410A1A,IS,1,No,,,,,99.0,Unknown,,,No,,,,,,,,,,,,,,,,,,,,,,,,,,,,,,,,,,POINT (-76.92136678 39.018245224)
70791,Prince George's,Property Damage Crashes,MSP7453004T,Maryland State Police,Single Vehicle,Interstate,No,No,No,No,CAPITAL BELTWAY,95.0,INTERSTATE ROUTE,No,True,No,3/23/2024,3/23/2024,7,MSP,101,16,3,No,,Point,07:29,2024,Saturday,35,"Other Fixed Object (wall, building, tunnel, etc.)",7,"On Shoulder, Right Side",1.0,,101.0,State,,,6.0,Non-Junction,39.018261667,100,Dawn,2024-03-23,-76.914416667,S,54.92,F,N,No,,,5E7E7F6B593F2A50557C2FECD6F455AF8D869862520FDA171D70939B435B82DA,IS,1,No,97.0,Not Applicable,,,9.0,Wet,,,No,,,,,,,,,,,,,,,,,,,,,,,,,,,,,,,,,,POINT (-76.914416667 39.018261667)
52526,Prince George's,Property Damage Crashes,MSP7778001Z,Maryland State Police,Front to Rear,Interstate,No,No,No,No,CAPITAL BELTWAY (SB/L),95.0,INTERSTATE ROUTE,No,True,No,6/24/2024,6/24/2024,16,MSP,3,16,3,No,,Point,16:31,2024,Monday,12,Motor Vehicle In Transport,5,On Roadway,1.0,,,,,,9.0,Through Roadway,39.018283417,1,Daylight,2024-06-24,-76.922297383,S,30.26,F,N,No,,,A167D8870D01954FB51E62BFB9D2AF94E9C9B0F93F78BC25171301843C9A20C5,IS,1,No,,,,,1.0,Dry,,,No,,,,,,,,,,,,,,,,,,,,,,,,,,,,,,,,,,POINT (-76.922297383 39.018283417)
95018,Prince George's,Property Damage Crashes,MSP744200HV,Maryland State Police,Front to Rear,Interstate,No,No,No,No,CAPITAL BELTWAY,95.0,INTERSTATE ROUTE,No,True,No,4/14/2024,4/14/2024,10,MSP,3,16,3,No,,Point,10:19,2024,Sunday,12,Motor Vehicle In Transport,5,On Roadway,1.0,,,,,,9.0,Through Roadway,39.018300333,1,Daylight,2024-04-14,-76.923020167,E,44.55,F,N,No,,,955D7F659270D28A5FBA8C5A2145268A4997362DB34D17A097DE24FA21EAFEBE,IS,1,No,,,,,1.0,Dry,,,No,,,,,,,,,,,,,,,,,,,,,,,,,,,,,,,,,,POINT (-76.923020167 39.018300333)
94216,Prince George's,Injury Crashes,MSP7681004R,Maryland State Police,Front to Rear,Interstate,No,No,No,No,CAPITAL BELTWAY,95.0,INTERSTATE ROUTE,No,True,No,3/3/2024,3/3/2024,1,MSP,3,16,2,No,,Point,01:20,2024,Sunday,12,Motor Vehicle In Transport,5,On Roadway,1.0,,,,,,9.0,Through Roadway,39.018309078,4,Dark - Not Lighted,2024-03-03,-76.918167401,E,446.6,F,N,No,,,AAC35782B4757DEC936976467BBD12F9ED70F5B17C914DCABF6D0508083390C8,IS,1,No,25.0,Concrete Traffic Barrier,3.0,Median,1.0,Dry,,,No,,,,,,,,,,,,,,,,,,,,,,,,,,,,,,,,,,POINT (-76.91816740100001 39.018309078)
29173,Prince George's,Injury Crashes,MSP7665007Z,Maryland State Police,Single Vehicle,Interstate,No,No,No,No,CAPITAL BELTWAY,95.0,INTERSTATE ROUTE,Yes,True,No,8/24/2024,8/24/2024,20,MSP,101,16,2,No,,Point,20:54,2024,Saturday,25,Concrete Traffic Barrier,9,Roadside,1.0,,,,,,6.0,Non-Junction,39.018340473,3,Dark - Lighted,2024-08-24,-76.926230505,W,32.62,F,N,No,,,377F2C8A165346CAF275568C9DD6A9A241F3F3D76D9B085F3E6401F72CC595DE,IS,1,No,25.0,Concrete Traffic Barrier,9.0,Roadside,1.0,Dry,,,No,,,,,,,,,,,,,,,,,,,,,,,,,,,,,,,,,,POINT (-76.92623050500001 39.018340473)
5389,Prince George's,Property Damage Crashes,MSP732800H7,Maryland State Police,Front to Rear,Interstate,No,No,No,No,CAPITAL BELTWAY (SB/L),95.0,INTERSTATE ROUTE,No,True,No,11/12/2024,11/12/2024,7,MSP,3,16,3,No,,Point,07:15,2024,Tuesday,12,Motor Vehicle In Transport,5,On Roadway,1.0,,,,,,6.0,Non-Junction,39.018341667,1,Daylight,2024-11-12,-76.919806667,N,36.92,F,N,No,,,AD63BAB70DAD6CEFD7A26C5E3DF3580F42A326A03044A1E6111FDB1874E92D2D,IS,1,No,,,,,1.0,Dry,,,No,,,,,,,,,,,,,,,,,,,,,,,,,,,,,,,,,,POINT (-76.919806667 39.018341667)
43709,Prince George's,Property Damage Crashes,MSP7701001S,Maryland State Police,"Sideswipe, Same Direction",Interstate,No,No,No,No,CAPITAL BELTWAY (SB/L),95.0,INTERSTATE ROUTE,No,True,No,8/12/2024,8/12/2024,21,MSP,7,16,3,No,,Point,21:38,2024,Monday,12,Motor Vehicle In Transport,5,On Roadway,1.0,,,,,,9.0,Through Roadway,39.018354724,4,Dark - Not Lighted,2024-08-12,-76.917030904,E,19.34,F,N,No,,,224C970F81E5700607863ABC6F46FA4CB29FC33E321222F4BF5D5B8356DF5C6A,IS,1,No,,,,,1.0,Dry,,,No,,,,,,,,,,,,,,,,,,,,,,,,,,,,,,,,,,POINT (-76.917030904 39.018354724)
89504,Prince George's,Property Damage Crashes,MSP7764001X,Maryland State Police,Front to Rear,Interstate,No,No,No,No,CAPITAL BELTWAY (SB/L),95.0,INTERSTATE ROUTE,No,True,No,6/19/2024,6/19/2024,19,MSP,3,16,3,No,,Point,19:27,2024,Wednesday,12,Motor Vehicle In Transport,5,On Roadway,1.0,,,,,,6.0,Non-Junction,39.018368817,1,Daylight,2024-06-19,-76.919983817,E,26.12,F,N,No,,,AD63BAB70DAD6CEFD7A26C5E3DF3580F42A326A03044A1E6111FDB1874E92D2D,IS,1,No,,,,,1.0,Dry,,,No,,,,,,,,,,,,,,,,,,,,,,,,,,,,,,,,,,POINT (-76.919983817 39.018368817)
75356,Prince George's,Property Damage Crashes,MSP61390131,Maryland State Police,"Sideswipe, Same Direction",Interstate,No,No,No,No,CAPITAL BELTWAY (SB/L),95.0,INTERSTATE ROUTE,No,True,No,2/11/2024,2/11/2024,21,MSP,7,16,3,No,,Point,21:07,2024,Sunday,12,Motor Vehicle In Transport,5,On Roadway,1.0,,,,,,9.0,Through Roadway,39.018370982,3,Dark - Lighted,2024-02-11,-76.920516877,W,25.33,F,N,No,,,22FBB088F3A87843D8C036AFC67CBB675BAA8249D56133422801FE8E9D8316F3,IS,1,No,97.0,Not Applicable,,,1.0,Dry,,,No,,,,,,,,,,,,,,,,,,,,,,,,,,,,,,,,,,POINT (-76.920516877 39.018370982)
67383,Prince George's,Property Damage Crashes,MSP6675008W,Maryland State Police,Front to Rear,Interstate,No,No,No,No,CAPITAL BELTWAY (SB/L),95.0,INTERSTATE ROUTE,No,True,No,1/2/2024,1/2/2024,13,MSP,3,16,3,No,,Point,13:24,2024,Tuesday,12,Motor Vehicle In Transport,5,On Roadway,1.0,,,,,,9.0,Through Roadway,39.018373407,1,Daylight,2024-01-02,-76.919688696,N,19.68,F,N,No,,,FA1ED6E93B01B3F26E142F8C44847FE220E507D953FACA3A626827036E45D4CC,IS,1,No,97.0,Not Applicable,,,1.0,Dry,,,No,,,,,,,,,,,,,,,,,,,,,,,,,,,,,,,,,,POINT (-76.91968869599999 39.018373407)
54453,Prince George's,Property Damage Crashes,MSP743900FJ,Maryland State Police,Single Vehicle,Interstate,No,No,No,No,CAPITAL BELTWAY,95.0,INTERSTATE ROUTE,No,True,No,4/6/2024,4/6/2024,3,MSP,101,16,3,No,,Point,03:33,2024,Saturday,36,"Other Post, Pole, Or Support",5,On Roadway,1.0,,101.0,State,,,9.0,Through Roadway,39.018380601,4,Dark - Not Lighted,2024-04-06,-76.924778548,S,25.4,F,N,No,,,8488C5F1D83A049AD34DE17C0DA05A680E499C873E9E2DE863119C0EF6A7B8DB,IS,1,No,,,,,1.0,Dry,,,No,,,,,,,,,,,,,,,,,,,,,,,,,,,,,,,,,,POINT (-76.92477854800001 39.018380601)
1694,Prince George's,Property Damage Crashes,MSP744200PP,Maryland State Police,Front to Rear,Interstate,No,No,No,No,RAMP 1 FR US 1 NB TO IS 95 WB,95.0,RAMP,No,True,No,12/24/2024,12/24/2024,19,MSP,3,16,3,No,,Point,19:15,2024,Tuesday,12,Motor Vehicle In Transport,5,On Roadway,1.0,,,,,,9.0,Through Roadway,39.01838274,4,Dark - Not Lighted,2024-12-24,-76.925985988,E,20.67,F,N,No,,,08D0AB47DC75E47B6DD6360C9BAAE00AF709D328EB83658607B2AC96048CE992,RP,1,No,12.0,Motor Vehicle In Transport,5.0,On Roadway,1.0,Dry,,,No,,,,,,,,,,,,,,,,,,,,,,,,,,,,,,,,,,POINT (-76.92598598799999 39.01838274)
44753,Prince George's,Property Damage Crashes,MSP77640020,Maryland State Police,"Sideswipe, Same Direction",Interstate,No,Yes,No,No,CAPITAL BELTWAY,95.0,INTERSTATE ROUTE,No,True,No,6/21/2024,6/21/2024,16,MSP,7,16,3,No,,Point,16:38,2024,Friday,12,Motor Vehicle In Transport,5,On Roadway,1.0,,,,,,6.0,Non-Junction,39.018389189,1,Daylight,2024-06-21,-76.916872055,N,88.92,F,N,No,,,AAC35782B4757DEC936976467BBD12F9ED70F5B17C914DCABF6D0508083390C8,IS,1,No,,,,,1.0,Dry,,,No,,,,,,,,,,,,,,,,,,,,,,,,,,,,,,,,,,POINT (-76.916872055 39.018389189)
50148,Prince George's,Property Damage Crashes,MSP675100JN,Maryland State Police,Front to Rear,Interstate,No,No,No,No,CAPITAL BELTWAY (SB/L),95.0,INTERSTATE ROUTE,No,True,No,3/1/2024,3/1/2024,9,MSP,3,16,3,No,,Point,09:07,2024,Friday,12,Motor Vehicle In Transport,5,On Roadway,1.0,,,,,,6.0,Non-Junction,39.018395425,1,Daylight,2024-03-01,-76.917080447,W,16.36,F,N,No,,,BE9801D4980C75624ED27E4E145B4E92C1B49288720AABD9D29990121720C5A0,IS,1,No,12.0,Motor Vehicle In Transport,5.0,On Roadway,1.0,Dry,,,No,,,,,,,,,,,,,,,,,,,,,,,,,,,,,,,,,,POINT (-76.917080447 39.018395425)
66413,Prince George's,Property Damage Crashes,MSP78650006,Maryland State Police,"Sideswipe, Same Direction",Interstate,No,No,No,No,CAPITAL BELTWAY (SB/L),95.0,INTERSTATE ROUTE,No,True,No,12/11/2024,12/11/2024,7,MSP,7,16,3,No,,Point,07:26,2024,Wednesday,12,Motor Vehicle In Transport,5,On Roadway,1.0,,,,,,6.0,Non-Junction,39.0184078,1,Daylight,2024-12-11,-76.919035367,N,27.18,F,N,No,,,BD629FA367784CFC2F9F8842EE1945C1F6AD9F4826CD69562A530434E00C458A,IS,1,No,,,,,9.0,Wet,,,No,,,,,,,,,,,,,,,,,,,,,,,,,,,,,,,,,,POINT (-76.91903536700001 39.0184078)
107220,Prince George's,Injury Crashes,MSP745000CB,Maryland State Police,Front to Rear,Interstate,No,No,No,No,CAPITAL BELTWAY (SB/L),95.0,INTERSTATE ROUTE,No,True,No,6/9/2024,6/9/2024,17,MSP,3,16,2,No,,Point,17:58,2024,Sunday,12,Motor Vehicle In Transport,5,On Roadway,1.0,,,,,,9.0,Through Roadway,39.018409333,1,Daylight,2024-06-09,-76.9197875,E,20.0,F,N,No,,,FA1ED6E93B01B3F26E142F8C44847FE220E507D953FACA3A626827036E45D4CC,IS,1,No,12.0,Motor Vehicle In Transport,5.0,On Roadway,1.0,Dry,,,No,,,,,,,,,,,,,,,,,,,,,,,,,,,,,,,,,,POINT (-76.9197875 39.018409333)
98958,Prince George's,Property Damage Crashes,MSP75140044,Maryland State Police,"Sideswipe, Same Direction",Interstate,No,No,No,No,CAPITAL BELTWAY,95.0,INTERSTATE ROUTE,No,True,No,4/17/2024,4/17/2024,12,MSP,7,16,3,No,,Point,12:14,2024,Wednesday,12,Motor Vehicle In Transport,5,On Roadway,1.0,,,,,,6.0,Non-Junction,39.01841291,1,Daylight,2024-04-17,-76.921196701,N,36.27,F,N,No,,,15D8B75128DC7EF6390122275976D193536DDBC3294550404F0BF37D57FCDC6B,IS,1,No,,,,,1.0,Dry,,,No,,,,,,,,,,,,,,,,,,,,,,,,,,,,,,,,,,POINT (-76.921196701 39.01841291)
87277,Prince George's,Property Damage Crashes,MSP75140043,Maryland State Police,Other,Interstate,No,Yes,No,No,CAPITAL BELTWAY,95.0,INTERSTATE ROUTE,No,True,No,4/17/2024,4/17/2024,8,MSP,98,16,3,No,,Point,08:10,2024,Wednesday,12,Motor Vehicle In Transport,5,On Roadway,1.0,,,,,,6.0,Non-Junction,39.018414473,1,Daylight,2024-04-17,-76.922565298,S,17.97,F,N,No,,,2EE7BD10E7B503F753A149E6D448AC33CB6E97BA201E2DAA205005A0B6E5715F,IS,1,No,12.0,Motor Vehicle In Transport,5.0,On Roadway,1.0,Dry,,,No,,,,,,,,,,,,,,,,,,,,,,,,,,,,,,,,,,POINT (-76.92256529799999 39.018414473)
50375,Prince George's,Injury Crashes,MSP75770093,Maryland State Police,Other,Interstate,No,Yes,No,No,CAPITAL BELTWAY,95.0,INTERSTATE ROUTE,No,True,No,3/6/2024,3/6/2024,2,MSP,98,16,2,No,,Point,02:22,2024,Wednesday,15,Parked Vehicle,9,Roadside,1.0,,,,,,9.0,Through Roadway,39.018423617,3,Dark - Lighted,2024-03-06,-76.922005014,W,19.34,F,N,No,,,57278238E64AAB55BB12613ACFB24587AB1A2C2E7B4FC232B54F424A1D58BC6D,IS,1,No,12.0,Motor Vehicle In Transport,9.0,Roadside,1.0,Dry,,,No,,,,,,,,,,,,,,,,,,,,,,,,,,,,,,,,,,POINT (-76.92200501400001 39.018423617)
7896,Prince George's,Property Damage Crashes,MSP75770086,Maryland State Police,Front to Rear,Interstate,Yes,No,No,No,CAPITAL BELTWAY (SB/L),95.0,INTERSTATE ROUTE,No,True,No,1/12/2024,1/12/2024,23,MSP,3,16,3,No,,Point,23:55,2024,Friday,12,Motor Vehicle In Transport,5,On Roadway,1.0,,,,,,6.0,Non-Junction,39.018424257,3,Dark - Lighted,2024-01-12,-76.919408937,E,20.61,F,N,No,,,42894DE64B362E6D5499AD77D0B5822778130F7578908293D25284D9489A7B04,IS,1,No,97.0,Not Applicable,,,9.0,Wet,,,No,,,,,,,,,,,,,,,,,,,,,,,,,,,,,,,,,,POINT (-76.919408937 39.018424257)
89583,Prince George's,Property Damage Crashes,MSP7865000G,Maryland State Police,Front to Rear,Interstate,No,Yes,No,No,CAPITAL BELTWAY (SB/L),95.0,INTERSTATE ROUTE,No,True,No,12/13/2024,12/13/2024,14,MSP,3,16,3,No,,Point,14:52,2024,Friday,12,Motor Vehicle In Transport,5,On Roadway,1.0,,,,,,6.0,Non-Junction,39.0184283,1,Daylight,2024-12-13,-76.9193253,E,49.28,F,N,No,,,8A67B526FD9422C6C101DE56438E2C76C3B01254C7F3F8BD326178B06D489F5D,IS,1,No,,,,,1.0,Dry,,,No,,,,,,,,,,,,,,,,,,,,,,,,,,,,,,,,,,POINT (-76.9193253 39.0184283)
52532,Prince George's,Property Damage Crashes,MSP73950072,Maryland State Police,"Sideswipe, Same Direction",Interstate,No,Yes,No,No,CAPITAL BELTWAY,95.0,INTERSTATE ROUTE,No,True,No,10/8/2024,10/8/2024,22,MSP,7,16,3,No,,Point,22:35,2024,Tuesday,12,Motor Vehicle In Transport,5,On Roadway,1.0,,,,,,6.0,Non-Junction,39.018441249,3,Dark - Lighted,2024-10-08,-76.92051,N,57.08,F,N,No,,,439CD53021A05DB4D9EA242043375C945BCD71F65AC9D24F8AFB57C0A42F3A58,IS,1,No,,,,,1.0,Dry,,,No,,,,,,,,,,,,,,,,,,,,,,,,,,,,,,,,,,POINT (-76.92050999999999 39.018441249)
65333,Prince George's,Property Damage Crashes,MSP74530091,Maryland State Police,Front to Rear,Interstate,No,No,No,No,CAPITAL BELTWAY (SB/L),95.0,INTERSTATE ROUTE,No,True,No,8/3/2024,8/3/2024,22,MSP,3,16,3,No,,Point,22:38,2024,Saturday,12,Motor Vehicle In Transport,5,On Roadway,1.0,,,,,,6.0,Non-Junction,39.018442301,4,Dark - Not Lighted,2024-08-03,-76.919677449,E,41.39,F,N,No,,,CBC8EB5B224A2C5AE6ECD09BEF1C75ACA3B64F48A66EF429BA803D1D7A195317,IS,1,No,12.0,Motor Vehicle In Transport,5.0,On Roadway,1.0,Dry,,,No,,,,,,,,,,,,,,,,,,,,,,,,,,,,,,,,,,POINT (-76.91967744900001 39.018442301)
9711,Prince George's,Property Damage Crashes,MSP657700D5,Maryland State Police,"Sideswipe, Same Direction",Interstate,No,No,No,No,CAPITAL BELTWAY,95.0,INTERSTATE ROUTE,No,True,No,11/7/2024,11/7/2024,7,MSP,7,16,3,No,,Point,07:21,2024,Thursday,12,Motor Vehicle In Transport,5,On Roadway,1.0,,,,,,6.0,Non-Junction,39.018445263,1,Daylight,2024-11-07,-76.926818846,W,33.9,F,N,No,,,CC41B96C0BDBBC92E5D90A653A3F11BCC911BE6C3A47DF0BE3A1A60D22B8E73B,IS,1,No,97.0,Not Applicable,,,1.0,Dry,,,No,,,,,,,,,,,,,,,,,,,,,,,,,,,,,,,,,,POINT (-76.926818846 39.018445263)
99751,Prince George's,Property Damage Crashes,MSP7395004V,Maryland State Police,Front to Rear,Interstate,No,No,No,No,CAPITAL BELTWAY (SB/L),95.0,INTERSTATE ROUTE,No,True,No,5/22/2024,5/22/2024,6,MSP,3,16,3,No,,Point,06:22,2024,Wednesday,12,Motor Vehicle In Transport,5,On Roadway,1.0,,,,,,6.0,Non-Junction,39.018449105,1,Daylight,2024-05-22,-76.917944426,W,24.95,F,N,No,,,1A865EB0EE193486DD1243D54996156CC99F1F328B0AEC36312679BC1DDA5B0E,IS,1,No,,,,,1.0,Dry,,,No,,,,,,,,,,,,,,,,,,,,,,,,,,,,,,,,,,POINT (-76.91794442600001 39.018449105)
76065,Prince George's,Injury Crashes,MSP743900FC,Maryland State Police,Front to Rear,Interstate,No,No,No,No,CAPITAL BELTWAY (SB/L),95.0,INTERSTATE ROUTE,No,True,No,3/30/2024,3/30/2024,20,MSP,3,16,2,Yes,,Point,20:02,2024,Saturday,12,Motor Vehicle In Transport,5,On Roadway,1.0,,,,,,9.0,Through Roadway,39.018458333,4,Dark - Not Lighted,2024-03-30,-76.91697,S,31.09,F,N,No,,,224C970F81E5700607863ABC6F46FA4CB29FC33E321222F4BF5D5B8356DF5C6A,IS,1,No,,,,,1.0,Dry,,,No,,,,,,,,,,,,,,,,,,,,,,,,,,,,,,,,,,POINT (-76.91697000000001 39.018458333)
63473,Prince George's,Property Damage Crashes,MSP77760023,Maryland State Police,Front to Rear,Interstate,No,No,No,No,CAPITAL BELTWAY (SB/L),95.0,INTERSTATE ROUTE,No,True,No,9/4/2024,9/4/2024,9,MSP,3,16,3,No,,Point,09:55,2024,Wednesday,12,Motor Vehicle In Transport,5,On Roadway,1.0,,,,,,6.0,Non-Junction,39.018462063,1,Daylight,2024-09-04,-76.919256558,W,25.45,F,N,No,,,42894DE64B362E6D5499AD77D0B5822778130F7578908293D25284D9489A7B04,IS,1,No,,,,,1.0,Dry,,,No,,,,,,,,,,,,,,,,,,,,,,,,,,,,,,,,,,POINT (-76.919256558 39.018462063)
50204,Prince George's,Property Damage Crashes,MSP743900J8,Maryland State Police,Front to Rear,Interstate,No,Yes,No,No,CAPITAL BELTWAY (SB/L),95.0,INTERSTATE ROUTE,No,True,No,10/8/2024,10/8/2024,6,MSP,3,16,3,No,,Point,06:35,2024,Tuesday,12,Motor Vehicle In Transport,5,On Roadway,1.0,,,,,,9.0,Through Roadway,39.018472695,3,Dark - Lighted,2024-10-08,-76.918058368,E,62.16,F,N,No,,,C0101D7155E5BB1696F18A6042A573B5F5D0DCE348918B5C7F67FD696F435E6A,IS,1,No,,,,,1.0,Dry,,,No,,,,,,,,,,,,,,,,,,,,,,,,,,,,,,,,,,POINT (-76.918058368 39.018472695)
60863,Prince George's,Property Damage Crashes,MSP7681009P,Maryland State Police,Front to Rear,Interstate,No,No,No,No,CAPITAL BELTWAY,95.0,INTERSTATE ROUTE,No,True,No,11/28/2024,11/28/2024,13,MSP,3,16,3,No,,Point,13:58,2024,Thursday,12,Motor Vehicle In Transport,5,On Roadway,1.0,,,,,,9.0,Through Roadway,39.018478567,1,Daylight,2024-11-28,-76.9233173,S,68.1,F,N,No,,,E1E5B213958EFFD662C78CD6BBEE817CC8DECE4EEA706F09D6D4B42D437A3285,IS,1,No,40.0,Tree (standing),7.0,"On Shoulder, Right Side",1.0,Dry,,,No,,,,,,,,,,,,,,,,,,,,,,,,,,,,,,,,,,POINT (-76.92331729999999 39.018478567)
82363,Prince George's,Property Damage Crashes,DA306200DD,Prince George's County Police,Front to Rear,Interstate,No,No,No,No,CAPITAL BELTWAY (SB/L),95.0,INTERSTATE ROUTE,No,True,No,10/23/2024,10/23/2024,10,PGCOPD,3,16,3,No,,Point,10:30,2024,Wednesday,12,Motor Vehicle In Transport,5,On Roadway,1.0,,,,,,6.0,Non-Junction,39.018481456,1,Daylight,2024-10-23,-76.918178146,S,16.02,F,N,No,,,18700711EF4B5F37A466FC8071EB51B4CAB64AB97761D9730867AFAEF6A23062,IS,1,No,,,,,1.0,Dry,,,No,,,,,,,,,,,,,,,,,,,,,,,,,,,,,,,,,,POINT (-76.918178146 39.018481456)
106347,Prince George's,Injury Crashes,MSP7339003K,Maryland State Police,Rear To Rear,Interstate,No,No,No,No,CAPITAL BELTWAY (SB/L),95.0,INTERSTATE ROUTE,No,True,No,1/13/2024,1/13/2024,0,MSP,4,16,2,No,,Point,00:05,2024,Saturday,12,Motor Vehicle In Transport,5,On Roadway,1.0,,101.0,State,,,9.0,Through Roadway,39.0184903,3,Dark - Lighted,2024-01-13,-76.919684333,E,47.59,F,N,No,,,CBC8EB5B224A2C5AE6ECD09BEF1C75ACA3B64F48A66EF429BA803D1D7A195317,IS,1,No,25.0,Concrete Traffic Barrier,3.0,Median,9.0,Wet,,,No,,,,,,,,,,,,,,,,,,,,,,,,,,,,,,,,,,POINT (-76.91968433300001 39.0184903)
68713,Prince George's,Property Damage Crashes,MSP693800M5,Maryland State Police,"Sideswipe, Same Direction",Interstate,No,Yes,No,No,RAMP 7 FR IS 95 WB TO US 1 SB,95.0,RAMP,No,True,No,11/8/2024,11/8/2024,14,MSP,7,16,3,No,,Point,14:56,2024,Friday,12,Motor Vehicle In Transport,5,On Roadway,1.0,,,,,,6.0,Non-Junction,39.018495371,1,Daylight,2024-11-08,-76.921799301,N,5.43,F,N,No,,,8A7023A5AC32C99DE54E134E2E231C99E5005E94403A033DFB7E484127C4BBEF,RP,1,No,,,,,1.0,Dry,,,No,,,,,,,,,,,,,,,,,,,,,,,,,,,,,,,,,,POINT (-76.92179930099999 39.018495371)
51672,Prince George's,Property Damage Crashes,MSP75520056,Maryland State Police,"Sideswipe, Same Direction",Interstate,No,No,No,No,RAMP 7 FR IS 95 WB TO US 1 SB,95.0,RAMP,No,True,No,4/30/2024,4/30/2024,15,MSP,7,16,3,No,,Point,15:55,2024,Tuesday,12,Motor Vehicle In Transport,5,On Roadway,1.0,,,,,,6.0,Non-Junction,39.018509,1,Daylight,2024-04-30,-76.921327229,E,18.54,F,N,No,,,4C3633AE958D8055A8FC27CF04A9A2527961B80A502FCFF52E55650B59979632,RP,1,No,,,,,1.0,Dry,,,No,,,,,,,,,,,,,,,,,,,,,,,,,,,,,,,,,,POINT (-76.921327229 39.018509)
90176,Prince George's,Property Damage Crashes,MSP7514006R,Maryland State Police,Front to Rear,Interstate,Yes,No,No,No,CAPITAL BELTWAY,95.0,INTERSTATE ROUTE,Yes,True,No,12/7/2024,12/7/2024,18,MSP,3,16,3,No,,Point,18:41,2024,Saturday,12,Motor Vehicle In Transport,5,On Roadway,1.0,,,,,,6.0,Non-Junction,39.018551922,3,Dark - Lighted,2024-12-07,-76.920646098,E,51.08,F,N,No,,,FE3B93C020685C30D06FF92B1ACE93363EBCD429D4E159B747FC4AE073FB5F9F,IS,1,No,,,,,1.0,Dry,,,No,,,,,,,,,,,,,,,,,,,,,,,,,,,,,,,,,,POINT (-76.92064609800001 39.018551922)
11957,Prince George's,Injury Crashes,MSP741900CR,Maryland State Police,"Sideswipe, Same Direction",Interstate,No,No,No,No,CAPITAL BELTWAY (SB/L),95.0,INTERSTATE ROUTE,No,True,No,12/26/2024,12/26/2024,7,MSP,7,16,2,No,,Point,07:38,2024,Thursday,12,Motor Vehicle In Transport,5,On Roadway,1.0,,,,,,6.0,Non-Junction,39.01856,1,Daylight,2024-12-26,-76.928473333,S,37.11,F,N,No,,,EEE4F9D062C17E57BB106E7A67EF5F22ED8D78EFC07CBA0059A593D1EA56098A,IS,1,No,25.0,Concrete Traffic Barrier,9.0,Roadside,1.0,Dry,,,No,,,,,,,,,,,,,,,,,,,,,,,,,,,,,,,,,,POINT (-76.928473333 39.01856)
97027,Prince George's,Injury Crashes,MSP75140055,Maryland State Police,Front to Rear,Interstate,No,No,No,No,CAPITAL BELTWAY,95.0,INTERSTATE ROUTE,No,True,No,8/2/2024,8/2/2024,21,MSP,3,16,2,No,,Point,21:08,2024,Friday,12,Motor Vehicle In Transport,5,On Roadway,1.0,,,,,,6.0,Non-Junction,39.018560109,5,Dark - Unknown Lighting,2024-08-02,-76.920675352,W,41.19,F,N,No,,,5742EB39B8A572610DEA827502EDB8B3EB5856386A1B72BD5320B57B26842F12,IS,1,No,,,,,1.0,Dry,,,No,,,,,,,,,,,,,,,,,,,,,,,,,,,,,,,,,,POINT (-76.920675352 39.018560109)
106248,Prince George's,Property Damage Crashes,MSP7764003M,Maryland State Police,Front to Rear,Principal Arterial – Other,No,No,No,No,BALTIMORE AVE,1.0,UNITED STATE ROUTE,No,True,No,8/25/2024,8/25/2024,13,MSP,3,16,3,No,,Point,13:31,2024,Sunday,12,Motor Vehicle In Transport,5,On Roadway,3.0,,,,,,6.0,Non-Junction,39.018574036,1,Daylight,2024-08-25,-76.926403331,N,20.28,F,N,No,,,1F9168FE355502CCAA97842DFB8F4D8B51754CDC3927B6EC2D9497F6EB4F9BF7,US,1,No,,,,,1.0,Dry,,,No,,,,,,,,,,,,,,,,,,,,,,,,,,,,,,,,,,POINT (-76.926403331 39.018574036)
22936,Prince George's,Property Damage Crashes,MSP7577008J,Maryland State Police,"Sideswipe, Same Direction",Interstate,No,No,No,No,CAPITAL BELTWAY,95.0,INTERSTATE ROUTE,No,True,No,2/8/2024,2/8/2024,0,MSP,7,16,3,No,,Point,00:12,2024,Thursday,12,Motor Vehicle In Transport,5,On Roadway,1.0,,,,RAMP 7 FR IS 95 WB TO US 1 SB,,9.0,Through Roadway,39.018578107,3,Dark - Lighted,2024-02-08,-76.9208895,S,35.81,F,N,No,,,F8B8E5B2D712F34FA2A132B50BB3CF25DC3659FED8F4520E5F8A708BB91DAB35,IS,1,No,97.0,Not Applicable,,,1.0,Dry,,,No,,,,,,,,,,,,,,,,,,,,,,,,,,,,,,,,,,POINT (-76.9208895 39.018578107)
91333,Prince George's,Injury Crashes,MSP7395005R,Maryland State Police,Front to Rear,Interstate,No,No,No,No,CAPITAL BELTWAY,95.0,INTERSTATE ROUTE,No,True,No,7/18/2024,7/18/2024,18,MSP,3,16,2,No,,Point,18:06,2024,Thursday,12,Motor Vehicle In Transport,5,On Roadway,1.0,,,,,,6.0,Non-Junction,39.018579379,1,Daylight,2024-07-18,-76.920701178,E,18.02,F,N,No,,,439CD53021A05DB4D9EA242043375C945BCD71F65AC9D24F8AFB57C0A42F3A58,IS,1,No,,,,,1.0,Dry,,,No,,,,,,,,,,,,,,,,,,,,,,,,,,,,,,,,,,POINT (-76.920701178 39.018579379)
9037,Prince George's,Property Damage Crashes,MSP741900C3,Maryland State Police,Single Vehicle,Interstate,Yes,No,No,No,RAMP 7 FR IS 95 WB TO US 1 SB,95.0,RAMP,No,True,No,11/25/2024,11/25/2024,1,MSP,101,16,3,No,,Point,01:54,2024,Monday,7,Overturn/Rollover,9,Roadside,1.0,,,,,,4.0,Entrance/Exit Ramp or Related,39.018586667,3,Dark - Lighted,2024-11-25,-76.923745,E,18.12,F,N,No,,,064482A7D319BBEB607533FED3742D18DB08E0F794C03EE72ED2E0ADDEF29111,RP,1,No,,,,,1.0,Dry,,,No,,,,,,,,,,,,,,,,,,,,,,,,,,,,,,,,,,POINT (-76.923745 39.018586667)
39038,Prince George's,Property Damage Crashes,MSP7453003Z,Maryland State Police,"Sideswipe, Same Direction",Interstate,No,No,No,No,CAPITAL BELTWAY,95.0,INTERSTATE ROUTE,No,True,No,2/8/2024,2/8/2024,21,MSP,7,16,3,No,,Point,21:50,2024,Thursday,12,Motor Vehicle In Transport,5,On Roadway,1.0,,101.0,State,,,6.0,Non-Junction,39.018604188,4,Dark - Not Lighted,2024-02-08,-76.920677377,S,19.31,F,N,No,,,439CD53021A05DB4D9EA242043375C945BCD71F65AC9D24F8AFB57C0A42F3A58,IS,1,No,32.0,Guardrail Face,7.0,"On Shoulder, Right Side",1.0,Dry,,,No,,,,,,,,,,,,,,,,,,,,,,,,,,,,,,,,,,POINT (-76.920677377 39.018604188)
6097,Prince George's,Property Damage Crashes,MSP744200MC,Maryland State Police,Front to Rear,Interstate,No,No,No,No,CAPITAL BELTWAY,95.0,INTERSTATE ROUTE,No,True,No,9/10/2024,9/10/2024,6,MSP,3,16,3,No,,Point,06:02,2024,Tuesday,12,Motor Vehicle In Transport,5,On Roadway,1.0,,101.0,State,,,9.0,Through Roadway,39.018613209,4,Dark - Not Lighted,2024-09-10,-76.917201803,W,33.38,F,N,No,,,5B9657D6172D1B99EC46D480CB26DB7800AD6A6A798CFC39E717CB5A5F3249A1,IS,1,No,7.0,Overturn/Rollover,5.0,On Roadway,1.0,Dry,,,No,,,,,,,,,,,,,,,,,,,,,,,,,,,,,,,,,,POINT (-76.917201803 39.018613209)
88646,Prince George's,Property Damage Crashes,MSP7514005C,Maryland State Police,Single Vehicle,Interstate,No,No,No,No,CAPITAL BELTWAY,95.0,INTERSTATE ROUTE,No,True,No,8/28/2024,8/28/2024,22,MSP,101,16,3,No,,Point,22:12,2024,Wednesday,25,Concrete Traffic Barrier,3,Median,1.0,,,,,,6.0,Non-Junction,39.018613333,5,Dark - Unknown Lighting,2024-08-28,-76.918803333,W,30.86,F,N,No,,,8C7F10C506CD924DFA1B483BB03608D9DA93621906C803A5750749DAFB7991BE,IS,1,No,,,,,1.0,Dry,,,No,,,,,,,,,,,,,,,,,,,,,,,,,,,,,,,,,,POINT (-76.918803333 39.018613333)
21844,Prince George's,Property Damage Crashes,MSP743900FS,Maryland State Police,"Sideswipe, Same Direction",Interstate,No,No,No,No,CAPITAL BELTWAY,95.0,INTERSTATE ROUTE,No,True,No,4/23/2024,4/23/2024,18,MSP,7,16,3,No,,Point,18:28,2024,Tuesday,12,Motor Vehicle In Transport,5,On Roadway,1.0,,100.0,Local,,,9.0,Through Roadway,39.018615,1,Daylight,2024-04-23,-76.919353333,E,33.9,F,N,No,,,A07DFF6D9D3A0E20A19ABA620B0976D6912A09E019263897FF3F48728DDB894D,IS,1,No,,,,,1.0,Dry,,,No,,,,,,,,,,,,,,,,,,,,,,,,,,,,,,,,,,POINT (-76.919353333 39.018615)
65649,Prince George's,Property Damage Crashes,MSP627500SV,Maryland State Police,Front to Rear,Interstate,No,No,No,No,CAPITAL BELTWAY,95.0,INTERSTATE ROUTE,No,True,No,9/10/2024,9/10/2024,7,MSP,3,16,3,No,,Point,07:04,2024,Tuesday,12,Motor Vehicle In Transport,5,On Roadway,1.0,,,,,,9.0,Through Roadway,39.01863,1,Daylight,2024-09-10,-76.91645,S,41.16,F,N,No,,,924CD6B03C087D443A2FB8C9943CDBED5ED1F2F3F5B96BEC9D557EB8619D20DB,IS,1,No,97.0,Not Applicable,,,1.0,Dry,,,No,,,,,,,,,,,,,,,,,,,,,,,,,,,,,,,,,,POINT (-76.91645 39.01863)
38783,Prince George's,Property Damage Crashes,MSP7514004M,Maryland State Police,Other,Interstate,No,No,No,No,CAPITAL BELTWAY,95.0,INTERSTATE ROUTE,No,True,No,6/13/2024,6/13/2024,15,MSP,98,16,3,No,,Point,15:23,2024,Thursday,12,Motor Vehicle In Transport,5,On Roadway,1.0,,,,,,6.0,Non-Junction,39.018631378,1,Daylight,2024-06-13,-76.919326866,W,26.99,F,N,No,,,D57880397811724B70E1ADC1D0A4F54AD09D1E8BA0B18D3FE22F4F558C737FA5,IS,1,No,,,,,1.0,Dry,,,No,,,,,,,,,,,,,,,,,,,,,,,,,,,,,,,,,,POINT (-76.91932686600001 39.018631378)
65046,Prince George's,Property Damage Crashes,MSP744200MB,Maryland State Police,Front to Rear,Interstate,No,No,No,No,CAPITAL BELTWAY,95.0,INTERSTATE ROUTE,No,True,No,9/8/2024,9/8/2024,6,MSP,3,16,3,No,,Point,06:13,2024,Sunday,12,Motor Vehicle In Transport,5,On Roadway,1.0,,101.0,State,,,9.0,Through Roadway,39.018635076,1,Daylight,2024-09-08,-76.91744139,W,15.42,F,N,No,,,379B9289C2A2F85DCDE563653A8421E1F95776E950F289DD48721BD76A7F9B50,IS,1,No,32.0,Guardrail Face,7.0,"On Shoulder, Right Side",1.0,Dry,,,No,,,,,,,,,,,,,,,,,,,,,,,,,,,,,,,,,,POINT (-76.91744138999999 39.018635076)
2737,Prince George's,Property Damage Crashes,MSP743900L2,Maryland State Police,Single Vehicle,Interstate,No,No,No,No,CAPITAL BELTWAY,95.0,INTERSTATE ROUTE,No,True,No,12/13/2024,12/13/2024,4,MSP,101,16,3,No,,Point,04:25,2024,Friday,32,Guardrail Face,9,Roadside,1.0,,,,,,9.0,Through Roadway,39.018648296,4,Dark - Not Lighted,2024-12-13,-76.918448649,W,27.48,F,N,No,,,5A985DFBCDF48A402D467F2D68E83EAACAD006EBBDFABEC9DBCF1D8ADBBD1B0C,IS,1,No,,,,,1.0,Dry,,,No,,,,,,,,,,,,,,,,,,,,,,,,,,,,,,,,,,POINT (-76.918448649 39.018648296)
102323,Prince George's,Injury Crashes,MSP745000HD,Maryland State Police,"Sideswipe, Same Direction",Interstate,No,No,No,No,CAPITAL BELTWAY,95.0,INTERSTATE ROUTE,No,True,No,11/23/2024,11/23/2024,8,MSP,7,16,2,No,,Point,08:51,2024,Saturday,12,Motor Vehicle In Transport,5,On Roadway,1.0,,,,,,9.0,Through Roadway,39.018662697,1,Daylight,2024-11-23,-76.919107932,E,10.82,F,N,No,,,61D76BBCB099F14AF52FBAB808F7E043FAAFB0ECC7E34FBDAC13EDCCA2616198,IS,1,No,7.0,Overturn/Rollover,5.0,On Roadway,1.0,Dry,,,No,,,,,,,,,,,,,,,,,,,,,,,,,,,,,,,,,,POINT (-76.919107932 39.018662697)
6054,Prince George's,Property Damage Crashes,MSP675100KM,Maryland State Police,Single Vehicle,Interstate,No,Yes,No,No,CAPITAL BELTWAY,95.0,INTERSTATE ROUTE,No,True,No,12/16/2024,12/16/2024,20,MSP,101,16,3,No,,Point,20:41,2024,Monday,3,Explosion Or Fire,5,On Roadway,1.0,,,,,,6.0,Non-Junction,39.018664261,4,Dark - Not Lighted,2024-12-16,-76.918000159,S,7.0,F,N,No,,,0425BC7817000B4C038B444B73DE01652E5388C597AA349D75E59B8C6A3EF81C,IS,1,No,,,,,1.0,Dry,,,No,,,,,,,,,,,,,,,,,,,,,,,,,,,,,,,,,,POINT (-76.918000159 39.018664261)
87860,Prince George's,Property Damage Crashes,MSP732800CD,Maryland State Police,Single Vehicle,Interstate,No,No,No,No,CAPITAL BELTWAY,95.0,INTERSTATE ROUTE,No,True,No,1/10/2024,1/10/2024,5,MSP,101,16,3,No,,Point,05:03,2024,Wednesday,25,Concrete Traffic Barrier,3,Median,1.0,,101.0,State,,,6.0,Non-Junction,39.018664961,3,Dark - Lighted,2024-01-10,-76.919099814,E,8.66,F,N,No,,,61D76BBCB099F14AF52FBAB808F7E043FAAFB0ECC7E34FBDAC13EDCCA2616198,IS,1,No,97.0,Not Applicable,,,9.0,Wet,,,No,,,,,,,,,,,,,,,,,,,,,,,,,,,,,,,,,,POINT (-76.91909981400001 39.018664961)
11787,Prince George's,Property Damage Crashes,MSP7395002T,Maryland State Police,Front to Rear,Interstate,No,No,No,No,CAPITAL BELTWAY,95.0,INTERSTATE ROUTE,No,True,No,1/24/2024,1/24/2024,15,MSP,3,16,3,No,,Point,15:33,2024,Wednesday,12,Motor Vehicle In Transport,5,On Roadway,1.0,,,,,,6.0,Non-Junction,39.018672827,1,Daylight,2024-01-24,-76.919513613,W,26.2,F,N,No,,,EAA8BA6D1419AED63F53BDB30D3B93DBB1E1B44EA157E51FAB124CD422C652F6,IS,1,No,97.0,Not Applicable,,,1.0,Dry,,,No,,,,,,,,,,,,,,,,,,,,,,,,,,,,,,,,,,POINT (-76.91951361300001 39.018672827)
5034,Prince George's,Injury Crashes,MSP7453003C,Maryland State Police,Front to Rear,Interstate,No,No,No,No,CAPITAL BELTWAY (SB/L),95.0,INTERSTATE ROUTE,No,True,No,1/1/2024,1/1/2024,2,MSP,3,16,2,No,,Point,02:18,2024,Monday,12,Motor Vehicle In Transport,5,On Roadway,1.0,,101.0,State,,,6.0,Non-Junction,39.018681416,4,Dark - Not Lighted,2024-01-01,-76.929242966,S,43.56,F,N,No,,,BE315DA1B087FF6BD977A0F6A8BBCBD6831FBA5C834B8ED9CEDF33466A681556,IS,1,No,25.0,Concrete Traffic Barrier,3.0,Median,1.0,Dry,,,No,,,,,,,,,,,,,,,,,,,,,,,,,,,,,,,,,,POINT (-76.929242966 39.018681416)
96899,Prince George's,Injury Crashes,MSP7453008Y,Maryland State Police,"Sideswipe, Same Direction",Interstate,Yes,No,No,No,CAPITAL BELTWAY,95.0,INTERSTATE ROUTE,No,True,No,8/2/2024,8/2/2024,19,MSP,7,16,2,No,,Point,19:50,2024,Friday,12,Motor Vehicle In Transport,5,On Roadway,1.0,,101.0,State,,,6.0,Non-Junction,39.018696667,4,Dark - Not Lighted,2024-08-02,-76.920563333,S,47.26,F,N,No,,,E5D6BD41BF289A0EDD9D95F74D3C6F9D0519CB32269FA3134682901D35E0B5B3,IS,1,No,12.0,Motor Vehicle In Transport,5.0,On Roadway,1.0,Dry,,,No,,,,,,,,,,,,,,,,,,,,,,,,,,,,,,,,,,POINT (-76.920563333 39.018696667)
53477,Prince George's,Property Damage Crashes,MSP743900G3,Maryland State Police,Single Vehicle,Interstate,No,No,No,No,CAPITAL BELTWAY,95.0,INTERSTATE ROUTE,No,True,No,5/4/2024,5/4/2024,23,MSP,101,16,3,No,,Point,23:44,2024,Saturday,25,Concrete Traffic Barrier,9,Roadside,1.0,,,,,,9.0,Through Roadway,39.018705747,4,Dark - Not Lighted,2024-05-04,-76.928605214,E,9.74,F,N,No,,,E2096898DC86205E0260EB14D283DABA5FD543B23AB877258844333BB3E8287C,IS,1,No,,,,,9.0,Wet,,,No,,,,,,,,,,,,,,,,,,,,,,,,,,,,,,,,,,POINT (-76.928605214 39.018705747)
62499,Prince George's,Injury Crashes,MSP743900GZ,Maryland State Police,"Sideswipe, Same Direction",Interstate,No,Yes,No,No,CAPITAL BELTWAY,95.0,INTERSTATE ROUTE,Yes,True,No,7/7/2024,7/7/2024,15,MSP,7,16,2,No,,Point,15:59,2024,Sunday,12,Motor Vehicle In Transport,5,On Roadway,1.0,,101.0,State,,,4.0,Entrance/Exit Ramp or Related,39.018721995,1,Daylight,2024-07-07,-76.926925085,S,99.14,F,N,No,,,CC41B96C0BDBBC92E5D90A653A3F11BCC911BE6C3A47DF0BE3A1A60D22B8E73B,IS,1,No,25.0,Concrete Traffic Barrier,9.0,Roadside,1.0,Dry,,,No,,,,,,,,,,,,,,,,,,,,,,,,,,,,,,,,,,POINT (-76.92692508499999 39.018721995)
45494,Prince George's,Property Damage Crashes,MSP743900HK,Maryland State Police,Front to Rear,Interstate,No,No,No,No,CAPITAL BELTWAY,95.0,INTERSTATE ROUTE,No,True,No,8/27/2024,8/27/2024,14,MSP,3,16,3,No,,Point,14:27,2024,Tuesday,12,Motor Vehicle In Transport,5,On Roadway,1.0,,,,,,9.0,Through Roadway,39.018723333,1,Daylight,2024-08-27,-76.927771667,S,59.26,F,N,No,,,D6A5A7B11CCFFB71DF38FE8789799D0231F844E87F15EF16F2B56E9298AF6843,IS,1,No,,,,,1.0,Dry,,,No,,,,,,,,,,,,,,,,,,,,,,,,,,,,,,,,,,POINT (-76.927771667 39.018723333)
1603,Prince George's,Injury Crashes,MSP7514004X,Maryland State Police,Other,Interstate,No,No,No,No,CAPITAL BELTWAY,95.0,INTERSTATE ROUTE,No,True,No,6/30/2024,6/30/2024,11,MSP,98,16,2,No,,Point,11:31,2024,Sunday,12,Motor Vehicle In Transport,5,On Roadway,1.0,,,,,,6.0,Non-Junction,39.018728814,1,Daylight,2024-06-30,-76.918479408,S,30.77,F,N,No,,,5A985DFBCDF48A402D467F2D68E83EAACAD006EBBDFABEC9DBCF1D8ADBBD1B0C,IS,1,No,,,,,1.0,Dry,,,No,,,,,,,,,,,,,,,,,,,,,,,,,,,,,,,,,,POINT (-76.918479408 39.018728814)
73522,Prince George's,Property Damage Crashes,MSP743900G4,Maryland State Police,Front to Rear,Interstate,No,No,No,No,CAPITAL BELTWAY,95.0,INTERSTATE ROUTE,No,True,No,5/4/2024,5/4/2024,23,MSP,3,16,3,No,,Point,23:14,2024,Saturday,12,Motor Vehicle In Transport,5,On Roadway,1.0,,,,,,9.0,Through Roadway,39.018738152,4,Dark - Not Lighted,2024-05-04,-76.928495263,W,24.86,F,N,No,,,E2096898DC86205E0260EB14D283DABA5FD543B23AB877258844333BB3E8287C,IS,1,No,,,,,9.0,Wet,,,No,,,,,,,,,,,,,,,,,,,,,,,,,,,,,,,,,,POINT (-76.928495263 39.018738152)
63407,Prince George's,Injury Crashes,MSP7778001Y,Maryland State Police,Front to Rear,Principal Arterial – Other,No,No,No,No,BALTIMORE AVE (SB/L),1.0,UNITED STATE ROUTE,No,True,No,6/23/2024,6/23/2024,14,MSP,3,16,2,No,,Point,14:18,2024,Sunday,12,Motor Vehicle In Transport,5,On Roadway,3.0,,,,,,9.0,Through Roadway,39.018771817,1,Daylight,2024-06-23,-76.926526933,N,36.37,F,N,No,,,773AF640BCF17C17C719FFEAFE49141401A6AC93D541E24FA93F4DCFC908FEBA,US,1,No,,,,,1.0,Dry,,,No,,,,,,,,,,,,,,,,,,,,,,,,,,,,,,,,,,POINT (-76.92652693300001 39.018771817)
18947,Prince George's,Property Damage Crashes,MSP657700DC,Maryland State Police,Single Vehicle,Interstate,Yes,No,No,No,RAMP 7 FR IS 95 WB TO US 1 SB,95.0,RAMP,No,True,No,11/24/2024,11/24/2024,22,MSP,101,16,3,No,,Point,22:52,2024,Sunday,32,Guardrail Face,6,"On Shoulder, Left Side",1.0,,101.0,State,,,4.0,Entrance/Exit Ramp or Related,39.018791877,3,Dark - Lighted,2024-11-24,-76.924146464,S,9.96,F,N,No,,,F073EB7631E32934C206EFD37CA5F4813B2F4AEF14EDBD567985ED17EDB2C58A,RP,1,No,,,,,1.0,Dry,,,No,,,,,,,,,,,,,,,,,,,,,,,,,,,,,,,,,,POINT (-76.924146464 39.018791877)
37584,Prince George's,Property Damage Crashes,MSP77780062,Maryland State Police,Single Vehicle,Principal Arterial – Other,Yes,No,No,No,BALTIMORE AVE,1.0,UNITED STATE ROUTE,No,True,No,11/22/2024,11/22/2024,23,MSP,101,16,3,No,,Point,23:08,2024,Friday,25,Concrete Traffic Barrier,9,Roadside,3.0,,,,,,9.0,Through Roadway,39.018830358,4,Dark - Not Lighted,2024-11-22,-76.926299405,N,18.06,F,N,No,,,7D042E5F492C45FF85EA88169044BD8EA57EA4CF4C28519E62A2EC52D3F34EC6,US,1,No,,,,,1.0,Dry,,,No,,,,,,,,,,,,,,,,,,,,,,,,,,,,,,,,,,POINT (-76.92629940499999 39.018830358)
52827,Prince George's,Injury Crashes,MSP7395005X,Maryland State Police,Front to Rear,Interstate,No,No,No,No,CAPITAL BELTWAY,95.0,INTERSTATE ROUTE,No,True,No,8/6/2024,8/6/2024,7,MSP,3,16,2,No,,Point,07:26,2024,Tuesday,12,Motor Vehicle In Transport,5,On Roadway,1.0,,,,,,6.0,Non-Junction,39.018853392,1,Daylight,2024-08-06,-76.929730342,N,38.35,F,N,No,,,2D9AED4173B08D4CC110973261BF90FEF8F8D905330FC6DF8FCC07D6F0ECEDCA,IS,1,No,,,,,1.0,Dry,,,No,,,,,,,,,,,,,,,,,,,,,,,,,,,,,,,,,,POINT (-76.929730342 39.018853392)
2987,Prince George's,Injury Crashes,MSP77640004,Maryland State Police,Front to Rear,Principal Arterial – Other,No,No,No,No,BALTIMORE AVE,1.0,UNITED STATE ROUTE,No,True,No,4/20/2024,4/20/2024,11,MSP,3,16,2,No,,Point,11:01,2024,Saturday,12,Motor Vehicle In Transport,5,On Roadway,3.0,,,,,,6.0,Non-Junction,39.018887267,1,Daylight,2024-04-20,-76.926337583,E,14.68,F,N,No,,,7D042E5F492C45FF85EA88169044BD8EA57EA4CF4C28519E62A2EC52D3F34EC6,US,1,No,,,,,1.0,Dry,,,No,,,,,,,,,,,,,,,,,,,,,,,,,,,,,,,,,,POINT (-76.92633758300001 39.018887267)
28450,Prince George's,Property Damage Crashes,MSP76810041,Maryland State Police,Front to Rear,Interstate,No,No,No,No,CAPITAL BELTWAY (SB/L),95.0,INTERSTATE ROUTE,No,True,No,1/30/2024,1/30/2024,16,MSP,3,16,3,No,,Point,16:02,2024,Tuesday,12,Motor Vehicle In Transport,5,On Roadway,1.0,,,,,,9.0,Through Roadway,39.018988383,1,Daylight,2024-01-30,-76.930587366,W,40.1,F,N,No,,,F6B076E35DFFFF32BD063765A7BFC126578E46206A066AD3AE2AD34675D75C50,IS,1,No,,,,,1.0,Dry,,,No,,,,,,,,,,,,,,,,,,,,,,,,,,,,,,,,,,POINT (-76.930587366 39.018988383)
32304,Prince George's,Property Damage Crashes,MSP75140063,Maryland State Police,Front to Rear,Principal Arterial – Other,No,No,No,No,BALTIMORE AVE (SB/L),1.0,UNITED STATE ROUTE,No,True,No,10/11/2024,10/11/2024,7,MSP,3,16,3,No,,Point,07:06,2024,Friday,12,Motor Vehicle In Transport,5,On Roadway,3.0,,,,,,6.0,Non-Junction,39.019014166,1,Daylight,2024-10-11,-76.92643,N,60.75,F,N,No,,,B3CE5DADB206512BB22ACE463F8B7358603F18FA5DF4F968C8B2D00F3CC12744,US,1,No,,,,,1.0,Dry,,,No,,,,,,,,,,,,,,,,,,,,,,,,,,,,,,,,,,POINT (-76.92643 39.019014166)
42481,Prince George's,Property Damage Crashes,MSP7577009M,Maryland State Police,"Sideswipe, Same Direction",Interstate,No,No,No,No,CAPITAL BELTWAY (SB/L),95.0,INTERSTATE ROUTE,No,True,No,4/13/2024,4/13/2024,22,MSP,7,16,3,No,,Point,22:27,2024,Saturday,12,Motor Vehicle In Transport,5,On Roadway,1.0,,,,,,9.0,Through Roadway,39.01903945,3,Dark - Lighted,2024-04-13,-76.930569333,S,25.17,F,N,No,,,F33295D214844D8EA191D998F2275627E74BEF5EDC1B9CE1E0DF41383C909CB2,IS,1,No,12.0,Motor Vehicle In Transport,5.0,On Roadway,1.0,Dry,,,No,,,,,,,,,,,,,,,,,,,,,,,,,,,,,,,,,,POINT (-76.93056933299999 39.01903945)
106875,Prince George's,Property Damage Crashes,MSP657700DH,Maryland State Police,Front to Rear,Principal Arterial – Other,No,No,No,No,BALTIMORE AVE,1.0,UNITED STATE ROUTE,No,True,No,12/9/2024,12/9/2024,19,MSP,3,16,3,No,,Point,19:00,2024,Monday,12,Motor Vehicle In Transport,5,On Roadway,3.0,,,,,,6.0,Non-Junction,39.019281667,3,Dark - Lighted,2024-12-09,-76.926101667,W,17.64,F,N,No,,,B0EA7AE8D4DF884018AA693E3791E82EC1333C034FBF623AE94413421D31966B,US,1,No,12.0,Motor Vehicle In Transport,5.0,On Roadway,1.0,Dry,,,No,,,,,,,,,,,,,,,,,,,,,,,,,,,,,,,,,,POINT (-76.926101667 39.019281667)
73803,Prince George's,Property Damage Crashes,MSP7764005H,Maryland State Police,Front to Rear,Principal Arterial – Other,No,No,No,No,BALTIMORE AVE,1.0,UNITED STATE ROUTE,No,True,No,11/14/2024,11/14/2024,17,MSP,3,16,3,No,,Point,17:26,2024,Thursday,12,Motor Vehicle In Transport,5,On Roadway,3.0,,,,,,6.0,Non-Junction,39.019488165,3,Dark - Lighted,2024-11-14,-76.926145558,S,15.75,F,N,No,,,C56FF9CDE54637797F7745F3EA3A4B16BDD727657563976829ABDA700B752E2A,US,1,No,,,,,9.0,Wet,,,No,,,,,,,,,,,,,,,,,,,,,,,,,,,,,,,,,,POINT (-76.926145558 39.019488165)
51933,Prince George's,Injury Crashes,MSP77780039,Maryland State Police,"Sideswipe, Same Direction",Principal Arterial – Other,No,No,No,No,BALTIMORE AVE,1.0,UNITED STATE ROUTE,No,True,No,8/3/2024,8/3/2024,11,MSP,7,16,2,No,,Point,11:24,2024,Saturday,12,Motor Vehicle In Transport,5,On Roadway,3.0,,,,,,9.0,Through Roadway,39.019509162,1,Daylight,2024-08-03,-76.926074409,N,19.62,F,N,No,,,628BE673B9F68CDBBE7089B300774DCD50BB3400BFC85256063A33D9FE6A0CCB,US,1,No,,,,,1.0,Dry,,,No,,,,,,,,,,,,,,,,,,,,,,,,,,,,,,,,,,POINT (-76.92607440899999 39.019509162)
83317,Prince George's,Property Damage Crashes,MSP743900GR,Maryland State Police,Angle,,No,No,No,No,,594.0,PRIVATE ROAD,No,True,No,6/15/2024,6/15/2024,16,MSP,1,16,3,No,4.0,Point,16:18,2024,Saturday,12,Motor Vehicle In Transport,5,On Roadway,,Perpendicular,,,BALTIMORE AVE (SB/L) RAMP 7 FR IS 95 WB TO US 1 SB,3.0,5.0,Intersection or Related,39.019605993,1,Daylight,2024-06-15,-76.926103605,N,0.0,F,N,No,,,6AA8E45F676E38C6F11692F4A7DCFFA00C0AD487DE02C9C38BB9EF0DF252A7C1,PV,1,No,,,,,1.0,Dry,1.0,Signalized,No,,,,,,,,,,,,,,,,,,,,,,,,,,,,,,,,,,POINT (-76.92610360499999 39.019605993)
11018,Prince George's,Property Damage Crashes,MSP757700DD,Maryland State Police,"Sideswipe, Same Direction",Interstate,No,No,No,No,RAMP 7 FR IS 95 WB TO US 1 SB,95.0,RAMP,No,True,No,9/3/2024,9/3/2024,9,MSP,7,16,3,Yes,,Point,09:47,2024,Tuesday,12,Motor Vehicle In Transport,5,On Roadway,1.0,,,,,,9.0,Through Roadway,39.01963272,1,Daylight,2024-09-03,-76.925819597,W,36.21,F,N,No,,,1E8906ABE720D9BCE8F111BA5F29F31AF5E6C58C3DEA5AA5AE406060103D651A,RP,1,No,97.0,Not Applicable,,,1.0,Dry,,,No,,,,,,,,,,,,,,,,,,,,,,,,,,,,,,,,,,POINT (-76.925819597 39.01963272)
29409,Prince George's,Property Damage Crashes,DA3495005N,Prince George's County Police,Front to Front,Principal Arterial – Other,No,No,No,No,BALTIMORE AVE,1.0,UNITED STATE ROUTE,No,True,No,9/23/2024,9/23/2024,16,PGCOPD,2,16,3,No,,Point,16:53,2024,Monday,12,Motor Vehicle In Transport,5,On Roadway,3.0,,,,RAMP 7 FR IS 95 WB TO US 1 SB,,4.0,Entrance/Exit Ramp or Related,39.019633383,1,Daylight,2024-09-23,-76.925978931,N,25.85,F,N,No,,,8F246E9D239A58A5E68C233141C81029FC2F34E67987F77B6BAD434819351A8E,US,1,No,,,,,1.0,Dry,,,No,,,,,,,,,,,,,,,,,,,,,,,,,,,,,,,,,,POINT (-76.925978931 39.019633383)
75130,Prince George's,Property Damage Crashes,MSP757700GC,Maryland State Police,Angle,Principal Arterial – Other,No,No,No,No,BALTIMORE AVE,1.0,UNITED STATE ROUTE,No,True,No,12/20/2024,12/20/2024,16,MSP,1,16,3,Yes,2.0,Point,16:43,2024,Friday,12,Motor Vehicle In Transport,5,On Roadway,3.0,Perpendicular,,,RAMP 7 FR IS 95 WB TO US 1 SB,3.0,5.0,Intersection or Related,39.019646166,1,Daylight,2024-12-20,-76.926016943,N,0.0,F,N,No,,,8F246E9D239A58A5E68C233141C81029FC2F34E67987F77B6BAD434819351A8E,US,1,No,12.0,Motor Vehicle In Transport,5.0,On Roadway,1.0,Dry,1.0,Signalized,No,,,,,,,,,,,,,,,,,,,,,,,,,,,,,,,,,,POINT (-76.92601694299999 39.019646166)
2045,Prince George's,Property Damage Crashes,MSP7419006B,Maryland State Police,"Sideswipe, Same Direction",Principal Arterial – Other,No,No,No,No,BALTIMORE AVE,1.0,UNITED STATE ROUTE,No,True,No,2/21/2024,2/21/2024,23,MSP,7,16,3,No,5.0,Point,23:48,2024,Wednesday,12,Motor Vehicle In Transport,5,On Roadway,3.0,Perpendicular,,,RAMP 7 FR IS 95 WB TO US 1 SB,3.0,5.0,Intersection or Related,39.019652453,3,Dark - Lighted,2024-02-21,-76.926121307,E,0.0,F,N,No,,,8F246E9D239A58A5E68C233141C81029FC2F34E67987F77B6BAD434819351A8E,US,1,No,12.0,Motor Vehicle In Transport,5.0,On Roadway,1.0,Dry,1.0,Signalized,No,,,,,,,,,,,,,,,,,,,,,,,,,,,,,,,,,,POINT (-76.926121307 39.019652453)
86413,Prince George's,Property Damage Crashes,MSP7419009G,Maryland State Police,Other,,No,No,No,No,,594.0,PRIVATE ROAD,No,True,No,9/19/2024,9/19/2024,11,MSP,98,16,3,No,4.0,Point,11:59,2024,Thursday,12,Motor Vehicle In Transport,5,On Roadway,,Perpendicular,,,BALTIMORE AVE (SB/L) RAMP 7 FR IS 95 WB TO US 1 SB,3.0,5.0,Intersection or Related,39.019664638,1,Daylight,2024-09-19,-76.926176131,N,0.0,F,N,No,,,6AA8E45F676E38C6F11692F4A7DCFFA00C0AD487DE02C9C38BB9EF0DF252A7C1,PV,1,No,27.0,Curb,9.0,Roadside,1.0,Dry,1.0,Signalized,No,,,,,,,,,,,,,,,,,,,,,,,,,,,,,,,,,,POINT (-76.92617613100001 39.019664638)
107312,Prince George's,Property Damage Crashes,MSP7778005P,Maryland State Police,Single Vehicle,Principal Arterial – Other,Yes,No,No,No,BALTIMORE AVE (SB/L),1.0,UNITED STATE ROUTE,No,True,No,11/4/2024,11/4/2024,2,MSP,101,16,3,No,2.0,Point,02:30,2024,Monday,41,Utility Pole/Light Support,9,Roadside,3.0,Perpendicular,,,RAMP 7 FR IS 95 WB TO US 1 SB,3.0,5.0,Intersection or Related,39.019679353,3,Dark - Lighted,2024-11-04,-76.926188993,N,0.0,F,N,No,,,0B5654123B77D2584F6ECC6D69E0BEA76383F463EAC2000ED6D31257B047D783,US,1,No,,,,,1.0,Dry,1.0,Signalized,No,,,,,,,,,,,,,,,,,,,,,,,,,,,,,,,,,,POINT (-76.926188993 39.019679353)
3495,Prince George's,Property Damage Crashes,DA3438001B,Prince George's County Police,Front to Rear,Principal Arterial – Other,No,No,No,No,BALTIMORE AVE (SB/L),1.0,UNITED STATE ROUTE,No,True,No,8/29/2024,8/29/2024,17,PGCOPD,3,16,3,No,,Point,17:23,2024,Thursday,12,Motor Vehicle In Transport,5,On Roadway,3.0,,,,,,6.0,Non-Junction,39.019765739,1,Daylight,2024-08-29,-76.926069961,S,36.33,F,N,No,,,A47B96E26E28CEEE9F9C8BCF794EF056CEDA9CD04708E993A305ABB377D55F19,US,1,No,97.0,Not Applicable,,,1.0,Dry,,,No,,,,,,,,,,,,,,,,,,,,,,,,,,,,,,,,,,POINT (-76.926069961 39.019765739)
105827,Prince George's,Property Damage Crashes,DA3713002D,Prince George's County Police,Single Vehicle,,No,No,No,No,,,,No,True,No,1/7/2024,1/7/2024,2,PGCOPD,101,16,3,,,Point,02:00,2024,Sunday,35,"Other Fixed Object (wall, building, tunnel, etc.)",2,In Parking Lane Or Zone,,,,,,,,,39.01980888,3,Dark - Lighted,2024-01-07,-76.929757531,,,F,N,Yes,102.0,Parking Lot Way,,,1,No,35.0,"Other Fixed Object (wall, building, tunnel, etc.)",2.0,In Parking Lane Or Zone,,,,,No,,,,,,,,,,,,,,,,,,,,,,,,,,,,,,,,,,POINT (-76.92975753100001 39.01980888)
60865,Prince George's,Property Damage Crashes,MSP7681006S,Maryland State Police,Single Vehicle,,Yes,No,No,No,,604.0,PRIVATE ROAD,No,True,No,7/5/2024,7/5/2024,3,MSP,101,16,3,No,,Point,03:22,2024,Friday,7,Overturn/Rollover,4,"Off-Roadway, Location Unknown",,,,,,,6.0,Non-Junction,39.019832609,3,Dark - Lighted,2024-07-05,-76.926583133,W,63.99,F,N,No,,,192D617C050E4CC7E34CC0494134435B3016D974AE828426A122423A0C75F60C,PV,1,No,,,,,1.0,Dry,,,No,,,,,,,,,,,,,,,,,,,,,,,,,,,,,,,,,,POINT (-76.92658313299999 39.019832609)
93867,Prince George's,Property Damage Crashes,MSP75140036,Maryland State Police,Rear To Side,Principal Arterial – Other,No,No,No,No,BALTIMORE AVE (SB/L),1.0,UNITED STATE ROUTE,No,True,No,1/31/2024,1/31/2024,6,MSP,5,16,3,No,,Point,06:50,2024,Wednesday,12,Motor Vehicle In Transport,5,On Roadway,3.0,,,,,,99.0,Unknown,39.019907969,1,Daylight,2024-01-31,-76.926084734,S,25.48,F,N,No,,,EF2CDB1C9087E260EC614D909DC08466BD7EA3D629D428C4150A32FB6CE27DDD,US,1,No,12.0,Motor Vehicle In Transport,5.0,On Roadway,1.0,Dry,,,No,,,,,,,,,,,,,,,,,,,,,,,,,,,,,,,,,,POINT (-76.926084734 39.019907969)
61137,Prince George's,Property Damage Crashes,DA4340002J,Prince George's County Police,Single Vehicle,Principal Arterial – Other,No,No,No,No,BALTIMORE AVE,1.0,UNITED STATE ROUTE,No,True,No,4/27/2024,4/27/2024,20,PGCOPD,101,16,3,No,,Point,20:20,2024,Saturday,35,"Other Fixed Object (wall, building, tunnel, etc.)",99,Unknown,3.0,,,,,,99.0,Unknown,39.020312451,5,Dark - Unknown Lighting,2024-04-27,-76.925713913,W,36.11,F,N,No,,,3433DA959D1D6354F254FC08A8E658B27A66B4F2245BF5A72E879361D95CBB6C,US,1,No,,,,,1.0,Dry,,,No,,,,,,,,,,,,,,,,,,,,,,,,,,,,,,,,,,POINT (-76.925713913 39.020312451)
6370,Prince George's,Injury Crashes,DA39650088,Prince George's County Police,Front to Rear,Principal Arterial – Other,No,No,No,No,BALTIMORE AVE (SB/L),1.0,UNITED STATE ROUTE,No,True,No,7/2/2024,7/2/2024,16,PGCOPD,3,16,2,Yes,,Point,16:56,2024,Tuesday,12,Motor Vehicle In Transport,5,On Roadway,3.0,,,,,,99.0,Unknown,39.020395605,1,Daylight,2024-07-02,-76.926343718,N,638.59,F,N,No,,,B719D4C53176E78B5B1596FDBA8FDC0403B8F5B6B63734B33A68ED12E121D10A,US,1,No,,,,,1.0,Dry,,,No,,,,,,,,,,,,,,,,,,,,,,,,,,,,,,,,,,POINT (-76.926343718 39.020395605)
23573,Prince George's,Injury Crashes,DA4304005B,Prince George's County Police,Single Vehicle,,No,No,No,Yes,,,,No,True,No,10/21/2024,10/21/2024,12,PGCOPD,101,16,2,,,Point,12:34,2024,Monday,17,Pedestrian,2,In Parking Lane Or Zone,,,,,,,,,39.02083615,1,Daylight,2024-10-21,-76.927400789,,,F,N,Yes,102.0,Parking Lot Way,,,1,No,,,,,,,,,No,,,,,,,Pedestrian,1e146e97-b388-45f0-9077-e79b475ad44a,DA4304005B,101.0,Cross/Enter Not at Intersection,46.0,WHITE PLAINS,3.0,Right,99.0,Unknown,99.0,Unknown,M,1.0,No,4.0,Possible Injury,98.0,Other,99.0,Unknown,MD,140d0513-623e-4d75-a405-1de7849cdf24,6.0,N,20695,POINT (-76.927400789 39.02083615)
13761,Prince George's,Property Damage Crashes,DA41930073,Prince George's County Police,Rear To Side,,No,No,No,No,,1291.0,COUNTY ROAD,No,True,No,3/3/2024,3/3/2024,15,PGCOPD,5,16,3,Yes,3.0,Point,15:14,2024,Sunday,12,Motor Vehicle In Transport,5,On Roadway,,Perpendicular,,,PADUCAH RD RHODE ISLAND AVE RHODE ISLAND AVE (NB/L),3.0,5.0,Intersection or Related,39.020843992,1,Daylight,2024-03-03,-76.919227893,W,0.0,F,N,No,,,1343770EC3F26D94BC55223C4CCFB178459469B55682C9BD29749AB1D1C9B6F9,CO,1,No,27.0,Curb,9.0,Roadside,1.0,Dry,2.0,Stop - All Way,No,,,,,,,,,,,,,,,,,,,,,,,,,,,,,,,,,,POINT (-76.919227893 39.020843992)
58959,Prince George's,Property Damage Crashes,MSP697200DV,Maryland State Police,Front to Rear,,No,Yes,No,No,IKEA CENTER BLVD,1787.0,PRIVATE ROAD,No,True,No,10/7/2024,10/7/2024,14,MSP,3,16,3,No,4.0,Point,14:52,2024,Monday,12,Motor Vehicle In Transport,5,On Roadway,,Perpendicular,,,BALTIMORE AVE (SB/L),3.0,5.0,Intersection or Related,39.021535301,1,Daylight,2024-10-07,-76.925082914,N,0.0,F,N,No,,,E21A6EC1BDC3C7539EC00B04458680746DCD56EB8DC8C369D984CB927D86C2C0,PV,1,No,,,,,1.0,Dry,1.0,Signalized,No,,,,,,,,,,,,,,,,,,,,,,,,,,,,,,,,,,POINT (-76.925082914 39.021535301)
14973,Prince George's,Injury Crashes,DA4069008H,Prince George's County Police,Single Vehicle,,No,No,No,Yes,IKEA CENTER BLVD,1787.0,PRIVATE ROAD,No,True,No,1/25/2024,1/25/2024,17,PGCOPD,101,16,2,Yes,,Point,17:34,2024,Thursday,17,Pedestrian,5,On Roadway,,,,,,,99.0,Unknown,39.021621123,3,Dark - Lighted,2024-01-25,-76.925283686,N,26.43,F,N,No,,,55BE07F0BB80172492A3142C099320802AB024CCC781D53B4B77347B9E5385DE,PV,1,No,,,,,9.0,Wet,,,No,,,,,,,Pedestrian,c4ddb672-77ef-46d4-875c-524d56eb7f40,DA4069008H,100.0,Cross/Enter at Intersection,22.0,SILVER SPRING,6.0,Rear,0.0,Not Distracted,,,F,4.0,Police,4.0,Possible Injury,1.0,Intersection – Marked Crosswalk,97.0,Not Applicable,MD,f426abb4-b913-4829-b32e-51e6bcfeedd7,6.0,N,20902,POINT (-76.925283686 39.021621123)
89129,Prince George's,Property Damage Crashes,DA41930079,Prince George's County Police,Single Vehicle,,No,No,No,No,,,,No,True,No,7/29/2024,7/29/2024,21,PGCOPD,101,16,3,,,Point,21:18,2024,Monday,37,Other Traffic Barrier,4,"Off-Roadway, Location Unknown",,,,,,,,,39.021664717,3,Dark - Lighted,2024-07-29,-76.929287524,,,F,N,Yes,102.0,Parking Lot Way,,,1,No,,,,,,,,,No,,,,,,,,,,,,,,,,,,,,,,,,,,,,,,,,,,POINT (-76.929287524 39.021664717)
75486,Prince George's,Property Damage Crashes,DA40690098,Prince George's County Police,Front to Front,,No,No,No,No,,,,No,True,No,7/23/2024,7/23/2024,12,PGCOPD,2,16,3,,,Point,12:19,2024,Tuesday,12,Motor Vehicle In Transport,5,On Roadway,,,,,,,,,39.022238723,1,Daylight,2024-07-23,-76.925896861,,,F,N,Yes,102.0,Parking Lot Way,,,1,No,,,,,,,,,No,,,,,,,,,,,,,,,,,,,,,,,,,,,,,,,,,,POINT (-76.925896861 39.022238723)
22930,Prince George's,Property Damage Crashes,DA306200DG,Prince George's County Police,Other,,No,No,No,No,,,,No,True,No,12/7/2024,12/7/2024,21,PGCOPD,98,16,3,,,Point,21:00,2024,Saturday,12,Motor Vehicle In Transport,2,In Parking Lane Or Zone,,,,,,,,,39.022815126,3,Dark - Lighted,2024-12-07,-76.925708599,,,F,N,Yes,101.0,Parking Aisle,,,1,No,,,,,,,,,No,,,,,,,,,,,,,,,,,,,,,,,,,,,,,,,,,,POINT (-76.925708599 39.022815126)
70137,Prince George's,Property Damage Crashes,DA4060005Y,Prince George's County Police,Front to Rear,,No,No,No,No,,1814.0,PRIVATE ROAD,No,True,No,6/13/2024,6/13/2024,19,PGCOPD,3,16,3,No,,Point,19:55,2024,Thursday,12,Motor Vehicle In Transport,5,On Roadway,,,,,,,6.0,Non-Junction,39.022961434,1,Daylight,2024-06-13,-76.925960248,N,24.51,F,N,No,,,259A6C53FC7DB1FAB743FDFEDDCCD54B96AC1737B9BE0F481A3E61748D08A35C,PV,1,No,,,,,1.0,Dry,,,No,,,,,,,,,,,,,,,,,,,,,,,,,,,,,,,,,,POINT (-76.925960248 39.022961434)
52352,Prince George's,Property Damage Crashes,MSP7865000M,Maryland State Police,Front to Rear,,No,No,No,No,,1833.0,PRIVATE ROAD,No,True,No,12/20/2024,12/20/2024,19,MSP,3,16,3,No,,Point,19:34,2024,Friday,12,Motor Vehicle In Transport,5,On Roadway,,,,,,,6.0,Non-Junction,39.023174078,3,Dark - Lighted,2024-12-20,-76.924923959,N,10.9,F,N,No,,,F417F4524D789507B19B189A9E50F414B0B4AEEF4C485283F6F999EC0D03F47A,PV,1,No,,,,,1.0,Dry,,,No,,,,,,,,,,,,,,,,,,,,,,,,,,,,,,,,,,POINT (-76.924923959 39.023174078)
